LLAVE,AÑO,FECHA_INCIDENTE,HORA_INCIDENTE,CLASE_INCIDENTE,GRAVEDAD_INCIDENTE,DIRECCION_INTERPOLADA,Latitud,Longitud,Codigo Comuna Planeacion,Comuna Planeacion,Codigo Barrio Planeacion,Barrio Planeacion
668065,2024,2024-04-17,13:00,Volcamiento,HERIDO,Carrera 10 Con Calle 10,6.23740101,-75.53516366,8,Villa Hermosa,814,San Antonio
587215,2021,2021-10-03,18:15,Otro,HERIDO,CALLE 47 CON CARRERA 43,6.24444787,-75.56424092,10,La Candelaria,1013,Barrio Colón
597847,2021,2021-12-30,19:10,Choque,SOLO DAÑOS,CALLE 17 CON CARRERA 43 F,6.21811258,-75.57201014,14,El Poblado,1403,Villa Carlota
549174,2020,2020-10-13,17:50,Choque,SOLO DAÑOS,CALLE 2 CON CARRERA 55,6.20964419,-75.58654451,15,Guayabal,1509,Cristo Rey
494972,2019,2019-05-16,18:20,Choque,SOLO DAÑOS,CALLE 71 CON CARRERA 65,6.2696323,-75.57618452,5,Castilla,0519,B. Cerro  El Volador
512254,2019,2019-09-26,08:40,Choque,HERIDO,CALLE 67 CON CARRERA 42,6.26275635,-75.55274286,3,Manrique,0308,Manrique Oriental
673600,2024,2024-07-17,02:20,Otro,HERIDO,Carrera 65 Con Calle 30,6.23193333,-75.58282281,16,Belén,1601,Fátima
607507,2022,2022-03-26,12:30,Choque,SOLO DAÑOS,Calle 44 Con Carrera 61,6.24740145,-75.57839634,10,La Candelaria,1008,Corazón de Jesús
667444,2024,2024-04-07,10:00,Otro,HERIDO,Calle 30 Con Carrera 78,6.2313019,-75.59816969,16,Belén,1603,Belén
574130,2021,2021-06-19,17:00,Choque,SOLO DAÑOS,CALLE 7 CON CARRERA 52,6.21264231,-75.58330428,15,Guayabal,1507,Campo Amor
510918,2019,2019-09-17,10:15,Choque,SOLO DAÑOS,CARRERA 74 A CON CIRCULAR 5,6.24522827,-75.59724951,11,Laureles Estadio,1108,Laureles
572228,2021,2021-06-03,13:00,Choque,HERIDO,CALLE 1 CON CARRERA 43 A,6.20352206,-75.57165981,14,El Poblado,1417,La Florida
542588,2020,2020-07-28,19:00,Choque,HERIDO,CALLE 30 A CON CARRERA 65,6.23328533,-75.58272636,16,Belén,1601,Fátima
507504,2019,2019-08-23,16:30,Choque,SOLO DAÑOS,CALLE 10 CON CARRERA 43 B,6.21085248,-75.5711475,14,El Poblado,1420,Astorga
644328,2023,2023-05-01,16:00,Otro,HERIDO,Calle 117 Con Carrera 64 B,6.31023712,-75.56382128,5,Castilla,0503,Florencia
483828,2019,2019-02-09,22:20,Choque,HERIDO,CALLE 54 A CON CARRERA 80,6.26887567,-75.59550954,12,La América,1201,Ferrini
635145,2022,2022-12-06,09:16,Choque,MUERTO,Calle 67 Con Carrera 65,6.26810929,-75.57680893,7,Robledo,Inst_7,B. Cerro  El Volador
656366,2023,2023-10-15,14:15,Choque,HERIDO,Calle 104 A Con Carrera 76,6.30309244,-75.57436036,6,Doce de Octubre,0604,Pedregal
539257,2020,2020-06-12,13:05,Choque,SOLO DAÑOS,CALLE 58 CON CARRERA 63,6.26129925,-75.57404871,7,Robledo,Inst_8,Universidad Nacional
592988,2021,2021-11-20,20:49,Choque,HERIDO,CALLE 17 A CON CARRERA 49,6.22119876,-75.57530625,14,El Poblado,1403,Villa Carlota
621118,2022,2022-07-21,16:30,Choque,HERIDO,Calle 78 Con Carrera 64 C,6.27699394,-75.57266359,5,Castilla,Inst_4,Terminal de Transporte
511889,2019,2019-09-23,17:30,Choque,SOLO DAÑOS,CALLE 68 B CON CARRERA 87,6.27887393,-75.59443583,7,Robledo,0716,Palenque
589726,2021,2021-10-23,16:45,Otro,HERIDO,CALLE 44 CON CARRERA 46,6.24508944,-75.56771748,10,La Candelaria,1013,Barrio Colón
608157,2022,2022-04-01,00:40,Choque,HERIDO,Calle 95 A Con Carrera 55,6.28847751,-75.56417248,4,Aranjuez,0403,Palermo
512722,2019,2019-09-29,12:15,Choque,HERIDO,CALLE 30 CON CARRERA 50,6.23187753,-75.57442721,10,La Candelaria,1012,Perpetuo Socorro
532462,2020,2020-02-24,17:55,Choque,SOLO DAÑOS,CALLE 45 CON CARRERA 46,6.24491657,-75.56766781,10,La Candelaria,1013,Barrio Colón
636204,2022,2022-12-22,11:55,Atropello,HERIDO,Calle 38 Con Carrera 51,6.23912525,-75.57300053,10,La Candelaria,1011,Calle Nueva
634551,2022,2022-11-28,00:05,Otro,HERIDO,Calle 92 Con Carrera 40,6.28336348,-75.54916525,3,Manrique,0301,La Salle
584377,2021,2021-09-11,21:45,Choque,HERIDO,CALLE 92 CON CARRERA 52,6.28354317,-75.56308773,4,Aranjuez,0403,Palermo
674809,2024,2024-08-05,04:30,Otro,HERIDO,CR 144 067 070,,,60,Corregimiento de San Cristóbal,,
625973,2022,2022-08-28,19:40,Atropello,HERIDO,Calle 48 Con Carrera 102,6.26282379,-75.61596105,60,Corregimiento de San Cristóbal,6014,La Loma Oriental
552795,2020,2020-11-20,10:56,Choque,SOLO DAÑOS,CALLE 48 CC CON CARRERA 103 B,6.26198632,-75.62021951,13,San Javier,1318,Antonio Nariño
523959,2019,2019-12-19,17:25,Choque,SOLO DAÑOS,CALLE 25 CON CARRERA 50,6.22538614,-75.57675499,15,Guayabal,1504,Santa Fé
607363,2022,2022-03-25,09:00,Otro,HERIDO,Calle 29 D Con Carrera 65,6.23104125,-75.58268779,15,Guayabal,1502,Tenche
611679,2022,2022-05-01,10:20,Atropello,HERIDO,Calle 44 Con Carrera 94,6.25422209,-75.610772,12,La América,1208,Campo Alegre
634737,2022,2022-11-30,17:45,Atropello,HERIDO,Calle 55 B Con Carrera 25 B,6.24410909,-75.54710353,8,Villa Hermosa,0810,El Pinal
570848,2021,2021-05-22,19:00,Choque,HERIDO,CALLE 104 CON CARRERA 48,6.29421264,-75.55362371,2,Santa Cruz,0207,Villa del Socorro
634107,2022,2022-11-21,05:20,Atropello,HERIDO,Calle 82 Con Carrera 52,6.27634633,-75.56422233,4,Aranjuez,0405,Moravia
702249,2025,2025-08-28,19:30,Otro,HERIDO,Calle 45 Con Carrera 80,,,N/D,N/D,,
515036,2019,2019-10-16,12:20,Caida Ocupante,HERIDO,CALLE 34 CON CARRERA 66 AA,6.23985619,-75.58811678,11,Laureles Estadio,1105,Los Conquistadores
529400,2020,2020-02-02,21:00,Choque,HERIDO,CALLE 53 CON CARRERA 80,6.26685682,-75.59588746,11,Laureles Estadio,1114,Los Colores
486069,2019,2019-02-28,06:40,Caida Ocupante,HERIDO,CALLE 80 CON CARRERA 65,6.27633391,-75.57345587,5,Castilla,Inst_3,Cementerio Universal
677204,2024,2024-09-10,12:20,Choque,HERIDO,CR 062 078,,,4,Aranjuez,,
573927,2021,2021-06-18,05:00,Otro,HERIDO,CALLE 47 CON CARRERA 2 BB,6.22804468,-75.53269415,90,Corregimiento de Santa Elena,9001,Media Luna
603898,2022,2022-02-25,11:40,Choque,SOLO DAÑOS,Calle 43 Con Carrera 84,6.24985235,-75.60479918,12,La América,1204,La América
488968,2019,2019-03-25,18:30,Choque,SOLO DAÑOS,CALLE 121 CON CARRERA 64 C,6.31169778,-75.55671056,5,Castilla,-,0
669900,2024,2024-05-16,06:30,Otro,HERIDO,CL 106 B,6.30864149,-75.58469656,6,Doce de Octubre,612,El Triunfo
574507,2021,2021-06-22,17:00,Choque,SOLO DAÑOS,CALLE 4 SUR CON CARRERA 29 A,6.19500125,-75.56185487,14,El Poblado,1410,Los Naranjos
684682,2025,2025-01-18,18:30,Choque,HERIDO,Calle 94 Con Carrera 50 C,6.28597318,-75.55967436,4,Aranjuez,402,San Isidro
649243,2023,2023-07-05,02:56,Choque,MUERTO,Calle 78 Con Carrera 53,6.27309251,-75.56527461,4,Aranjuez,0405,Moravia
573146,2021,2021-06-11,12:30,Choque,HERIDO,CALLE 31 CON CARRERA 43,6.23128063,-75.56880383,10,La Candelaria,1020,San Diego
644098,2023,2023-04-28,15:45,Choque,HERIDO,Calle 61 Con Carrera 46,6.25650096,-75.56028554,8,Villa Hermosa,0803,Prado
601335,2022,2022-02-04,23:15,Choque,SOLO DAÑOS,Calle 80 Con Carrera 85 A,6.28512234,-75.58507745,7,Robledo,0711,El Diamante
521637,2019,2019-12-04,09:00,Choque,SOLO DAÑOS,CALLE 16 CON CARRERA 30,6.21507092,-75.56090467,14,El Poblado,1406,Las Lomas No.1
592289,2021,2021-11-15,09:30,Choque,SOLO DAÑOS,CALLE 54 CON CARRERA 125,6.27111516,-75.63068629,60,Corregimiento de San Cristóbal,6014,Suburbano La Loma
551213,2020,2020-11-03,18:20,Caida Ocupante,HERIDO,CALLE 79 CON CARRERA 55,6.274192,-75.56621409,4,Aranjuez,0405,Moravia
544970,2020,2020-08-30,20:00,Volcamiento,HERIDO,CALLE 39 CON CARRERA 118,6.24975115,-75.6291633,13,San Javier,1315,Nuevos Conquistadores
534103,2020,2020-03-07,17:00,Atropello,HERIDO,CALLE 115 CON CARRERA 32,,,1,Popular,,
621708,2022,2022-07-26,14:10,Choque,SOLO DAÑOS,Calle 7 Con Carrera 58,6.21381401,-75.58540692,15,Guayabal,1507,Campo Amor
698092,2025,2025-07-11,07:54,Choque,HERIDO,Calle 16 A Con Carrera 35,6.18581214,-75.57161119,14,El Poblado,1413,El Diamante No.2
519490,2019,2019-11-17,17:00,Otro,HERIDO,CALLE 58 CON CARRERA 63,6.2611776,-75.57398219,7,Robledo,Inst_8,Universidad Nacional
659096,2023,2023-11-23,00:08,Otro,HERIDO,Calle 75 Con Carrera 64 C,6.27324457,-75.5731657,5,Castilla,0517,Caribe
631424,2022,2022-10-14,16:00,Otro,HERIDO,Calle 22 Con Carrera 52,6.22327967,-75.57909905,15,Guayabal,1504,Santa Fé
533492,2020,2020-03-03,11:50,Atropello,HERIDO,CALLE 51 CON CARRERA 57,6.25308088,-75.57504081,10,La Candelaria,1006,Corazón de Jesús
550395,2020,2020-10-26,08:40,Choque,SOLO DAÑOS,CALLE 49 CON CARRERA 35,6.24273525,-75.55648367,9,Buenos Aires,0907,Buenos Aires
552230,2020,2020-11-13,22:00,Choque,HERIDO,CALLE 63 CON CARRERA 91,6.27809649,-75.60111409,7,Robledo,0719,Cucaracho
521923,2019,2019-12-05,18:45,Choque,SOLO DAÑOS,CALLE 2 CON CARRERA 50 F,6.20636421,-75.58238948,15,Guayabal,1509,Cristo Rey
507966,2019,2019-08-27,11:30,Choque,HERIDO,CALLE 32 CON DIAGONAL 74,6.23887243,-75.59044285,16,Belén,1620,El Nogal-Los Almendros
615270,2022,2022-05-31,21:40,Volcamiento,HERIDO,Calle 16  Sur Con Carrera 49,,,14,El Poblado,,
691382,2025,2025-04-16,17:18,Choque,HERIDO,Calle 29 AA Con Carrera 52,6.1626796,-75.6265956,N/D,N/D,Sin inf,Sin inf
582869,2021,2021-08-30,15:40,Choque,HERIDO,CALLE 93 CON CARRERA 64 C,6.28720688,-75.56982048,5,Castilla,Inst_2,Oleoducto
584406,2021,2021-09-12,05:15,Atropello,HERIDO,CALLE 58 CON CARRERA 64,6.2611776,-75.57398219,7,Robledo,Inst_8,Universidad Nacional
518529,2019,2019-11-10,01:30,Choque,HERIDO,CALLE 94 CON CARRERA 65,6.28848726,-75.56957285,5,Castilla,0511,Castilla
649618,2023,2023-07-10,15:40,Choque,HERIDO,Calle 50 Con Carrera 46,6.24828804,-75.56510766,10,La Candelaria,1019,La Candelaria
628823,2022,2022-09-19,10:20,Choque,SOLO DAÑOS,Calle 8 Con Carrera 65,,,15,Guayabal,,
504338,2019,2019-08-01,19:40,Choque,SOLO DAÑOS,CALLE 8 CON CARRERA 43 B,6.20933629,-75.57172769,14,El Poblado,1420,Astorga
551583,2020,2020-11-07,11:30,Choque,HERIDO,CALLE 97 CON CARRERA 64 C,6.29217976,-75.56826986,5,Castilla,0510,Tricentenario
483650,2019,2019-02-08,12:40,Choque,SOLO DAÑOS,CALLE 12 CON CARRERA 50 E,,,16,Belén,Sin inf,Sin inf
574015,2021,2021-06-18,17:30,Caida Ocupante,HERIDO,CALLE 45 CON CARRERA 10,6.22827155,-75.54235988,9,Buenos Aires,0903,Bomboná No. 2
563996,2021,2021-03-09,14:11,Choque,SOLO DAÑOS,CALLE 3 CON CARRERA 48,,,14,El Poblado,,
490851,2019,2019-04-10,13:20,Choque,HERIDO,CALLE 106 C CON CARRERA 82 A,6.30799512,-75.57992169,6,Doce de Octubre,0602,Doce de Octubre No.1
496890,2019,2019-06-02,12:00,Choque,SOLO DAÑOS,CALLE 2 SUR CON CARRERA 50 G,6.20558686,-75.58344871,15,Guayabal,1509,Cristo Rey
489974,2019,2019-04-03,18:07,Atropello,HERIDO,CALLE 67 CON CARRERA 80,,,7,Robledo,Sin inf,Sin inf
545117,2020,2020-09-01,11:30,Otro,HERIDO,CALLE 89 CON CARRERA 46,6.2818749,-75.55376776,4,Aranjuez,0412,La Piñuela
633111,2022,2022-11-06,01:30,Choque,HERIDO,Calle 92 Con Carrera 49,6.28328135,-75.5561159,4,Aranjuez,0412,La Piñuela
508376,2019,2019-08-30,10:30,Choque,SOLO DAÑOS,CALLE 67 CON CARRERA 64 C,6.26572662,-75.57502301,5,Castilla,0517,Caribe
490979,2019,2019-04-11,13:10,Choque,SOLO DAÑOS,CALLE 109 CON CARRERA 74,6.30725609,-75.57029012,5,Castilla,0504,Tejelo
510337,2019,2019-09-13,05:45,Volcamiento,HERIDO,CALLE 10 CON CARRERA 43 E,6.21172894,-75.57339825,14,El Poblado,1419,Manila
697097,2025,2025-06-28,20:20,Choque,HERIDO,Calle 101 Con Carrera 65,6.29635441,-75.56766118,5,Castilla,509,Girardot
675291,2024,2024-08-12,09:43,Choque,HERIDO,Carrera 46 Con Calle 61,6.25650096,-75.56028553,8,Villa Hermosa,803,San Miguel
500967,2019,2019-07-07,17:00,Choque,SOLO DAÑOS,CALLE 9 SUR CON CARRERA 43 A,6.19503214,-75.57593858,14,El Poblado,1422,La Aguacatala
657531,2023,2023-10-31,07:50,Volcamiento,HERIDO,Calle 89 Con Carrera 50 C,6.28131086,-75.5595752,4,Aranjuez,0413,Aranjuez
680626,2024,2024-11-02,16:35,Atropello,HERIDO,CL 026 072,6.22736882,-75.59305028,16,Belén,1605,San Bernardo
554873,2020,2020-12-08,13:50,Choque,SOLO DAÑOS,CALLE 49 A CON CARRERA 63,6.25337651,-75.57847201,11,Laureles Estadio,1102,Suramericana
537698,2020,2020-05-19,18:30,Choque,SOLO DAÑOS,CALLE 45 CON CARRERA 36,6.24035635,-75.55859435,9,Buenos Aires,0911,Gerona
538925,2020,2020-06-08,09:30,Choque,HERIDO,CALLE 58 CON CARRERA 57,6.26035459,-75.57318834,10,La Candelaria,1004,El Chagualo
503597,2019,2019-07-27,08:00,Choque,SOLO DAÑOS,CALLE 47 CON CARRERA 33,6.24018134,-75.55591422,9,Buenos Aires,0907,Buenos Aires
678366,2024,2024-09-28,17:30,Choque,HERIDO,CL 062 D 109 A,,,60,Corregimiento de San Cristóbal,,
677024,2024,2024-09-07,10:00,Otro,HERIDO,Calle 63 Con Carrera 92 B,6.27874763,-75.60496738,7,Robledo,719,Fuente Clara
568350,2021,2021-04-27,05:50,Choque,HERIDO,CALLE 119 CON CARRERA 65,6.31114883,-75.5637752,5,Castilla,0503,Florencia
612705,2022,2022-05-09,17:30,Choque,SOLO DAÑOS,Calle 97 Con Carrera 67,6.29209759,-75.57096498,5,Castilla,0511,Castilla
685195,2025,2025-01-26,18:20,Otro,HERIDO,Calle 55 Con Carrera 65,6.25866798,-75.5801418,11,Laureles Estadio,1101,Carlos E. Restrepo
693677,2025,2025-05-16,17:00,Otro,HERIDO,Calle 48 B Con Carrera 80,6.26003225,-75.59751769,12,La América,1202,Calasanz
508863,2019,2019-09-03,05:30,Choque,HERIDO,CALLE 95 CON CARRERA 64 C,6.28843415,-75.56943439,5,Castilla,0510,Tricentenario
552151,2020,2020-11-13,08:40,Choque,HERIDO,CALLE 51 A CON CARRERA 51 A,6.29038366,-75.56126332,4,Aranjuez,0402,La Rosa
520476,2019,2019-11-24,16:39,Choque,HERIDO,CALLE 1 CON CARRERA 9,,,60,Corregimiento de San Cristóbal,Sin inf,Sin inf
701904,2025,2025-08-24,17:10,Otro,HERIDO,Calle 9 Con Carrera 15,,,N/D,N/D,,
688167,2025,2025-03-06,21:39,Choque,HERIDO,Calle 58 Con Carrera 62,6.26047672,-75.57328816,10,La Candelaria,1004,El Chagualo
613352,2022,2022-05-15,01:00,Choque,SOLO DAÑOS,Calle 63 B Con Carrera 117 F,6.28019342,-75.62248945,60,Corregimiento de San Cristóbal,6098,Área de Expansión Pajarito
504832,2019,2019-08-05,04:15,Choque,HERIDO,CALLE 31 CON CARRERA 46,6.23244354,-75.57308025,10,La Candelaria,1012,Perpetuo Socorro
681868,2024,2024-11-24,10:10,Choque,HERIDO,CL 052 A 079 A,6.26567694,-75.59560933,11,Laureles Estadio,1114,Los Colores
669096,2024,2024-05-03,19:30,Otro,HERIDO,Calle 80 Con Carrera 65,6.27633391,-75.57345587,5,Castilla,Inst_3,Cementerio Universal
564246,2021,2021-03-11,21:00,Choque,SOLO DAÑOS,CALLE 26 CON CARRERA 38,6.22464718,-75.56524268,9,Buenos Aires,0915,Asomadera No. 2
514056,2019,2019-10-09,00:20,Volcamiento,HERIDO,CALLE 75 CON CARRERA 34,6.2680856,-75.54621367,3,Manrique,0305,El Raizal
697258,2025,2025-07-01,04:00,Otro,HERIDO,Calle 38 Con Carrera 86 A,6.24766691,-75.60865851,12,La América,1210,Barrio Cristóbal
500160,2019,2019-06-30,08:00,Caida Ocupante,HERIDO,CALLE 67 CON CARRERA 65,6.26810929,-75.57680893,7,Robledo,Inst_7,B. Cerro  El Volador
644785,2023,2023-05-07,20:00,Otro,HERIDO,Calle 76 Con Carrera 91,6.28392333,-75.59520828,7,Robledo,0713,Aures No.1
590132,2021,2021-10-27,05:50,Choque,SOLO DAÑOS,CALLE 1 CON DIAGONAL 75 B,6.21098402,-75.59506651,15,Guayabal,Inst_20,La mota
538370,2020,2020-05-30,11:00,Otro,HERIDO,CALLE 8 SUR CON CARRERA 35,6.19355685,-75.56990472,14,El Poblado,1415,Los Balsos No.2
553627,2020,2020-11-27,19:04,Volcamiento,HERIDO,CALLE 48 A CON CARRERA 70,6.25403913,-75.58842794,11,Laureles Estadio,Inst_14,U.D. Atanasio Girardot
483367,2019,2019-02-06,09:00,Atropello,HERIDO,CALLE 39 CON CARRERA 118,6.24975115,-75.6291633,13,San Javier,1315,Nuevos Conquistadores
665681,2024,2024-03-11,02:00,Otro,HERIDO,Calle 130 Con Carrera 210,6.33987159,-75.69588787,50,Corregimiento de San Sebastián de Palmitas,5007,Palmitas Sector Central
580727,2021,2021-08-12,13:50,Choque,SOLO DAÑOS,CALLE 53 CON CARRERA 63,6.25562766,-75.57683855,11,Laureles Estadio,1101,Carlos E. Restrepo
518597,2019,2019-11-10,17:00,Otro,HERIDO,CALLE 32 CON CARRERA 54,6.23541426,-75.57531606,10,La Candelaria,1012,Perpetuo Socorro
486912,2019,2019-03-07,08:00,Choque,HERIDO,CALLE 75 CON CARRERA 64,6.2742099,-75.57068522,5,Castilla,0517,Terminal de Transporte
656680,2023,2023-10-20,06:00,Otro,HERIDO,Calle 92 Con Carrera 83,6.29020852,-75.58476304,6,Doce de Octubre,0607,Kennedy
621403,2022,2022-07-23,20:12,Choque,SOLO DAÑOS,Calle 30 Con Carrera 80,6.23123883,-75.60064487,16,Belén,1603,Belén
656613,2023,2023-10-19,06:10,Otro,HERIDO,Calle 44 Con Carrera 46,6.24381107,-75.56859494,10,La Candelaria,1013,Barrio Colón
617384,2022,2022-06-18,20:00,Choque,HERIDO,Calle 44 Con Carrera 96,6.25555685,-75.61330456,12,La América,1208,San Javier No.1
666012,2024,2024-03-15,14:30,Otro,HERIDO,Carrera 65 Con Calle 51,6.25657754,-75.58075999,11,Laureles Estadio,1101,Carlos E. Restrepo
480767,2019,2019-01-14,14:00,Choque,SOLO DAÑOS,CALLE 37 CON CARRERA 63 B,6.24189066,-75.57988541,11,Laureles Estadio,1105,Los Conquistadores
604247,2022,2022-02-28,06:30,Otro,HERIDO,Calle 10 A Con Carrera 43 B,6.21162295,-75.57086284,14,El Poblado,1419,Manila
585904,2021,2021-09-23,11:56,Choque,SOLO DAÑOS,CALLE 7 A SUR CON CARRERA 38,6.19645543,-75.57032781,14,El Poblado,1415,Los Balsos No.2
500746,2019,2019-07-05,15:30,Choque,SOLO DAÑOS,CALLE 57 CON CARRERA 63,6.25926259,-75.57506931,11,Laureles Estadio,1101,Carlos E. Restrepo
698870,2025,2025-07-20,19:00,Otro,HERIDO,Calle 107 FA Con Carrera 27 B,6.2967222,-75.53562456,90,Corregimiento de Santa Elena,9003,Piedras Blancas - Matasano
688768,2025,2025-03-14,12:40,Choque,HERIDO,Calle 67 Con Carrera 65,6.26810929,-75.57680893,7,Robledo,Inst_7,Ecoparque Cerro El Volador
564470,2021,2021-03-14,01:00,Choque,HERIDO,CALLE 41 CON CARRERA 46,6.24106129,-75.56956069,10,La Candelaria,1013,Barrio Colón
499920,2019,2019-06-27,21:00,Choque,HERIDO,CALLE 107 B CON CARRERA 33,6.2953241,-75.54316152,1,Popular,0101,Santo Domingo Savio No. 1
616320,2022,2022-06-10,04:20,Otro,HERIDO,Calle 18 Con Carrera 100,6.22342647,-75.62248492,70,Corregimiento de Altavista,7006,Altavista Sector Central
667865,2024,2024-04-14,02:10,Atropello,HERIDO,Carrera 49 A Con Calle 90,6.28206854,-75.55679886,4,Aranjuez,412,La Piñuela
559806,2021,2021-01-31,10:50,Volcamiento,HERIDO,CALLE 76 D CON CARRERA 95 D,6.29664027,-75.59374573,60,Corregimiento de San Cristóbal,6011,El Picacho
610626,2022,2022-04-23,01:00,Choque,SOLO DAÑOS,Calle 47 Con Carrera 37,6.24223082,-75.56009538,10,La Candelaria,1015,Bomboná No. 1
523566,2019,2019-12-16,19:28,Choque,SOLO DAÑOS,CALLE 67 CON CARRERA 64 C,6.26572662,-75.57502301,5,Castilla,0517,Caribe
511342,2019,2019-09-19,16:30,Choque,SOLO DAÑOS,CALLE 70 CON CARRERA 65,6.2696323,-75.57618452,5,Castilla,0519,B. Cerro  El Volador
611385,2022,2022-04-29,07:58,Choque,HERIDO,Calle 78 Con Diagonal 80,6.28138379,-75.58664547,7,Robledo,0711,El Diamante
514242,2019,2019-10-10,10:45,Caida Ocupante,HERIDO,CALLE 50 A CON CARRERA 84,6.26593439,-75.60216323,12,La América,1213,Calasanz Parte Alta
699620,2025,2025-07-29,18:45,Otro,HERIDO,Calle 50 Con Carrera 80,6.26352139,-75.59630376,11,Laureles Estadio,1114,Los Colores
512428,2019,2019-09-27,10:40,Choque,SOLO DAÑOS,CALLE 49 B CON CARRERA 74,6.2599113,-75.59042099,11,Laureles Estadio,1113,El Estadio
524555,2019,2019-12-23,19:40,Choque,SOLO DAÑOS,CALLE 73 CON CARRERA 45,6.26832137,-75.55492162,4,Aranjuez,0409,Manrique Central No. 1
608309,2022,2022-04-02,08:20,Otro,HERIDO,Calle 50 Con Carrera 39,6.24545594,-75.55957439,10,La Candelaria,1016,Boston
550343,2020,2020-10-25,14:30,Atropello,HERIDO,CALLE 67 CON CARRERA 44,6.26298368,-75.5543192,3,Manrique,0307,Manrique Central No. 2
650258,2023,2023-07-19,18:50,Atropello,HERIDO,Calle 48 Con Carrera 72,6.25320434,-75.59183092,11,Laureles Estadio,1117,Florida Nueva
499749,2019,2019-06-26,13:45,Choque,SOLO DAÑOS,CALLE 29 CON CARRERA 36,6.22924747,-75.56402786,9,Buenos Aires,0914,Asomadera No. 1
491123,2019,2019-04-12,16:00,Choque,HERIDO,CALLE 25 CON CARRERA 49,6.224068,-75.57693953,15,Guayabal,1504,Santa Fé
614578,2022,2022-05-25,15:50,Choque,HERIDO,Calle 79 Con Carrera 49,6.27262316,-75.55815713,4,Aranjuez,0414,Brasilia
681071,2024,2024-11-10,08:40,Choque,HERIDO,CL 058 053,6.25717992,-75.56876047,10,La Candelaria,1005,Estación Villa
508563,2019,2019-08-31,14:50,Choque,SOLO DAÑOS,CALLE 44 CON CARRERA 57,6.24671613,-75.57612411,10,La Candelaria,1008,Corazón de Jesús
649565,2023,2023-07-09,18:00,Choque,HERIDO,Calle 5  Sur Con Carrera 88 B,6.20816292,-75.60887609,70,Corregimiento de Altavista,7007,San José del Manzanillo
609093,2022,2022-04-08,07:00,Choque,SOLO DAÑOS,Calle 50 B Con Carrera 38,6.2458006,-75.55824939,10,La Candelaria,1016,Boston
638058,2023,2023-01-25,09:45,Choque,HERIDO,Calle 10 Con Carrera 65,6.21706925,-75.58645654,15,Guayabal,Inst_19,Parque Juan Pablo II
550351,2020,2020-10-25,16:50,Choque,SOLO DAÑOS,CALLE 47 CON CARRERA 73,6.25320434,-75.59183092,11,Laureles Estadio,1117,Florida Nueva
635039,2022,2022-12-04,15:55,Choque,HERIDO,Calle 19 Con Carrera 43 A,6.22008374,-75.56939314,14,El Poblado,1404,Castropol
545706,2020,2020-09-07,18:35,Choque,SOLO DAÑOS,CALLE 42 CON CARRERA 63 C,6.24716355,-75.58205641,11,Laureles Estadio,1104,San Joaquín
597449,2021,2021-12-26,21:10,Choque,HERIDO,CALLE 80 CON CARRERA 95 AA,6.29280334,-75.59440494,7,Robledo,0712,Aures No. 2
530520,2020,2020-02-11,07:15,Choque,HERIDO,CALLE 47 CON CARRERA 46,6.2545337,-75.56243284,10,La Candelaria,1018,Villa Nueva
613873,2022,2022-05-19,13:50,Choque,HERIDO,Calle 58 Con Carrera 49,6.25547889,-75.56342613,10,La Candelaria,1001,Villa Nueva
599083,2022,2022-01-15,00:26,Atropello,HERIDO,Calle 74 Con Carrera 48 A,6.26932766,-75.55763062,4,Aranjuez,0409,Manrique Central No. 1
580821,2021,2021-08-13,09:20,Choque,SOLO DAÑOS,CALLE 54 CON CARRERA 55,6.23986676,-75.49681977,90,Corregimiento de Santa Elena,9010,Suburbano Piedra Gorda
537824,2020,2020-05-22,07:40,Choque,SOLO DAÑOS,CALLE 57 CON CARRERA 57,6.24905755,-75.54346123,8,Villa Hermosa,0807,Los Mangos
570281,2021,2021-05-17,20:30,Caida Ocupante,HERIDO,CALLE 45 CON CARRERA 32,6.23874375,-75.55580241,9,Buenos Aires,0910,Gerona
641235,2023,2023-03-12,21:45,Otro,HERIDO,Calle 25 Con Carrera 65 G,6.22523391,-75.58716911,15,Guayabal,1503,Trinidad
612531,2022,2022-05-07,19:50,Volcamiento,HERIDO,Calle 80 Con Carrera 80,6.18661632,-75.65660126,80,Corregimiento de San Antonio de Prado,8000,Cabecera San Antonio de Prado
574988,2021,2021-06-26,12:30,Choque,HERIDO,CALLE 77 CON CARRERA 63,6.27583255,-75.5725802,5,Castilla,0517,Terminal de Transporte
664667,2024,2024-02-24,20:30,Caida Ocupante,HERIDO,Calle 58 Con Carrera 51,6.25689353,-75.5659995,10,La Candelaria,1001,Jesús Nazareno
513936,2019,2019-10-08,08:15,Choque,HERIDO,CALLE 36 CON CARRERA 81 A,6.24429714,-75.60331012,12,La América,1211,Simón Bolívar
546282,2020,2020-09-14,08:10,Choque,HERIDO,CALLE 63 CON CARRERA 125,6.27878679,-75.63063656,60,Corregimiento de San Cristóbal,SN02,Cabecera Urbana San Cristobal
545420,2020,2020-09-04,16:42,Choque,SOLO DAÑOS,CALLE 26 CON CARRERA 38,6.22464718,-75.56524268,9,Buenos Aires,0915,Asomadera No. 2
679149,2024,2024-10-11,07:55,Otro,HERIDO,CL 104 040,6.29271614,-75.54822387,1,Popular,104,Granizal
673020,2024,2024-07-08,08:48,Atropello,HERIDO,Calle 44 Con Carrera 86 A,6.25095314,-75.60567728,12,La América,1204,La América
499439,2019,2019-06-24,02:00,Choque,HERIDO,CALLE 77 CON CARRERA 62,6.27548757,-75.56859393,4,Aranjuez,Inst_9,Parque Norte
557273,2020,2020-12-31,11:30,Choque,HERIDO,CALLE 51 CON CARRERA 36 A,6.24433105,-75.55757567,9,Buenos Aires,0906,Barrio Caicedo
661941,2024,2024-01-15,05:20,Atropello,HERIDO,Carrera 65 Con Calle 24,6.22560085,-75.58377322,15,Guayabal,1503,Trinidad
514024,2019,2019-10-08,18:15,Atropello,HERIDO,CALLE 58 CON CARRERA 45,6.25326225,-75.56048726,10,La Candelaria,1018,Villa Nueva
553263,2020,2020-11-24,14:30,Volcamiento,HERIDO,CALLE 126 CON CARRERA 42 EE,6.30396001,-75.54460277,1,Popular,0103,Popular
642509,2023,2023-04-02,11:00,Atropello,HERIDO,Calle 55 Con Carrera 67,,,10,La Candelaria,,
624552,2022,2022-08-17,05:50,Choque,SOLO DAÑOS,Calle 80 Con Carrera 71 A,6.27955366,-75.57809337,7,Robledo,0709,Altamira
636525,2022,2022-12-27,11:20,Atropello,HERIDO,Calle 50 Con Carrera 47,6.2486412,-75.56604465,10,La Candelaria,1019,La Candelaria
596406,2021,2021-12-17,22:00,Atropello,HERIDO,CALLE 102 CON CARRERA 49,6.29296694,-75.55554521,2,Santa Cruz,0209,Santa Cruz
626646,2022,2022-09-02,19:30,Choque,SOLO DAÑOS,Calle 49 Con Carrera 117 B,6.26618535,-75.6252651,60,Corregimiento de San Cristóbal,6014,Suburbano La Loma
609037,2022,2022-04-07,17:00,Choque,SOLO DAÑOS,Calle 48 Con Carrera 80,6.25884817,-75.5977618,12,La América,1202,Calasanz
590965,2021,2021-11-04,06:54,Choque,SOLO DAÑOS,CALLE 7 CON CARRERA 50,6.21184917,-75.57899727,15,Guayabal,1507,Campo Amor
684160,2025,2025-01-09,15:00,Choque,HERIDO,Calle 97 Con Carrera 48,6.28875245,-75.55522581,1,Popular,106,Villa Guadalupe
606668,2022,2022-03-19,07:00,Choque,SOLO DAÑOS,Calle 50 A Con Carrera 98,6.27006468,-75.60920446,60,Corregimiento de San Cristóbal,6097,Area de Expansion Altos de Calasanz
514156,2019,2019-10-09,16:20,Choque,HERIDO,CALLE 2 SUR CON CARRERA 65,6.20684336,-75.58905176,15,Guayabal,1509,Cristo Rey
483069,2019,2019-02-03,17:00,Choque,HERIDO,CALLE 14 CON CARRERA 67,6.22051137,-75.5879122,15,Guayabal,1504,Santa Fé
507280,2019,2019-08-21,21:00,Atropello,HERIDO,CALLE 62 CON CARRERA 105 B,6.27594656,-75.61560936,7,Robledo,0720,Santa Margarita
689427,2025,2025-03-22,20:35,Choque,HERIDO,Calle 86 Con Carrera 36,,,N/D,N/D,Sin inf,Sin inf
618073,2022,2022-06-24,19:00,Choque,SOLO DAÑOS,Calle 32 Con Carrera 66 B,6.23486063,-75.58733624,16,Belén,1601,Fátima
492584,2019,2019-04-26,19:30,Choque,SOLO DAÑOS,CALLE 1 CON CARRERA 75 B,6.21097967,-75.59462214,16,Belén,1607,El Rodeo
590161,2021,2021-10-27,09:30,Choque,SOLO DAÑOS,CALLE 24 CON CARRERA 74,6.22611427,-75.595077,16,Belén,1605,San Bernardo
621221,2022,2022-07-22,11:20,Choque,HERIDO,Calle 13  Sur Con Carrera 53,,,15,Guayabal,,
619873,2022,2022-07-11,06:50,Atropello,HERIDO,Calle 56 Con Carrera 43,6.25142095,-75.56073075,10,La Candelaria,1018,Villa Nueva
575516,2021,2021-07-01,11:00,Choque,SOLO DAÑOS,CALLE 8 B CON CARRERA 65,6.21539747,-75.58614029,15,Guayabal,1507,Campo Amor
607354,2022,2022-03-25,08:00,Otro,HERIDO,Calle 49 Con Carrera 21,6.23851917,-75.54831649,9,Buenos Aires,0905,Miraflores
700989,2025,2025-08-13,21:50,Choque,HERIDO,Calle 25 Con Carrera 52,6.22592656,-75.57845009,15,Guayabal,1503,Trinidad
627034,2022,2022-09-05,19:40,Otro,HERIDO,Calle 79 Con Carrera 96,6.28990887,-75.5955113,7,Robledo,0713,Aures No.1
593866,2021,2021-11-27,20:30,Choque,SOLO DAÑOS,CALLE 87 CON CARRERA 50 D,6.27978051,-75.56047291,4,Aranjuez,0413,Aranjuez
598000,2022,2022-01-01,19:30,Atropello,HERIDO,Calle 80 Con Carrera 80,6.28443269,-75.58415367,7,Robledo,0710,El Diamante
615506,2022,2022-06-02,20:00,Volcamiento,HERIDO,Calle 71 Con Carrera 31,6.26536299,-75.54452489,3,Manrique,0309,Versalles No. 1
493097,2019,2019-05-02,10:00,Otro,HERIDO,CALLE 56 CON CARRERA 35,6.24715468,-75.55394182,8,Villa Hermosa,0809,Sucre
700376,2025,2025-08-07,04:40,Otro,HERIDO,Calle 111 B Con Carrera 63,6.30397546,-75.55781942,5,Castilla,501,Toscana
552702,2020,2020-11-19,12:00,Choque,SOLO DAÑOS,CALLE 46 CON CARRERA 44,6.24462408,-75.56607273,10,La Candelaria,1013,Barrio Colón
522944,2019,2019-12-12,17:10,Choque,SOLO DAÑOS,CALLE 50 CON CARRERA 65,6.25617799,-75.58104871,11,Laureles Estadio,1101,Carlos E. Restrepo
578451,2021,2021-07-25,09:30,Otro,HERIDO,CALLE 49 CON CARRERA 20,6.237792,-75.54685602,9,Buenos Aires,0905,Los Cerros El Vergel
682447,2024,2024-12-03,19:45,Atropello,HERIDO,CL 042 S 065,6.18245001,-75.6450099,80,Corregimiento de San Antonio de Prado,AUC2,San Antonio de Prado
555932,2020,2020-12-17,19:50,Choque,SOLO DAÑOS,CALLE 49 CON CARRERA 52,6.24933695,-75.56995374,10,La Candelaria,1019,La Candelaria
684359,2025,2025-01-13,07:20,Atropello,HERIDO,Calle 94 Con Carrera 75,6.29087621,-75.57968848,6,Doce de Octubre,606,San Martín de Porres
504317,2019,2019-08-01,17:18,Volcamiento,HERIDO,CALLE 63 CON CARRERA 115,,,N/D,N/D,Sin inf,Sin inf
611836,2022,2022-05-02,15:00,Choque,SOLO DAÑOS,Calle 49 Con Carrera 63,6.25265581,-75.57865747,11,Laureles Estadio,1102,Suramericana
615747,2022,2022-06-04,19:55,Choque,SOLO DAÑOS,Calle 46 Con Carrera 44,6.24462408,-75.56607273,10,La Candelaria,1013,Barrio Colón
617602,2022,2022-06-21,08:20,Choque,SOLO DAÑOS,Calle 80 Con Carrera 80,6.18661632,-75.65660126,80,Corregimiento de San Antonio de Prado,8000,Cabecera San Antonio de Prado
583004,2021,2021-08-31,17:00,Atropello,HERIDO,CALLE 92 A CON CARRERA 79,6.28977192,-75.58344099,6,Doce de Octubre,0607,Kennedy
585669,2021,2021-09-21,16:30,Atropello,HERIDO,CALLE 34 CON CARRERA 43 A,6.23458467,-75.57008222,10,La Candelaria,1020,San Diego
692020,2025,2025-04-25,19:30,Choque,HERIDO,Calle 80 Con Carrera 80,6.2844327,-75.58415367,7,Robledo,710,López de  Mesa
577326,2021,2021-07-16,12:00,Choque,SOLO DAÑOS,CALLE 63 A CON CARRERA 48,6.25942097,-75.56007816,10,La Candelaria,1001,Prado
564408,2021,2021-03-13,12:10,Atropello,HERIDO,CALLE 41 CON CARRERA 62,6.24199672,-75.57763096,10,La Candelaria,Inst_16,La Alpujarra
546273,2020,2020-09-14,06:30,Choque,SOLO DAÑOS,CALLE 50 CON CARRERA 49,6.24899118,-75.56685703,10,La Candelaria,1019,La Candelaria
593960,2021,2021-11-28,19:30,Otro,HERIDO,CALLE 65 CON CARRERA 94,6.28293785,-75.60220579,7,Robledo,0718,Cucaracho
609196,2022,2022-04-08,21:15,Choque,SOLO DAÑOS,Calle 42 Con Carrera 70,6.24786426,-75.58894487,11,Laureles Estadio,1107,Bolivariana
612977,2022,2022-05-12,06:15,Choque,HERIDO,Calle 49 Con Carrera 46,6.24757839,-75.565918,10,La Candelaria,1019,La Candelaria
493334,2019,2019-05-04,02:30,Choque,HERIDO,CALLE 12 SUR CON CARRERA 48,6.19447072,-75.57843305,14,El Poblado,1423,La Aguacatala
675305,2024,2024-08-12,15:40,Otro,HERIDO,Calle 44 Con Carrera 84,6.25082021,-75.60445746,12,La América,1204,La América
502294,2019,2019-07-17,16:30,Choque,SOLO DAÑOS,CALLE 44 CON CARRERA 61,6.24740145,-75.57839634,10,La Candelaria,1008,Corazón de Jesús
682394,2024,2024-12-02,19:25,Choque,HERIDO,CL 080 044,6.27260325,-75.55311205,3,Manrique,303,Campo Valdés No.2
632724,2022,2022-11-01,06:40,Otro,HERIDO,Calle 49 Con Carrera 65,6.25430332,-75.58225639,11,Laureles Estadio,1102,Suramericana
658673,2023,2023-11-16,19:05,Otro,HERIDO,Calle 93 Con Carrera 64 C,6.28720688,-75.56982048,5,Castilla,Inst_2,Oleoducto
491890,2019,2019-04-20,21:00,Caida Ocupante,HERIDO,CALLE 44 CON CARRERA 73,6.24957616,-75.59226188,11,Laureles Estadio,1107,Lorena
563312,2021,2021-03-03,14:30,Atropello,HERIDO,CALLE 70 A CON CARRERA 51 A,6.26675232,-75.56285794,4,Aranjuez,0407,Sevilla
539135,2020,2020-06-10,18:50,Choque,HERIDO,CALLE 111 A CON CARRERA 64 C,6.30335652,-75.56146403,5,Castilla,Inst_1,Plaza de Ferias
659231,2023,2023-11-25,12:00,Choque,HERIDO,Calle 50 Con Transversal 49 D,6.25367445,-75.57695567,10,La Candelaria,1008,Corazón de Jesús
484128,2019,2019-02-12,15:20,Choque,HERIDO,CALLE 32 F CON DIAGONAL 74 B,6.23865197,-75.59046498,16,Belén,1620,Rosales
568548,2021,2021-04-29,06:25,Choque,HERIDO,CALLE 88 CON CARRERA 64 C,6.28092509,-75.5717733,5,Castilla,Inst_2,Terminal de Transporte
581316,2021,2021-08-17,23:15,Choque,SOLO DAÑOS,CALLE 30 CON CARRERA 66 B,6.23167102,-75.58727328,16,Belén,1601,Rosales
673347,2024,2024-07-13,04:45,Otro,HERIDO,Calle 62 Con Carrera 47,6.25759445,-75.56037636,10,La Candelaria,1001,Prado
520741,2019,2019-11-26,16:30,Choque,SOLO DAÑOS,CALLE 73 CON CARRERA 72 A,6.27363149,-75.5820561,7,Robledo,0702,La Pilarica
529534,2020,2020-02-03,18:00,Atropello,HERIDO,CALLE 9 CON CARRERA 50,6.21335713,-75.57846168,15,Guayabal,1507,Campo Amor
536845,2020,2020-05-04,15:50,Choque,SOLO DAÑOS,CALLE 38 CON CARRERA 55,6.239881,-75.57525564,10,La Candelaria,1011,Calle Nueva
591719,2021,2021-11-10,16:30,Choque,SOLO DAÑOS,CALLE 111 B CON CARRERA 64 C,6.30283191,-75.56107752,5,Castilla,Inst_1,Plaza de Ferias
574042,2021,2021-06-18,20:06,Atropello,HERIDO,CALLE 69 CON CARRERA 69,6.29600012,-75.57067825,5,Castilla,0509,Girardot
563377,2021,2021-03-03,23:00,Otro,HERIDO,CALLE 101 CON CARRERA 50,6.29290392,-75.55700569,2,Santa Cruz,0210,Santa Cruz
527918,2020,2020-01-22,14:30,Choque,SOLO DAÑOS,CALLE 6 SUR CON CARRERA 52,6.20500676,-75.58709953,15,Guayabal,1509,Cristo Rey
587251,2021,2021-10-04,05:30,Volcamiento,HERIDO,CALLE 95 CON CARRERA 72,6.2907653,-75.57521902,5,Castilla,0511,La Esperanza
535696,2020,2020-03-27,17:00,Otro,HERIDO,CALLE 999 CON CARRERA 999,,,12,La América,,
487904,2019,2019-03-16,03:15,Otro,HERIDO,CALLE 82 CON CARRERA 44,6.27431565,-75.55279845,3,Manrique,0303,Campo Valdés No. 2
525755,2020,2020-01-04,13:15,Atropello,HERIDO,CALLE 107 CON CARRERA 76,6.30574663,-75.57203303,6,Doce de Octubre,0601,Santander
539761,2020,2020-06-19,13:20,Otro,HERIDO,CALLE 47 CON CARRERA 21,6.23659573,-75.54860852,9,Buenos Aires,0908,Miraflores
668961,2024,2024-05-01,20:27,Otro,HERIDO,Carrera 65 Con Calle 67,6.26810929,-75.57680893,7,Robledo,Inst_7,B. Cerro  El Volador
602145,2022,2022-02-11,15:30,Choque,SOLO DAÑOS,Calle 44 Con Carrera 94,6.25422209,-75.610772,12,La América,1208,Campo Alegre
498122,2019,2019-06-12,19:50,Choque,SOLO DAÑOS,CALLE 16 CON CARRERA 34,6.21542094,-75.56245965,14,El Poblado,1406,Las Lomas No.1
672233,2024,2024-06-24,11:40,Atropello,HERIDO,Carrera 67 Con Calle 96,6.29086748,-75.57138168,5,Castilla,511,Castilla
647776,2023,2023-06-15,13:30,Choque,HERIDO,Calle 53 Con Carrera 57,6.25481766,-75.57118095,10,La Candelaria,1005,Estación Villa
484633,2019,2019-02-16,10:00,Choque,SOLO DAÑOS,CALLE 40 CON CARRERA 32,6.23546008,-75.557598,9,Buenos Aires,0913,Gerona
559203,2021,2021-01-26,05:40,Atropello,HERIDO,CALLE 50 CON CARRERA 37,6.24451147,-75.55786684,10,La Candelaria,1016,Boston
632477,2022,2022-10-29,01:50,Otro,HERIDO,Calle 50 Con Carrera 56 A,6.25227151,-75.57347342,10,La Candelaria,1006,San Benito
660673,2023,2023-12-15,18:20,Choque,HERIDO,Calle 27 Con Carrera 45,6.22828515,-75.57292729,14,El Poblado,1401,Barrio Colombia
687778,2025,2025-03-02,02:25,Choque,HERIDO,Calle 29 D Con Carrera 55,6.23111711,-75.57984374,15,Guayabal,1502,Tenche
622448,2022,2022-08-01,13:30,Choque,SOLO DAÑOS,Calle 88 Con Carrera 50 D,6.28068796,-75.56057782,4,Aranjuez,0413,Aranjuez
599688,2022,2022-01-21,08:30,Choque,SOLO DAÑOS,Calle 50 Con Carrera 80,6.26338388,-75.59696967,12,La América,1202,Calasanz
508788,2019,2019-09-02,14:30,Choque,HERIDO,CALLE 73 CON CARRERA 73 A,6.27293211,-75.58479782,7,Robledo,0702,La Pilarica
542956,2020,2020-08-03,18:30,Choque,HERIDO,CALLE 75 CON CARRERA 65,6.27341306,-75.57462707,5,Castilla,0519,El Progreso
529412,2020,2020-02-02,22:20,Choque,HERIDO,CALLE 61 CON CARRERA 39,6.25271726,-75.55504562,8,Villa Hermosa,0803,San Miguel
553231,2020,2020-11-24,09:20,Choque,HERIDO,CALLE 79 B CON AVENIDA 80,,,7,Robledo,,
543457,2020,2020-08-11,14:00,Otro,HERIDO,CALLE 66 CON CARRERA 39 A,6.25829261,-75.55169198,8,Villa Hermosa,0801,Villa Hermosa
492904,2019,2019-04-30,10:00,Volcamiento,HERIDO,CALLE 50 CON CARRERA 41,6.24634771,-75.56117793,10,La Candelaria,1016,Boston
550327,2020,2020-10-25,10:45,Choque,HERIDO,CALLE 76 CON CARRERA 46,6.26944435,-75.55579641,4,Aranjuez,0409,Manrique Central No. 1
659430,2023,2023-11-28,11:00,Otro,HERIDO,Calle 39 Con Carrera 107,6.25182278,-75.62009762,13,San Javier,1310,Veinte de Julio
517281,2019,2019-11-01,00:30,Choque,HERIDO,DIAGONAL 95 CON CARRERA 50 A,6.28718671,-75.55839435,4,Aranjuez,0402,San Isidro
587103,2021,2021-10-02,19:49,Otro,MUERTO,CALLE 60 CON CARRERA 88 A,6.2762767,-75.59960205,7,Robledo,0717,Robledo
551062,2020,2020-11-02,10:30,Volcamiento,HERIDO,CALLE 48 F CON CARRERA 99 C,6.26358696,-75.61332071,13,San Javier,1307,Juan XXIII La Quiebra
594199,2021,2021-11-30,17:00,Choque,SOLO DAÑOS,CALLE 42 CON CARRERA 69,6.24724616,-75.58777119,11,Laureles Estadio,1104,Bolivariana
590304,2021,2021-10-28,12:00,Caida Ocupante,HERIDO,CALLE 98 CON CARRERA 70,6.29416616,-75.57256613,5,Castilla,0511,Castilla
517630,2019,2019-11-03,13:00,Choque,SOLO DAÑOS,CALLE 99 CON CARRERA 99,6.29022786,-75.55256781,1,Popular,0105,Moscú No. 2
634156,2022,2022-11-21,18:00,Atropello,HERIDO,Calle 98 Con Carrera 34,6.2874537,-75.54420502,1,Popular,0107,San Pablo
610792,2022,2022-04-24,04:33,Choque,SOLO DAÑOS,Calle 54 Con Carrera 43,6.24999563,-75.56141515,10,La Candelaria,1019,La Candelaria
536379,2020,2020-04-21,11:10,Atropello,HERIDO,CALLE 87 CON CARRERA 39,6.27797574,-75.54819439,3,Manrique,0302,Las Granjas
540117,2020,2020-06-24,08:00,Choque,SOLO DAÑOS,CALLE 45 E CON CARRERA 78,6.25344929,-75.59656789,12,La América,1203,Los Pinos
575093,2021,2021-06-27,12:15,Choque,HERIDO,CALLE 80 CON CARRERA 65,6.27630558,-75.57335605,5,Castilla,Inst_4,Terminal de Transporte
573438,2021,2021-06-14,04:30,Caida Ocupante,HERIDO,CALLE 53 CON CARRERA 85 B,6.27044115,-75.60192944,13,San Javier,SN01,El Pesebre
640711,2023,2023-03-06,05:20,Otro,HERIDO,Calle 58 Con Carrera 48,6.25516291,-75.56282425,10,La Candelaria,1001,Villa Nueva
588444,2021,2021-10-13,08:00,Choque,SOLO DAÑOS,CALLE 29 CON CARRERA 49,6.23114641,-75.57512211,14,El Poblado,1401,Barrio Colombia
666853,2024,2024-03-28,13:30,Otro,HERIDO,CL 104 C 077,6.30440708,-75.57484322,6,Doce de Octubre,601,Santander
673330,2024,2024-07-12,18:00,Otro,HERIDO,Calle 50 Con Carrera 64 C,6.25581799,-75.58028965,11,Laureles Estadio,1101,Carlos E. Restrepo
630515,2022,2022-10-03,14:20,Choque,SOLO DAÑOS,Calle 60 Con Carrera 74,6.26541476,-75.58709687,7,Robledo,0703,Nueva Villa de la Iguaná
547559,2020,2020-09-27,15:30,Choque,SOLO DAÑOS,CALLE 45 E CON CARRERA 79 BB,6.254378,-75.59884035,11,Laureles Estadio,1112,El Velódromo
657596,2023,2023-10-31,22:00,Otro,HERIDO,Calle 92 Con Carrera 65 A,6.28848726,-75.56957285,5,Castilla,0511,Castilla
522878,2019,2019-12-12,09:10,Atropello,HERIDO,CALLE 30 A CON CARRERA 65 B,6.23332138,-75.58394181,16,Belén,1601,Fátima
609456,2022,2022-04-11,12:30,Otro,HERIDO,Calle 32 F Con Carrera 66 B,6.23875706,-75.58747623,16,Belén,1601,Rosales
667392,2024,2024-04-06,14:10,Choque,HERIDO,Carrera 65 G Con Calle 14,6.21893226,-75.58616814,15,Guayabal,1504,Santa Fé
497080,2019,2019-06-04,12:50,Choque,SOLO DAÑOS,CALLE 19 CON CARRERA 37,6.22060598,-75.56619153,14,El Poblado,1404,Castropol
688572,2025,2025-03-11,21:50,Otro,HERIDO,Calle 65 Con Carrera 80,6.27337389,-75.59297811,7,Robledo,Inst_5,Facultad de Minas
521435,2019,2019-12-02,22:00,Atropello,HERIDO,CALLE 53 CON CARRERA 75,6.26407856,-75.59042242,11,Laureles Estadio,1114,Los Colores
537854,2020,2020-05-22,13:20,Choque,SOLO DAÑOS,CALLE 50 CON CARRERA 34,6.24318812,-75.55556833,9,Buenos Aires,0906,Barrio Caicedo
651250,2023,2023-08-03,00:15,Otro,HERIDO,Via 2 Con Kilometro 0,,,60,Corregimiento de San Cristóbal,,
517607,2019,2019-11-03,08:40,Otro,HERIDO,CALLE 52 CON CARRERA 15,6.23578403,-75.54054854,8,Villa Hermosa,0813,Villatina
663245,2024,2024-02-02,17:10,Choque,HERIDO,Carrera 38 Con Calle 56,6.2489019,-75.55669695,10,La Candelaria,1016,Boston
543833,2020,2020-08-16,04:22,Atropello,HERIDO,CALLE 44 CON CARRERA 57,6.24671613,-75.57612411,10,La Candelaria,1008,Corazón de Jesús
665902,2024,2024-03-13,17:50,Choque,HERIDO,Calle 58 Con Carrera 49,6.25547889,-75.56342613,10,La Candelaria,1001,Villa Nueva
681170,2024,2024-11-12,06:00,Caida Ocupante,HERIDO,CL 037 060,6.23981003,-75.57599242,10,La Candelaria,Inst_16,La Alpujarra
571550,2021,2021-05-28,18:20,Choque,HERIDO,CARRERA 77 CON TRANSVERSAL 59 B,,,11,Laureles Estadio,,
606047,2022,2022-03-14,11:30,Choque,SOLO DAÑOS,Calle 31 Con Carrera 76,6.23283426,-75.59631819,16,Belén,1603,Belén
672505,2024,2024-06-28,22:34,Choque,HERIDO,Calle 67 Con Carrera 44,6.26298368,-75.5543192,3,Manrique,307,Manrique Central No.2
668893,2024,2024-04-30,17:30,Caida Ocupante,HERIDO,Calle 67 Con Carrera 58,6.26507294,-75.57172652,10,La Candelaria,1004,El Chagualo
558419,2021,2021-01-18,09:30,Choque,SOLO DAÑOS,CALLE 67 CON CARRERA 64 C,6.26569446,-75.57490435,5,Castilla,0517,Caribe
584110,2021,2021-09-09,20:40,Otro,HERIDO,CALLE 30 CON CARRERA 80,6.23123883,-75.60064487,16,Belén,1603,Belén
598754,2022,2022-01-11,14:30,Choque,HERIDO,Calle 47 D Con Carrera 75,6.25398854,-75.59219177,11,Laureles Estadio,1117,El Velódromo
581706,2021,2021-08-21,06:40,Choque,HERIDO,CALLE 62 CON CARRERA 52,6.26092693,-75.56698228,10,La Candelaria,1003,Jesús Nazareno
509854,2019,2019-09-09,19:20,Choque,HERIDO,CALLE 10 CON CARRERA 52,6.21517048,-75.58190382,15,Guayabal,1507,Campo Amor
484582,2019,2019-02-15,19:28,Otro,HERIDO,CALLE 59 CON CARRERA 37,6.25044781,-75.55542705,10,La Candelaria,1017,Los Ángeles
652344,2023,2023-08-19,11:15,Choque,HERIDO,Calle 82 Con Carrera 42  Oriente,6.27393414,-75.55073663,3,Manrique,0303,Campo Valdés No.2
494300,2019,2019-05-11,00:10,Choque,SOLO DAÑOS,CALLE 44 CON CARRERA 64,6.248546,-75.58252215,11,Laureles Estadio,1103,Naranjal
549527,2020,2020-10-17,10:00,Choque,SOLO DAÑOS,CALLE 10 CON CARRERA 43 B,6.21085248,-75.5711475,14,El Poblado,1420,Astorga
628796,2022,2022-09-19,07:00,Choque,SOLO DAÑOS,Calle 55 B Con Carrera 124,6.27331536,-75.62935412,60,Corregimiento de San Cristóbal,6014,Suburbano La Loma
682777,2024,2024-12-08,22:00,Choque,HERIDO,CR 091 064 E 005,6.27916757,-75.6005138,7,Robledo,718,Cucaracho
512789,2019,2019-09-30,06:30,Otro,HERIDO,CALLE 78 CON CARRERA 64 C,6.27699394,-75.57266359,5,Castilla,Inst_4,Terminal de Transporte
517016,2019,2019-10-30,06:40,Otro,HERIDO,CALLE 65 CON CARRERA 37,6.25534107,-75.55172244,8,Villa Hermosa,0801,Villa Hermosa
564140,2021,2021-03-11,05:30,Otro,HERIDO,CALLE 68 B CON CARRERA 95,6.2873108,-75.60094149,7,Robledo,0724,Monteclaro
546124,2020,2020-09-12,04:40,Choque,SOLO DAÑOS,CALLE 78 CON CARRERA 64 C,6.27699394,-75.57266359,5,Castilla,Inst_4,Terminal de Transporte
607794,2022,2022-03-29,06:00,Otro,HERIDO,Calle 30 Con Carrera 55,6.2316212,-75.57985173,15,Guayabal,1502,Tenche
696751,2025,2025-06-24,10:51,Choque,HERIDO,Calle 43  Sur Con Carrera 58,6.1816599,-75.6426569,80,Corregimiento de San Antonio de Prado,AUC2,San Antonio de Prado
604928,2022,2022-03-05,12:00,Choque,SOLO DAÑOS,Calle 4  Sur Con Carrera 49,6.20378337,-75.57914214,14,El Poblado,1422,La Aguacatala
630225,2022,2022-09-30,23:45,Choque,SOLO DAÑOS,Calle 10 Con Carrera 52,6.21454133,-75.58155761,15,Guayabal,1507,Campo Amor
518286,2019,2019-11-08,14:20,Choque,SOLO DAÑOS,CALLE 71 CON CARRERA 52,6.26753248,-75.56581013,4,Aranjuez,0407,Sevilla
605481,2022,2022-03-10,07:00,Choque,HERIDO,Calle 27 Con Carrera 44,6.22780076,-75.57229472,14,El Poblado,1401,Barrio Colombia
692360,2025,2025-04-29,14:34,Choque,HERIDO,Calle 10  Sur Con Carrera 48 C,6.19715994,-75.58014096,14,El Poblado,1422,La Aguacatala
682895,2024,2024-12-10,16:00,Choque,HERIDO,CL 065 086 085,6.27629514,-75.59707089,7,Robledo,717,Robledo
551095,2020,2020-11-02,18:30,Atropello,HERIDO,CALLE 52 CON CARRERA 8,6.23230299,-75.53654684,8,Villa Hermosa,0815,Las Estancias
611858,2022,2022-05-02,19:00,Choque,HERIDO,Calle 64 Con Carrera 62,6.29526346,-75.5622696,5,Castilla,0508,Belalcázar
539724,2020,2020-06-19,06:15,Choque,SOLO DAÑOS,CALLE 11 B SUR CON CARRERA 48,6.19556145,-75.57906157,14,El Poblado,1422,La Aguacatala
679413,2024,2024-10-16,07:40,Caida Ocupante,HERIDO,CL 038 107,6.25099605,-75.61975124,13,San Javier,1310,Veinte de Julio
511284,2019,2019-09-19,11:30,Choque,HERIDO,CALLE 49 CON CARRERA 70,6.25403913,-75.58842794,11,Laureles Estadio,Inst_14,U.D. Atanasio Girardot
510473,2019,2019-09-13,18:55,Choque,HERIDO,CALLE 10 CON CARRERA 52,6.21454133,-75.58155761,15,Guayabal,1507,Campo Amor
677033,2024,2024-09-07,14:00,Otro,HERIDO,Calle 30 Con Carrera 112,6.2320276,-75.63542415,70,Corregimiento de Altavista,7002,Aguas Frías
485046,2019,2019-02-19,16:00,Choque,SOLO DAÑOS,CALLE 91 CON CARRERA 83 B,6.29007353,-75.58560762,6,Doce de Octubre,0607,Kennedy
551190,2020,2020-11-03,16:00,Choque,SOLO DAÑOS,CALLE 58 A CON CARRERA 8,6.23624201,-75.53264857,8,Villa Hermosa,0819,Villa Liliam
510074,2019,2019-09-11,12:00,Choque,SOLO DAÑOS,CALLE 56 CON CARRERA 45,6.25188,-75.56145531,10,La Candelaria,1018,Villa Nueva
660074,2023,2023-12-07,11:00,Volcamiento,HERIDO,Calle 80 Con Carrera 70,6.27886746,-75.57724917,5,Castilla,0519,Altamira
653980,2023,2023-09-11,18:30,Choque,HERIDO,Calle 19 Con Carrera 43 A,6.22008374,-75.56939314,14,El Poblado,1404,Castropol
607060,2022,2022-03-22,20:10,Choque,SOLO DAÑOS,Calle 98 Con Carrera 49,6.28941602,-75.55608713,2,Santa Cruz,0211,La Rosa
482433,2019,2019-01-28,18:30,Atropello,HERIDO,CALLE 67 CON CARRERA 45,6.26314758,-75.55552945,4,Aranjuez,0409,Manrique Central No. 1
690003,2025,2025-03-30,04:49,Choque,HERIDO,Calle 47 A Con Carrera 99,6.25755617,-75.61443141,13,San Javier,1308,San Javier No.2
666427,2024,2024-03-21,16:00,Volcamiento,HERIDO,Carrera 65 Con Calle 54,6.25807002,-75.58038136,11,Laureles Estadio,1101,Carlos E. Restrepo
531284,2020,2020-02-16,16:20,Choque,SOLO DAÑOS,CALLE 9 CON DIAGONAL 79,6.21941443,-75.59925866,16,Belén,1606,Loma de los Bernal
696216,2025,2025-06-17,09:00,Otro,HERIDO,Calle 108 Con Carrera 43,6.29693401,-75.54857254,1,Popular,103,Popular
655357,2023,2023-10-01,05:10,Choque,HERIDO,Calle 94 A Con Carrera 63,6.29370617,-75.56368184,5,Castilla,0510,Tricentenario
491686,2019,2019-04-17,15:45,Otro,HERIDO,CALLE 55 CON CARRERA 39,6.24862417,-75.55774485,10,La Candelaria,1016,Boston
491395,2019,2019-04-15,07:10,Choque,SOLO DAÑOS,CALLE 44 CON CARRERA 50,6.24441316,-75.56983257,10,La Candelaria,1007,Guayaquil
662388,2024,2024-01-22,10:30,Atropello,HERIDO,Calle 120 Con Carrera 46,6.30321304,-75.54842829,1,Popular,103,La Isla
577613,2021,2021-07-18,15:00,Atropello,HERIDO,CALLE 81 CON CARRERA 87 A,6.28780938,-75.58707166,7,Robledo,0711,El Diamante
660504,2023,2023-12-12,22:50,Choque,HERIDO,Calle 30 A Con Carrera 65,6.23328533,-75.58272636,16,Belén,1601,Fátima
574049,2021,2021-06-18,21:00,Choque,HERIDO,CALLE 44 CON CARRERA 66,6.24863884,-75.58425649,11,Laureles Estadio,1104,San Joaquín
621591,2022,2022-07-25,16:20,Atropello,HERIDO,Calle 119 A Con Carrera 64 AA,6.31169778,-75.55671056,5,Castilla,-,0
685201,2025,2025-01-26,20:50,Choque,HERIDO,Calle 39 Con Carrera 108,6.2514993,-75.62090565,13,San Javier,1310,Veinte de Julio
629286,2022,2022-09-23,06:13,Choque,HERIDO,Calle 67 Con Carrera 64,6.26132273,-75.57391131,7,Robledo,Inst_8,Universidad Nacional
579755,2021,2021-08-05,08:30,Otro,HERIDO,CALLE 31 CON CARRERA 43 A,6.23123293,-75.56997147,10,La Candelaria,1012,Perpetuo Socorro
660989,2023,2023-12-19,21:50,Atropello,HERIDO,Calle 92 Con Carrera 75,6.28877375,-75.58035677,6,Doce de Octubre,0607,Kennedy
508255,2019,2019-08-29,12:40,Caida Ocupante,HERIDO,CALLE 50 CON CARRERA 62,6.25384772,-75.57642315,10,La Candelaria,1006,San Benito
574502,2021,2021-06-22,16:40,Atropello,HERIDO,CALLE 52 CON CARRERA 5,6.23240046,-75.53399449,8,Villa Hermosa,0815,Las Estancias
542690,2020,2020-07-30,13:00,Choque,SOLO DAÑOS,CALLE 74 A CON TRANSVERSAL 39 B,6.24446656,-75.59461383,11,Laureles Estadio,1108,Laureles
566036,2021,2021-03-29,09:30,Choque,HERIDO,CALLE 49 CON CARRERA 53,6.24964984,-75.57079537,10,La Candelaria,1019,San Benito
510508,2019,2019-09-14,06:50,Choque,HERIDO,CARRERA 76 CON DIAGONAL 75 B,6.23555148,-75.59642466,16,Belén,1620,El Nogal-Los Almendros
515858,2019,2019-10-22,09:30,Choque,SOLO DAÑOS,CALLE 85 CON CARRERA 44,6.27688509,-75.55234353,3,Manrique,0303,Las Granjas
549921,2020,2020-10-21,13:00,Choque,HERIDO,CALLE 7 SUR CON CARRERA 37 A,6.19567337,-75.57054332,14,El Poblado,1415,Los Balsos No.2
625427,2022,2022-08-23,19:49,Choque,SOLO DAÑOS,Calle 108 Con Carrera 81,6.30893514,-75.57721503,6,Doce de Octubre,0602,Doce de Octubre No.1
567868,2021,2021-04-21,11:40,Atropello,HERIDO,CALLE 82 CON CARRERA 49,6.27519553,-75.55769711,4,Aranjuez,0414,Brasilia
491397,2019,2019-04-15,07:25,Otro,HERIDO,CALLE 47 CON CARRERA 73,6.25320434,-75.59183092,11,Laureles Estadio,1117,Florida Nueva
659078,2023,2023-11-22,16:30,Choque,HERIDO,Calle 64 Con Carrera 104,6.28112269,-75.61470282,60,Corregimiento de San Cristóbal,6098,Área de Expansión Pajarito
692450,2025,2025-04-30,13:50,Choque,HERIDO,Calle 25 Con Carrera 55,6.22677932,-75.58092976,15,Guayabal,1503,Trinidad
539829,2020,2020-06-20,05:40,Otro,HERIDO,CALLE 51 CON CARRERA 38,6.24660574,-75.55780274,10,La Candelaria,1016,Boston
665941,2024,2024-03-14,10:15,Atropello,HERIDO,Carrera 49 Con Calle 10,6.21362121,-75.57760421,14,El Poblado,1419,Manila
678723,2024,2024-10-04,16:50,Choque,HERIDO,CL 045 057,6.24768544,-75.57536649,10,La Candelaria,1008,Corazón de Jesús
633319,2022,2022-11-09,15:10,Choque,HERIDO,Calle 51 Con Carrera 45,6.24877376,-75.56358066,10,La Candelaria,1019,La Candelaria
560423,2021,2021-02-05,18:40,Volcamiento,HERIDO,CALLE 56 CON CARRERA 23,6.24245853,-75.54473246,8,Villa Hermosa,0810,El Pinal
483874,2019,2019-02-10,13:30,Choque,SOLO DAÑOS,CALLE 64 CON CARRERA 80,6.27777639,-75.57295482,5,Castilla,Inst_4,Terminal de Transporte
679539,2024,2024-10-18,04:30,Otro,HERIDO,CL 060 098 A,,,7,Robledo,,
699942,2025,2025-08-02,02:30,Choque,HERIDO,Calle 110 B Con Carrera 29,6.29924462,-75.54173917,1,Popular,102,Santo Domingo Savio No.2
509072,2019,2019-09-04,14:40,Choque,SOLO DAÑOS,CALLE 44 CON CARRERA 60,6.24740145,-75.57839634,10,La Candelaria,1008,Corazón de Jesús
583409,2021,2021-09-04,01:40,Choque,SOLO DAÑOS,CALLE 10 CON CARRERA 40,6.20966347,-75.56802316,14,El Poblado,1418,El Poblado
483700,2019,2019-02-08,17:15,Choque,SOLO DAÑOS,CALLE 2 SUR CON CARRERA 50 F,6.2053119,-75.58278174,15,Guayabal,1509,Cristo Rey
684558,2025,2025-01-17,07:30,Choque,HERIDO,Calle 32 E Con Carrera 63,6.23706081,-75.57711378,16,Belén,Inst_18,Cerro Nutibara
630426,2022,2022-10-02,21:00,Caida Ocupante,HERIDO,Calle 92 Con Carrera 49,6.28328135,-75.5561159,4,Aranjuez,0412,La Piñuela
606793,2022,2022-03-20,11:30,Otro,HERIDO,Calle 72 Con Carrera 46,6.2672765,-75.55605673,4,Aranjuez,0409,Manrique Central No. 1
522815,2019,2019-12-11,17:30,Atropello,HERIDO,CALLE 52 CON CARRERA 22,6.24047771,-75.54534267,8,Villa Hermosa,0812,La Libertad
673973,2024,2024-07-22,17:04,Choque,HERIDO,Carrera 49 Con Calle 59,6.25627188,-75.56289577,10,La Candelaria,1001,Prado
500989,2019,2019-07-08,00:00,Volcamiento,HERIDO,CALLE 30 CON CARRERA 100,6.23610612,-75.61978107,16,Belén,1616,Las Violetas
613478,2022,2022-05-16,09:40,Choque,SOLO DAÑOS,Calle 13 A Sur Con Carrera 52,6.19539162,-75.59083002,15,Guayabal,1511,La Colina
687348,2025,2025-02-24,19:15,Choque,HERIDO,Calle 53 Con Carrera 72,6.26188017,-75.58709423,11,Laureles Estadio,1115,Cuarta Brigada
683793,2025,2025-01-01,21:40,Choque,HERIDO,Calle 20 B Con Carrera 9 A,,,90,Corregimiento de Santa Elena,,
591941,2021,2021-11-12,08:20,Choque,SOLO DAÑOS,CALLE 53 CON CARRERA 76 A,6.26407856,-75.59042242,11,Laureles Estadio,1114,Los Colores
633714,2022,2022-11-15,11:34,Atropello,HERIDO,Calle 44 Con Carrera 92,6.25344418,-75.60921962,12,La América,1207,Campo Alegre
617225,2022,2022-06-17,15:45,Choque,HERIDO,Calle 58 Con Carrera 41,6.23581309,-75.53201234,8,Villa Hermosa,0819,Villa Liliam
581599,2021,2021-08-20,09:40,Choque,SOLO DAÑOS,CALLE 9 CON CARRERA 70,6.2163076,-75.59329856,16,Belén,1607,Diego Echavarría
646145,2023,2023-05-24,19:30,Otro,HERIDO,Calle 110 Con Carrera 42 C,6.29879131,-75.54804712,1,Popular,0103,Popular
495932,2019,2019-05-24,17:30,Atropello,HERIDO,CALLE 79 CON CARRERA 41,6.27121007,-75.55017273,3,Manrique,0303,Campo Valdés No. 2
490517,2019,2019-04-08,07:45,Choque,SOLO DAÑOS,CALLE 50 CON CARRERA 55 A,6.25181562,-75.57253824,10,La Candelaria,1006,San Benito
580688,2021,2021-08-12,09:00,Otro,HERIDO,CARRERA 74 CON CIRCULAR 76,,,11,Laureles Estadio,,
552097,2020,2020-11-12,17:20,Choque,HERIDO,CALLE 32 B CON CARRERA 71,6.23565936,-75.59209104,16,Belén,1602,Rosales
584949,2021,2021-09-16,11:20,Choque,HERIDO,CALLE 39 CON CARRERA 66 B,6.24309501,-75.58328945,11,Laureles Estadio,1105,Los Conquistadores
502630,2019,2019-07-19,20:00,Choque,SOLO DAÑOS,CALLE 40 CON CARRERA 25 A,6.2323249,-75.55289151,9,Buenos Aires,0909,Cataluña
533129,2020,2020-02-29,12:40,Caida Ocupante,HERIDO,CALLE 9 CON CARRERA 77,6.21938936,-75.5989414,16,Belén,1606,Las Playas
673469,2024,2024-07-15,01:10,Atropello,HERIDO,Calle 82 A Con Carrera 90 A,6.29031185,-75.58856125,7,Robledo,712,Aures No.2
646280,2023,2023-05-26,19:40,Otro,HERIDO,Calle 1  Sur Con Carrera 50,6.20439194,-75.57998157,15,Guayabal,1509,Cristo Rey
552427,2020,2020-11-16,12:00,Caida Ocupante,HERIDO,CALLE 55 CON CARRERA 74,6.26475364,-75.58753334,11,Laureles Estadio,1114,Los Colores
636058,2022,2022-12-20,02:10,Volcamiento,HERIDO,Calle 31 A Con Carrera 38,6.2334874,-75.5673111,10,La Candelaria,1020,San Diego
532241,2020,2020-02-22,19:50,Otro,HERIDO,CALLE 80 CON CARRERA 80,6.18661632,-75.65660126,80,Corregimiento de San Antonio de Prado,8000,Cabecera San Antonio de Prado
660353,2023,2023-12-11,14:50,Atropello,HERIDO,Calle 81 Con Carrera 44,6.27345969,-75.55295352,3,Manrique,0303,Campo Valdés No. 2
614245,2022,2022-05-22,16:40,Choque,HERIDO,Calle 63 A Con Carrera 47,6.25895403,-75.55945432,10,La Candelaria,1001,Prado
597677,2021,2021-12-29,11:00,Choque,HERIDO,CALLE 60 CON CARRERA 45,6.25487627,-75.55936393,10,La Candelaria,1017,San Miguel
575906,2021,2021-07-04,13:30,Atropello,HERIDO,CALLE 38 CON CARRERA 29,6.23332276,-75.55753351,9,Buenos Aires,0913,Loreto
675312,2024,2024-08-12,18:00,Atropello,HERIDO,Calle 38 F Con Carrera 28,6.23272127,-75.55611155,9,Buenos Aires,913,Loreto
606518,2022,2022-03-18,00:50,Choque,SOLO DAÑOS,Calle 52 Con Carrera 120,6.26883389,-75.62801791,60,Corregimiento de San Cristóbal,6014,Suburbano La Loma
510022,2019,2019-09-10,21:50,Choque,HERIDO,CALLE 54 CON CARRERA 32,6.24476788,-75.55304809,8,Villa Hermosa,0809,Sucre
594107,2021,2021-11-30,05:45,Choque,SOLO DAÑOS,CALLE 112 CON CARRERA 63,6.30827787,-75.55851178,5,Castilla,0501,Toscana
617002,2022,2022-06-15,20:00,Otro,HERIDO,Calle 7 Con Carrera 52,6.21264231,-75.58330428,15,Guayabal,1507,Campo Amor
564856,2021,2021-03-17,16:00,Caida Ocupante,HERIDO,CALLE 44 CON CARRERA 79,6.25008229,-75.59757646,11,Laureles Estadio,1111,Lorena
510536,2019,2019-09-14,12:00,Otro,HERIDO,CARRERA 67 CON TRANSVERSAL 78,6.2734804,-75.57902643,5,Castilla,0519,El Progreso
591482,2021,2021-11-08,17:30,Choque,SOLO DAÑOS,CALLE 36 CON CARRERA 62,6.23119464,-75.57527306,14,El Poblado,1401,Barrio Colombia
531864,2020,2020-02-20,16:15,Choque,HERIDO,CALLE 39 CON CARRERA 89,6.24939038,-75.60970568,12,La América,1210,Santa Mónica
619884,2022,2022-07-11,07:28,Choque,SOLO DAÑOS,Calle 44 Con Carrera 50,6.24441316,-75.56983257,10,La Candelaria,1007,Guayaquil
652487,2023,2023-08-21,13:15,Otro,HERIDO,Calle 71 Con Carrera 47,6.26628526,-75.55662391,4,Aranjuez,0409,Manrique Central No. 1
661997,2024,2024-01-16,07:33,Otro,HERIDO,Carrera 80 Con Calle 55,6.26947061,-75.59537458,12,La América,1201,Ferrini
699051,2025,2025-07-23,07:20,Atropello,HERIDO,Calle 49 Con Carrera 39,6.24457522,-75.56007505,10,La Candelaria,1015,Bomboná No.1
481934,2019,2019-01-24,15:00,Otro,HERIDO,CALLE 58 CON CARRERA 59,6.25948523,-75.57357644,10,La Candelaria,1006,San Benito
511086,2019,2019-09-18,10:00,Choque,HERIDO,CALLE 65 CON CARRERA 45,6.2588994,-75.55655447,8,Villa Hermosa,0802,La Mansión
676338,2024,2024-08-28,13:00,Choque,HERIDO,Calle 14 Con Carrera 42,6.21445967,-75.56895688,14,El Poblado,1404,Castropol
634408,2022,2022-11-25,13:30,Choque,HERIDO,Calle 62 Con Carrera 39,6.25351332,-75.55450963,8,Villa Hermosa,0803,San Miguel
653949,2023,2023-09-11,10:10,Atropello,HERIDO,Calle 14 Con Carrera 65,6.21887448,-75.58586668,15,Guayabal,1504,Santa Fé
482378,2019,2019-01-28,13:06,Choque,SOLO DAÑOS,CALLE 94 CON CARRERA 49 A,6.28581518,-75.55663079,4,Aranjuez,0401,Berlin
600045,2022,2022-01-24,17:45,Atropello,HERIDO,Calle 50 Con Carrera 68,6.25756009,-75.58432436,11,Laureles Estadio,1102,Suramericana
675928,2024,2024-08-22,08:00,Otro,HERIDO,Calle 78 Con Carrera 44,6.27090218,-75.55381399,3,Manrique,303,Campo Valdés No.2
595598,2021,2021-12-11,12:40,Choque,HERIDO,CALLE 42 CON CARRERA 81,6.2485631,-75.60237728,11,Laureles Estadio,1111,Lorena
673340,2024,2024-07-12,22:30,Choque,HERIDO,CR 051 070 071,,,4,Aranjuez,,
629759,2022,2022-09-27,15:00,Choque,HERIDO,Calle 36 Con Carrera 81 A,6.24429714,-75.60331012,12,La América,1211,Simón Bolívar
587428,2021,2021-10-05,10:30,Choque,HERIDO,CALLE 2 SUR CON CARRERA 50 F,6.2053119,-75.58278174,15,Guayabal,1509,Cristo Rey
492057,2019,2019-04-22,16:00,Choque,SOLO DAÑOS,CALLE 45 CON CARRERA 57,6.24754481,-75.57505907,10,La Candelaria,1007,Guayaquil
564168,2021,2021-03-11,08:30,Choque,HERIDO,CALLE 92 CON CARRERA 73,6.28799271,-75.57807898,5,Castilla,0514,Alfonso López
624213,2022,2022-08-14,05:15,Choque,HERIDO,Calle 48 Con Carrera 99,6.25922735,-75.61341632,13,San Javier,1306,La Pradera
552044,2020,2020-11-12,08:19,Choque,HERIDO,CALLE 71 CON CARRERA 65,6.2696323,-75.57618452,5,Castilla,0519,B. Cerro  El Volador
606598,2022,2022-03-18,15:30,Choque,SOLO DAÑOS,Calle 7 Con Carrera 43 C,6.20835182,-75.57131796,14,El Poblado,1420,Astorga
655922,2023,2023-10-08,10:10,Otro,HERIDO,Calle 57 Con Carrera 64 C,6.25920441,-75.57495539,11,Laureles Estadio,1101,Carlos E. Restrepo
649267,2023,2023-07-05,08:00,Caida Ocupante,HERIDO,Calle 43 Con Carrera 43,6.24184995,-75.56555352,10,La Candelaria,1014,Las Palmas
683115,2024,2024-12-13,22:20,Otro,HERIDO,CR 106 036 041,,,13,San Javier,,
702222,2025,2025-08-28,15:30,Choque,HERIDO,Calle 45 Con Carrera 32,6.23874376,-75.55580241,9,Buenos Aires,910,La Milagrosa
689408,2025,2025-03-22,14:00,Volcamiento,HERIDO,Calle 48 DD Con Carrera 99 F,6.26657691,-75.61517904,13,San Javier,1307,Juan XXIII La Quiebra
489095,2019,2019-03-26,19:25,Choque,SOLO DAÑOS,CALLE 49 A CON CARRERA 56,6.2529301,-75.57376552,10,La Candelaria,1006,San Benito
490977,2019,2019-04-11,13:00,Choque,SOLO DAÑOS,CALLE 1 A SUR CON CARRERA 43 B,6.20318676,-75.57300775,14,El Poblado,1421,Patio Bonito
628060,2022,2022-09-13,12:30,Otro,HERIDO,Tramo 18 Con Kilometro 4,,,9,Buenos Aires,,
548270,2020,2020-10-04,09:45,Choque,HERIDO,CALLE 7 CON CARRERA 43 A,6.20631338,-75.5715102,14,El Poblado,1417,La Florida
591349,2021,2021-11-07,15:30,Caida Ocupante,HERIDO,CALLE 54 CON CARRERA 84,6.26896575,-75.60014964,12,La América,1213,Calasanz Parte Alta
482400,2019,2019-01-28,14:50,Choque,SOLO DAÑOS,CALLE 11 CON DIAGONAL 75 DA,6.22032447,-75.59797787,16,Belén,1606,Las Playas
634533,2022,2022-11-27,18:00,Otro,HERIDO,Calle 10 Con Carrera 65,6.21706925,-75.58645654,15,Guayabal,Inst_19,Parque Juan Pablo II
625333,2022,2022-08-23,08:00,Otro,HERIDO,Calle 66 Con Carrera 45,6.26139903,-75.55627394,4,Aranjuez,0409,Manrique Central No. 1
546647,2020,2020-09-18,05:45,Choque,HERIDO,CALLE 120 CON CARRERA 64 AD,6.31169778,-75.55671056,5,Castilla,-,0
592919,2021,2021-11-20,13:30,Choque,SOLO DAÑOS,CALLE 44 CON CARRERA 63 D,6.2482061,-75.58223451,11,Laureles Estadio,1104,San Joaquín
535128,2020,2020-03-16,15:20,Choque,HERIDO,CALLE 39 CON CARRERA 48,6.23947621,-75.57101043,10,La Candelaria,1013,Barrio Colón
505479,2019,2019-08-09,11:00,Otro,HERIDO,CALLE 10 CON CARRERA 65,6.21706925,-75.58645654,15,Guayabal,Inst_19,Parque Juan Pablo II
671492,2024,2024-06-12,08:40,Choque,HERIDO,Carrera 65 Con Calle 32 A,6.23558754,-75.58267853,16,Belén,1601,Fátima
654827,2023,2023-09-23,18:00,Choque,HERIDO,Calle 65 Con Carrera 71,6.26225774,-75.5842048,7,Robledo,Inst_7,Nueva Villa de la Iguaná
495378,2019,2019-05-20,12:22,Volcamiento,HERIDO,CALLE 95 A CON CARRERA 107,6.29718234,-75.61963123,60,Corregimiento de San Cristóbal,6009,Yolombo
495232,2019,2019-05-18,19:40,Choque,SOLO DAÑOS,CALLE 37 CON CARRERA 73,,,11,Laureles Estadio,Sin inf,Sin inf
630602,2022,2022-10-04,11:00,Otro,HERIDO,Calle 77 Con Carrera 55 B,6.27408331,-75.56702585,4,Aranjuez,0405,Parque Norte
511903,2019,2019-09-23,19:15,Choque,HERIDO,CALLE 38 CON CARRERA 46,6.23761343,-75.57032889,10,La Candelaria,1020,Barrio Colón
515371,2019,2019-10-18,14:15,Otro,HERIDO,CALLE 53 B CON CARRERA 85 E,6.26967801,-75.60126462,12,La América,SN01,Calasanz Parte Alta
493115,2019,2019-05-02,12:30,Atropello,HERIDO,CALLE 49 CON CARRERA 20 B,6.23816324,-75.54762214,9,Buenos Aires,0905,Miraflores
632685,2022,2022-10-31,18:50,Otro,HERIDO,Calle 5 A Con Carrera 43 A,6.20601657,-75.57159531,14,El Poblado,1421,Patio Bonito
502894,2019,2019-07-22,09:50,Caida Ocupante,HERIDO,CALLE 3 A CON CARRERA 80,6.21300478,-75.604426,16,Belén,1610,El Rincón
676173,2024,2024-08-25,16:00,Otro,HERIDO,Carrera 52 Con Calle 100 C,6.29452851,-75.56054084,2,Santa Cruz,210,Santa Cruz
532862,2020,2020-02-27,14:00,Otro,HERIDO,CALLE 3 A CON CARRERA 86 A,,,16,Belén,,
488185,2019,2019-03-18,16:00,Choque,SOLO DAÑOS,CALLE 77 C CON CARRERA 91,6.28543351,-75.59275327,7,Robledo,0713,Aures No.1
574125,2021,2021-06-19,16:00,Choque,SOLO DAÑOS,CALLE 60 CON CARRERA 46,6.25582962,-75.56073365,8,Villa Hermosa,0803,Prado
696584,2025,2025-06-22,04:00,Otro,HERIDO,Calle 44 Con Carrera 100,6.25696376,-75.61593482,13,San Javier,1309,San Javier No.1
671813,2024,2024-06-17,14:30,Otro,HERIDO,CL 065 096,,,60,Corregimiento de San Cristóbal,,
566498,2021,2021-04-03,22:00,Choque,HERIDO,CALLE 56 CON CARRERA 8 A,6.23503152,-75.53466403,8,Villa Hermosa,0819,Las Estancias
490818,2019,2019-04-10,09:45,Choque,HERIDO,CALLE 86 CON CARRERA 64 C,6.28065758,-75.57243335,7,Robledo,0709,Córdoba
680399,2024,2024-10-30,17:45,Otro,HERIDO,CL 067 057,6.26480708,-75.57003054,10,La Candelaria,1004,El Chagualo
622015,2022,2022-07-28,21:50,Choque,SOLO DAÑOS,Calle 47 D Con Carrera 63,6.25106264,-75.57942305,11,Laureles Estadio,1103,Naranjal
696542,2025,2025-06-21,14:00,Otro,HERIDO,Calle 66 Con Carrera 52,,,N/D,N/D,,
516363,2019,2019-10-25,12:40,Choque,SOLO DAÑOS,CALLE 30 CON CARRERA 48,6.23188079,-75.57442636,10,La Candelaria,1012,Perpetuo Socorro
547653,2020,2020-09-28,14:05,Choque,HERIDO,CALLE 30 CON CARRERA 52,6.23184193,-75.57818136,15,Guayabal,1502,Tenche
672637,2024,2024-07-01,15:20,Choque,HERIDO,Carrera 45 Con Calle 84,6.27619921,-75.55351988,4,Aranjuez,410,Campo Valdés No.1
576604,2021,2021-07-10,14:39,Choque,SOLO DAÑOS,CALLE 36 CON CARRERA 62,6.23119464,-75.57527306,14,El Poblado,1401,Barrio Colombia
558731,2021,2021-01-21,07:55,Otro,HERIDO,CALLE 58 CON CARRERA 103,6.27444331,-75.61280094,7,Robledo,0722,Olaya Herrera
539216,2020,2020-06-12,02:40,Choque,SOLO DAÑOS,CALLE 7 CON CARRERA 30,6.20435135,-75.56055918,14,El Poblado,1409,El Tesoro
507481,2019,2019-08-23,14:10,Choque,SOLO DAÑOS,CALLE 44 CON CARRERA 80,6.2507671,-75.60248345,12,La América,1204,La América
510569,2019,2019-09-14,16:15,Choque,HERIDO,CALLE 68 CON CARRERA 42,6.26346137,-75.55308112,3,Manrique,0308,Manrique Central No. 2
496304,2019,2019-05-27,23:15,Choque,MUERTO,CALLE 26 CON CARRERA 38,6.22464718,-75.56524268,9,Buenos Aires,0915,Asomadera No. 2
533189,2020,2020-02-29,20:31,Choque,HERIDO,CALLE 50 CON CARRERA 46,6.24828804,-75.56510766,10,La Candelaria,1019,La Candelaria
547623,2020,2020-09-28,09:00,Choque,HERIDO,CALLE 72 CON TRANSVERSAL 39 A,,,11,Laureles Estadio,,
661269,2024,2024-01-02,18:10,Atropello,HERIDO,Carrera 50 Con Calle 30,6.23187752,-75.57442722,10,La Candelaria,1012,Perpetuo Socorro
649639,2023,2023-07-10,21:22,Otro,HERIDO,Calle 2  Sur Con Carrera 50,6.20427609,-75.57969314,15,Guayabal,1509,Cristo Rey
486969,2019,2019-03-07,18:00,Choque,SOLO DAÑOS,CALLE 105 A CON CARRERA 75,6.30435034,-75.57208877,6,Doce de Octubre,0604,Pedregal
490699,2019,2019-04-09,12:00,Choque,SOLO DAÑOS,CALLE 24 CON CARRERA 48,6.22568434,-75.57504458,14,El Poblado,1401,Villa Carlota
554444,2020,2020-12-04,15:00,Choque,SOLO DAÑOS,CALLE 10 CON CARRERA 59,6.21649084,-75.58471408,15,Guayabal,1507,Campo Amor
505336,2019,2019-08-08,11:15,Choque,SOLO DAÑOS,CALLE 40 CON CARRERA 52,6.2409123,-75.57296675,10,La Candelaria,1011,Calle Nueva
554147,2020,2020-12-02,09:30,Choque,SOLO DAÑOS,CALLE 63 B CON AVENIDA 33,,,16,Belén,,
605453,2022,2022-03-09,20:10,Choque,HERIDO,Calle 78 Con Carrera 48 A,6.2715833,-75.55723314,4,Aranjuez,0410,Campo Valdés No. 1
514010,2019,2019-10-08,17:00,Choque,SOLO DAÑOS,CALLE 31 CON CARRERA 78,6.23279135,-75.59820929,16,Belén,1603,Belén
564113,2021,2021-03-10,17:30,Choque,HERIDO,CALLE 79 CON CARRERA 47,6.27225792,-75.55604806,4,Aranjuez,0410,Campo Valdés No. 1
528523,2020,2020-01-27,13:10,Choque,SOLO DAÑOS,CALLE 72 CON CARRERA 69,6.27272363,-75.57991172,7,Robledo,0702,B. Cerro  El Volador
671631,2024,2024-06-14,16:40,Choque,HERIDO,Calle 44 Con Carrera 52,6.24508616,-75.57144886,10,La Candelaria,1007,Guayaquil
521016,2019,2019-11-29,07:40,Choque,HERIDO,CALLE 49 B CON CARRERA 66,6.25607006,-75.58231932,11,Laureles Estadio,1102,Suramericana
578633,2021,2021-07-26,18:30,Caida Ocupante,HERIDO,CALLE 30 CON CARRERA 80,6.23123883,-75.60064487,16,Belén,1603,Belén
508065,2019,2019-08-28,06:00,Atropello,HERIDO,CALLE 50 CON CARRERA 57,6.25345151,-75.57564172,10,La Candelaria,1006,San Benito
663603,2024,2024-02-08,06:50,Choque,HERIDO,Calle 62 Con Carrera 96 A,6.27676265,-75.60734931,7,Robledo,719,Fuente Clara
489724,2019,2019-04-01,21:50,Choque,SOLO DAÑOS,CALLE 78 CON CARRERA 47,6.27139427,-75.55619503,4,Aranjuez,0410,Campo Valdés No. 1
632006,2022,2022-10-22,13:00,Choque,HERIDO,Calle 55 Con Carrera 37,6.24780261,-75.55646415,10,La Candelaria,1016,Boston
526374,2020,2020-01-10,19:35,Atropello,HERIDO,CALLE 97 A CON CARRERA 64 C,6.29217976,-75.56826986,5,Castilla,0510,Tricentenario
674383,2024,2024-07-29,13:02,Choque,HERIDO,Carrera 65 Con Calle 89,6.28214853,-75.57217713,5,Castilla,514,Alfonso López
501490,2019,2019-07-11,17:40,Choque,SOLO DAÑOS,CALLE 48 CON CARRERA 80,6.25884817,-75.5977618,12,La América,1202,Calasanz
663714,2024,2024-02-09,19:00,Choque,HERIDO,Carrera 49 Con Calle 7,6.20878049,-75.57673335,14,El Poblado,1421,Patio Bonito
499336,2019,2019-06-22,14:55,Choque,SOLO DAÑOS,CALLE 14 CON CARRERA 65,6.21887448,-75.58586668,15,Guayabal,1504,Santa Fé
514576,2019,2019-10-12,15:00,Choque,SOLO DAÑOS,CALLE 46 CON CARRERA 29,6.23796842,-75.5532747,9,Buenos Aires,0908,Buenos Aires
665052,2024,2024-03-01,15:20,Choque,HERIDO,Calle 31 A Con Carrera 82 C,6.23131616,-75.60230524,16,Belén,1603,Belén
507036,2019,2019-08-20,11:00,Choque,SOLO DAÑOS,CALLE 9 CON CARRERA 56,6.21462809,-75.58411195,15,Guayabal,1507,Campo Amor
492749,2019,2019-04-28,14:30,Volcamiento,HERIDO,CALLE 65 CON CARRERA 80 A,6.27351762,-75.59446411,7,Robledo,0717,Robledo
532661,2020,2020-02-26,06:15,Caida Ocupante,HERIDO,CALLE 58 CON CARRERA 57,6.26035459,-75.57318834,10,La Candelaria,1004,El Chagualo
487226,2019,2019-03-10,13:30,Choque,HERIDO,TRAMO 8 CON KILOMETRO 7,,,N/D,N/D,Sin inf,Sin inf
565247,2021,2021-03-20,23:10,Volcamiento,HERIDO,CALLE 3 CON CARRERA 79,6.21319749,-75.60254743,16,Belén,1610,El Rincón
556708,2020,2020-12-24,11:00,Choque,SOLO DAÑOS,CALLE 54 CON CARRERA 57,6.25573859,-75.5737517,10,La Candelaria,1006,San Benito
502695,2019,2019-07-20,12:10,Choque,HERIDO,CALLE 93 CON CARRERA 64,6.2868037,-75.56667457,5,Castilla,Inst_2,Oleoducto
556401,2020,2020-12-21,17:10,Choque,SOLO DAÑOS,CALLE 31 CON CARRERA 42 B,6.23132479,-75.56852449,10,La Candelaria,1020,San Diego
626191,2022,2022-08-30,13:20,Choque,SOLO DAÑOS,Calle 49 A Con Carrera 56 B,6.25180925,-75.57409987,10,La Candelaria,1006,San Benito
652919,2023,2023-08-27,11:00,Choque,HERIDO,Calle 49 Con Carrera 25,6.23870325,-75.54868914,9,Buenos Aires,0905,Miraflores
556971,2020,2020-12-28,07:40,Volcamiento,HERIDO,CALLE 97 AA CON CARRERA 80 A,6.29641465,-75.58169181,6,Doce de Octubre,0606,San Martín de Porres
594531,2021,2021-12-02,22:30,Choque,HERIDO,CARRERA 78 CON TRANSVERSAL 39 B,,,11,Laureles Estadio,,
528393,2020,2020-01-26,10:15,Caida Ocupante,HERIDO,CALLE 78 B CON CARRERA 69,6.27583907,-75.57883675,7,Robledo,0707,Bosques de San Pablo
550329,2020,2020-10-25,11:00,Caida Ocupante,HERIDO,CALLE 65 CON CARRERA 86,6.27589459,-75.59641313,7,Robledo,0717,Robledo
616685,2022,2022-06-13,08:00,Choque,HERIDO,Calle 5  Sur Con Carrera 98,,,16,Belén,,
559001,2021,2021-01-23,20:00,Choque,SOLO DAÑOS,CALLE 93 CON CARRERA 73,6.28876521,-75.57743067,5,Castilla,0514,La Esperanza
662275,2024,2024-01-20,09:50,Choque,HERIDO,Carrera 48 A Con Calle 7,6.20891339,-75.57810679,14,El Poblado,1421,Patio Bonito
645061,2023,2023-05-11,07:30,Otro,HERIDO,Calle 49 Con Carrera 96 A,6.2617814,-75.61033225,13,San Javier,1306,La Pradera
569094,2021,2021-05-06,09:00,Choque,SOLO DAÑOS,CALLE 60 CON CARRERA 47,6.25620099,-75.56128332,10,La Candelaria,1001,Prado
634581,2022,2022-11-28,10:50,Choque,HERIDO,Calle 2 B Con Carrera 75 DD,6.21497284,-75.6001564,16,Belén,1608,El Rincón
569176,2021,2021-05-06,19:50,Choque,SOLO DAÑOS,CALLE 72 CON CARRERA 104,6.28773712,-75.61567812,60,Corregimiento de San Cristóbal,6013,Pedregal Alto
681923,2024,2024-11-25,07:20,Otro,HERIDO,DG 074 A 070 165,6.24011833,-75.59074735,11,Laureles Estadio,Inst_15,U.P.B
503129,2019,2019-07-23,16:50,Choque,SOLO DAÑOS,CALLE 79 CON CARRERA 49,6.27262316,-75.55815713,4,Aranjuez,0414,Brasilia
520801,2019,2019-11-27,07:30,Choque,HERIDO,CALLE 20 CON CARRERA 48,6.22414852,-75.57520791,14,El Poblado,1403,Villa Carlota
553630,2020,2020-11-27,19:30,Choque,SOLO DAÑOS,CALLE 44 CON CARRERA 57,6.24625198,-75.57519767,10,La Candelaria,Inst_17,Centro Administrativo
519361,2019,2019-11-16,14:40,Choque,HERIDO,CALLE 44 CON CARRERA 84,6.25067951,-75.60457025,12,La América,1204,La América
495042,2019,2019-05-17,09:00,Caida Ocupante,HERIDO,CALLE 999 CON CARRERA 999,,,N/D,N/D,Sin inf,Sin inf
582991,2021,2021-08-31,15:45,Choque,SOLO DAÑOS,CALLE 4 CON CARRERA 50,6.20907495,-75.57906424,15,Guayabal,1507,Campo Amor
652703,2023,2023-08-24,07:00,Choque,HERIDO,Calle 64 Con Carrera 42,6.25712746,-75.55565547,8,Villa Hermosa,0802,La Mansión
680432,2024,2024-10-31,07:20,Atropello,HERIDO,CR 078 045 S 046,,,80,Corregimiento de San Antonio de Prado,,
552254,2020,2020-11-14,09:15,Choque,HERIDO,CALLE 48 CON CARRERA 40,6.24415485,-75.56144802,10,La Candelaria,1015,Bomboná No. 1
591505,2021,2021-11-08,21:30,Choque,SOLO DAÑOS,CALLE 82 CON CARRERA 39,6.27355418,-75.54851474,3,Manrique,0304,Santa Inés
577502,2021,2021-07-17,14:00,Otro,HERIDO,CALLE 78 B CON CARRERA 80,6.2939571,-75.58223131,6,Doce de Octubre,0606,Picacho
546321,2020,2020-09-14,16:00,Choque,SOLO DAÑOS,CALLE 60 CON CARRERA 125,6.27548645,-75.62879919,60,Corregimiento de San Cristóbal,6014,Suburbano La Loma
556459,2020,2020-12-22,08:45,Choque,HERIDO,CALLE 49 B CON CARRERA 67,6.25650389,-75.58323416,11,Laureles Estadio,1102,Suramericana
589297,2021,2021-10-20,11:50,Choque,HERIDO,CALLE 46 CON CARRERA 53,6.24788567,-75.57152694,10,La Candelaria,1019,Guayaquil
644578,2023,2023-05-04,20:40,Choque,HERIDO,Calle 99 Con Carrera 78,6.2976422,-75.57895013,6,Doce de Octubre,0603,Doce de Octubre No.2
527424,2020,2020-01-19,15:50,Choque,HERIDO,CALLE 30 CON CARRERA 76,6.23138599,-75.59622621,16,Belén,1603,Belén
540385,2020,2020-06-27,10:30,Choque,SOLO DAÑOS,CALLE 9 SUR CON CARRERA 55,6.2017303,-75.59531385,15,Guayabal,1511,La Colina
597664,2021,2021-12-29,07:25,Choque,HERIDO,CALLE 49 B CON CARRERA 66,6.25607006,-75.58231932,11,Laureles Estadio,1102,Suramericana
666395,2024,2024-03-21,06:56,Choque,HERIDO,Calle 50 Con Carrera 79,6.26317394,-75.59583523,11,Laureles Estadio,1114,Los Colores
691608,2025,2025-04-20,13:50,Choque,HERIDO,Calle 17 Con Carrera 24 B,6.21562762,-75.55599653,14,El Poblado,1408,Altos del Poblado
616544,2022,2022-06-11,21:00,Otro,HERIDO,Calle 122 Con Carrera 50,6.30524888,-75.55193227,2,Santa Cruz,0203,La Frontera
669099,2024,2024-05-03,19:40,Caida Ocupante,HERIDO,Calle 80 Con Carrera 91,6.28883569,-75.59079099,7,Robledo,712,Aures No.1
588095,2021,2021-10-10,10:30,Caida Ocupante,HERIDO,CALLE 44 A CON CARRERA 90,6.25298155,-75.60712154,12,La América,1207,El Danubio
696068,2025,2025-06-15,15:30,Otro,HERIDO,Calle 98 Con Carrera 68,6.29369749,-75.57120608,5,Castilla,511,Castilla
681996,2024,2024-11-26,11:15,Choque,HERIDO,CL 032 051,6.23464534,-75.57470577,10,La Candelaria,1012,Perpetuo Socorro
611565,2022,2022-04-30,12:10,Choque,HERIDO,Calle 44 Con Carrera 90,6.252265,-75.60760733,12,La América,1207,El Danubio
570378,2021,2021-05-18,13:40,Choque,HERIDO,CALLE 48 D CON CARRERA 68,6.25569486,-75.58521127,11,Laureles Estadio,1102,Suramericana
604993,2022,2022-03-05,18:40,Choque,HERIDO,Calle 9 Con Carrera 49,6.21157284,-75.57871275,15,Guayabal,1507,Campo Amor
688788,2025,2025-03-14,17:00,Otro,HERIDO,Calle 78 A Con Carrera 91 A,6.28771353,-75.59212185,7,Robledo,713,Aures No.1
658948,2023,2023-11-20,20:16,Choque,HERIDO,Calle 30 Con Carrera 66 B,6.23167102,-75.58727328,16,Belén,1601,Rosales
663775,2024,2024-02-10,17:00,Choque,HERIDO,Carrera 49 Con Calle 12  Sur,6.19443032,-75.58118307,14,El Poblado,1423,Santa María de los Ángeles
672448,2024,2024-06-27,22:30,Otro,HERIDO,CL 011 043,,,14,El Poblado,,
550048,2020,2020-10-22,17:20,Otro,HERIDO,CALLE 68 CON CARRERA 40,6.26323111,-75.55136632,3,Manrique,0308,Manrique Oriental
505136,2019,2019-08-06,17:30,Choque,SOLO DAÑOS,CALLE 44 CON CARRERA 46,6.24381107,-75.56859494,10,La Candelaria,1013,Barrio Colón
702351,2025,2025-08-29,21:30,Choque,HERIDO,Calle 42 A Con Carrera 55,6.24494435,-75.57546051,10,La Candelaria,Inst_16,La Alpujarra
649152,2023,2023-07-03,22:00,Otro,HERIDO,Calle 80 Con Carrera 93,6.29005916,-75.59283136,7,Robledo,0713,Aures No.1
576990,2021,2021-07-13,20:40,Otro,HERIDO,CALLE 44 CON CARRERA 50,6.24441316,-75.56983257,10,La Candelaria,1007,Guayaquil
508785,2019,2019-09-02,14:00,Choque,SOLO DAÑOS,CALLE 38 E CON CARRERA 28,6.23236418,-75.55641935,9,Buenos Aires,0913,Loreto
593900,2021,2021-11-28,05:10,Otro,HERIDO,CALLE 10 CON CARRERA 28,6.20853558,-75.55748794,14,El Poblado,1407,Las Lomas No.2
592737,2021,2021-11-19,08:10,Choque,HERIDO,CARRERA 70 CON TRANSVERSAL 39 B,6.2393265,-75.5896051,11,Laureles Estadio,1105,Los Conquistadores
624512,2022,2022-08-16,17:20,Choque,SOLO DAÑOS,Calle 57 Con Carrera 59,6.27896536,-75.5677471,4,Aranjuez,0405,Moravia
658622,2023,2023-11-16,07:20,Choque,HERIDO,Calle 43 Con Carrera 40,6.24089279,-75.5637968,10,La Candelaria,1014,Las Palmas
485213,2019,2019-02-20,18:40,Otro,HERIDO,CALLE 24 CON CARRERA 44,6.22559125,-75.57400027,14,El Poblado,1403,Villa Carlota
564454,2021,2021-03-13,19:50,Choque,HERIDO,CALLE 54 CON CARRERA 63,6.25784093,-75.57963515,11,Laureles Estadio,1101,Carlos E. Restrepo
621864,2022,2022-07-27,19:40,Choque,HERIDO,Calle 60 Con Carrera 47,6.25620099,-75.56128332,10,La Candelaria,1001,Prado
510908,2019,2019-09-17,08:40,Caida Ocupante,HERIDO,CALLE 33 CON CARRERA 63 B,6.23964434,-75.57977605,11,Laureles Estadio,1105,Los Conquistadores
630614,2022,2022-10-04,13:30,Otro,HERIDO,Calle 65 DD Con Carrera 44,6.25858514,-75.55779958,8,Villa Hermosa,0802,La Mansión
497585,2019,2019-06-08,10:20,Choque,SOLO DAÑOS,CALLE 12 CON CARRERA 50,6.21496343,-75.57952481,15,Guayabal,1507,Campo Amor
494182,2019,2019-05-10,09:47,Choque,SOLO DAÑOS,CALLE 29 CON CARRERA 43 A,6.22759476,-75.56945514,14,El Poblado,1401,Barrio Colombia
607219,2022,2022-03-24,07:30,Choque,HERIDO,Calle 50 Con Carrera 81 B,6.26412732,-75.59902163,12,La América,1202,Calasanz
623367,2022,2022-08-07,22:32,Choque,HERIDO,Calle 53 Con Carrera 74,6.26231305,-75.58772627,11,Laureles Estadio,1115,Cuarta Brigada
658123,2023,2023-11-08,10:00,Otro,HERIDO,Calle 10 Con Carrera 30,6.20888896,-75.55923311,14,El Poblado,1406,Las Lomas No.1
482741,2019,2019-01-31,16:45,Atropello,HERIDO,CALLE 54 CON CARRERA 56,6.25484999,-75.57129453,10,La Candelaria,1006,San Benito
570945,2021,2021-05-23,19:00,Choque,HERIDO,CALLE 52 CON CARRERA 18,6.23710427,-75.54331886,8,Villa Hermosa,0813,Villatina
589551,2021,2021-10-22,11:20,Choque,SOLO DAÑOS,CALLE 6 SUR CON CARRERA 50 EE,6.20304038,-75.58465809,15,Guayabal,1509,Cristo Rey
531827,2020,2020-02-20,12:30,Choque,SOLO DAÑOS,CALLE 67 CON CARRERA 64 C,6.26569446,-75.57490435,5,Castilla,0517,Caribe
684311,2025,2025-01-12,07:25,Choque,HERIDO,Calle 54 Con Carrera 62,,,10,La Candelaria,,
564424,2021,2021-03-13,14:20,Atropello,HERIDO,CALLE 43 CON CARRERA 92,6.25288494,-75.60950133,12,La América,1207,El Danubio
676729,2024,2024-09-03,03:30,Volcamiento,HERIDO,Carrera 70 Con Calle 25,6.22608945,-75.59138066,16,Belén,1605,San Bernardo
613024,2022,2022-05-12,12:50,Choque,HERIDO,Calle 98 Con Carrera 51,6.29157578,-75.5598075,2,Santa Cruz,0211,La Rosa
623256,2022,2022-08-07,00:10,Otro,HERIDO,Calle 91 C Con Carrera 87 A,6.28996913,-75.58656043,7,Robledo,0712,Aures No. 2
582726,2021,2021-08-29,13:40,Choque,HERIDO,CALLE 46 CON CARRERA 42,6.24297057,-75.5637119,10,La Candelaria,1015,Bomboná No. 1
655590,2023,2023-10-04,06:45,Otro,HERIDO,Calle 29 C Con Carrera 54 A,6.2305309,-75.57920857,15,Guayabal,1502,Tenche
674689,2024,2024-08-03,08:30,Choque,HERIDO,Carrera 52 Con Calle 2  Sur,6.20663327,-75.58599406,15,Guayabal,1509,Cristo Rey
595087,2021,2021-12-07,07:10,Choque,SOLO DAÑOS,CALLE 8 SUR CON CARRERA 50,6.19999357,-75.58038964,15,Guayabal,1510,Guayabal
632765,2022,2022-11-01,18:00,Atropello,HERIDO,Calle 98 A Con Carrera 84,6.29896733,-75.58365459,6,Doce de Octubre,0608,Picacho
634684,2022,2022-11-30,05:52,Choque,HERIDO,Calle 55 Con Carrera 65,6.25866798,-75.58014181,11,Laureles Estadio,1101,Carlos E. Restrepo
617633,2022,2022-06-21,12:13,Otro,HERIDO,Calle 87 Con Carrera 97,6.29473192,-75.59227705,7,Robledo,0712,Aures No. 2
648957,2023,2023-07-01,09:30,Choque,HERIDO,Calle 6 Con Carrera 32,6.2046212,-75.56287454,14,El Poblado,1417,La Florida
694678,2025,2025-05-29,14:56,Atropello,HERIDO,Calle 50 Con Carrera 56 A,6.2524011,-75.57356354,10,La Candelaria,1006,San Benito
652102,2023,2023-08-16,15:20,Choque,HERIDO,Calle 35 Con Carrera 87 A,6.2440283,-75.61201079,12,La América,1212,Santa Teresita
550324,2020,2020-10-25,10:30,Atropello,HERIDO,CALLE 24 CON CARRERA 79 B,6.22662718,-75.60055342,16,Belén,1605,San Bernardo
690943,2025,2025-04-11,01:24,Atropello,MUERTO,Calle 58 Con Carrera 55,6.25826484,-75.57056106,10,La Candelaria,1004,El Chagualo
660419,2023,2023-12-12,06:55,Otro,HERIDO,Calle 93 Con Carrera 46,6.28443546,-75.55362872,4,Aranjuez,0401,Berlin
525150,2019,2019-12-29,09:20,Otro,HERIDO,CALLE 46 CON CARRERA 70,6.25136604,-75.58828576,11,Laureles Estadio,1117,Florida Nueva
681077,2024,2024-11-10,11:40,Otro,HERIDO,CL 043 DD 120 B 037,,,13,San Javier,,
505171,2019,2019-08-06,20:40,Choque,SOLO DAÑOS,CALLE 39 CON CARRERA 30,6.23436856,-75.55637425,9,Buenos Aires,0913,Loreto
701643,2025,2025-08-21,20:00,Choque,HERIDO,Calle 94 A Con Carrera 63,6.28734236,-75.56654237,5,Castilla,510,Tricentenario
701734,2025,2025-08-22,18:40,Choque,HERIDO,Calle 80 Con Carrera 72,6.27989697,-75.57850284,7,Robledo,709,Córdoba
553164,2020,2020-11-23,18:00,Caida Ocupante,HERIDO,CALLE 53 CON CARRERA 46,6.25058805,-75.56383557,10,La Candelaria,1019,La Candelaria
566039,2021,2021-03-29,10:10,Volcamiento,HERIDO,CALLE 30 CON CARRERA 66 B,6.23167102,-75.58727328,16,Belén,1601,Rosales
509823,2019,2019-09-09,15:00,Choque,HERIDO,CALLE 10 B CON CARRERA 36,6.21041131,-75.56540182,14,El Poblado,1418,El Poblado
525287,2019,2019-12-30,15:30,Otro,HERIDO,CALLE 67 CON CARRERA 55,6.26436915,-75.56738017,10,La Candelaria,1003,Jesús Nazareno
512028,2019,2019-09-24,17:13,Choque,SOLO DAÑOS,CALLE 56 CON CARRERA 47,6.25315794,-75.56350256,10,La Candelaria,1018,Villa Nueva
507518,2019,2019-08-23,18:00,Otro,HERIDO,CALLE 65 CON CARRERA 39,6.25583338,-75.55239704,8,Villa Hermosa,0801,Villa Hermosa
700096,2025,2025-08-03,20:00,Volcamiento,HERIDO,Calle 18 C Con Diagonal 28,6.22019584,-75.56021977,9,Buenos Aires,916,Asomadera No.3
575156,2021,2021-06-28,00:50,Choque,HERIDO,CALLE 34 CON CARRERA 63,6.24024038,-75.57875111,11,Laureles Estadio,1105,Los Conquistadores
695664,2025,2025-06-10,16:40,Otro,HERIDO,Calle 53 Con Carrera 45,6.24960585,-75.56303485,10,La Candelaria,1019,La Candelaria
643246,2023,2023-04-15,14:00,Otro,HERIDO,Calle 32 Con Carrera 16 B,6.22679308,-75.54673996,9,Buenos Aires,0903,Bomboná No. 2
505337,2019,2019-08-08,11:30,Choque,SOLO DAÑOS,CALLE 16 SUR CON CARRERA 48 C,6.19023048,-75.58038241,14,El Poblado,1423,Santa María de los Ángeles
597982,2022,2022-01-01,14:00,Volcamiento,HERIDO,Calle 86 Con Carrera 39,6.27794681,-75.54779353,3,Manrique,0302,Las Granjas
668951,2024,2024-05-01,17:30,Volcamiento,HERIDO,TV 039 002 004,,,11,Laureles Estadio,,
597539,2021,2021-12-27,18:00,Caida Ocupante,HERIDO,CALLE 47 CON CARRERA 65,6.25430332,-75.58225639,11,Laureles Estadio,1102,Suramericana
546895,2020,2020-09-20,19:00,Choque,SOLO DAÑOS,CALLE 10 C CON CARRERA 25,6.21004665,-75.5545754,14,El Poblado,1407,Las Lomas No.2
659749,2023,2023-12-02,20:00,Otro,HERIDO,Calle 92 Con Carrera 70,6.28592901,-75.57585119,5,Castilla,0513,Francisco Antonio Zea
696041,2025,2025-06-15,05:55,Atropello,HERIDO,Calle 58 Con Carrera 62,6.26047672,-75.57328816,10,La Candelaria,1004,El Chagualo
605651,2022,2022-03-11,11:00,Choque,SOLO DAÑOS,Calle 14 Con Carrera 65,6.21887448,-75.58586668,15,Guayabal,1504,Santa Fé
639598,2023,2023-02-17,12:30,Atropello,HERIDO,Calle 47 Con Carrera 50,6.24742342,-75.56870095,10,La Candelaria,1019,La Candelaria
679131,2024,2024-10-10,20:05,Choque,HERIDO,CL 009 S 079 C,6.20269424,-75.60066894,16,Belén,1609,La Hondonada
586693,2021,2021-09-29,19:00,Choque,HERIDO,CALLE 39 B CON CARRERA 74 B,6.2468986,-75.59382103,11,Laureles Estadio,1108,Laureles
622537,2022,2022-08-02,05:00,Otro,HERIDO,Calle 54 Con Carrera 70,6.26144667,-75.58646707,11,Laureles Estadio,1115,Cuarta Brigada
673943,2024,2024-07-22,07:30,Otro,HERIDO,CL 080 079 D,,,7,Robledo,,
638229,2023,2023-01-27,17:30,Otro,HERIDO,Calle 2  Sur Con Carrera 52,6.20663327,-75.58599406,15,Guayabal,1509,Cristo Rey
575301,2021,2021-06-29,11:25,Volcamiento,HERIDO,CALLE 1 A SUR CON CARRERA 29 D,6.19913012,-75.56251369,14,El Poblado,1410,Los Naranjos
568807,2021,2021-05-03,05:50,Otro,HERIDO,CALLE 55 CON CARRERA 67 B,6.25984944,-75.58263077,11,Laureles Estadio,1101,Carlos E. Restrepo
496556,2019,2019-05-30,08:00,Otro,HERIDO,CALLE 52 NORTE CON CARRERA 28,,,8,Villa Hermosa,Sin inf,Sin inf
511045,2019,2019-09-18,06:40,Choque,HERIDO,CALLE 52 CON CARRERA 28,6.24274952,-75.54974798,8,Villa Hermosa,0809,Alejandro Echavarría
625351,2022,2022-08-23,10:50,Choque,SOLO DAÑOS,Calle 25 Con Carrera 55,6.22677931,-75.58092976,15,Guayabal,1503,Trinidad
528469,2020,2020-01-27,05:11,Choque,HERIDO,CALLE 39 CON CARRERA 46,6.23920456,-75.57038062,10,La Candelaria,1013,Barrio Colón
687780,2025,2025-03-02,02:52,Choque,HERIDO,Calle 34 Con Carrera 36,6.23202654,-75.56426169,9,Buenos Aires,914,Asomadera No.1
501714,2019,2019-07-13,11:30,Caida Ocupante,HERIDO,CALLE 75 CON CARRERA 91 D,6.28407177,-75.59664112,7,Robledo,0716,Palenque
488368,2019,2019-03-20,09:40,Volcamiento,HERIDO,CALLE 52 CON CARRERA 19,6.23800125,-75.54417598,8,Villa Hermosa,0813,Villatina
616926,2022,2022-06-15,08:00,Choque,HERIDO,Calle 80 Con Carrera 64,6.27633391,-75.57345587,5,Castilla,Inst_3,Cementerio Universal
547662,2020,2020-09-28,15:40,Choque,SOLO DAÑOS,CALLE 7 SUR CON CARRERA 43 B,6.198503,-75.57561264,14,El Poblado,1422,La Aguacatala
628781,2022,2022-09-19,06:15,Otro,HERIDO,Calle 45 Con Carrera 36,6.24035635,-75.55859435,9,Buenos Aires,0911,Gerona
686143,2025,2025-02-09,03:28,Choque,HERIDO,Calle 47 D Con Carrera 73,6.25379336,-75.59175158,11,Laureles Estadio,1117,Florida Nueva
694084,2025,2025-05-21,23:15,Otro,HERIDO,Calle 33 A Con Carrera 65,6.2395071,-75.5976216,N/D,N/D,,
609957,2022,2022-04-17,14:30,Choque,SOLO DAÑOS,Calle 16 Con Carrera 28,6.21464196,-75.55769143,9,Buenos Aires,0915,Asomadera No. 2
676547,2024,2024-08-31,17:15,Atropello,HERIDO,Carrera 83 Con Calle 15 A,6.22148172,-75.60584619,16,Belén,1612,La Gloria
671945,2024,2024-06-19,16:59,Choque,HERIDO,Carrera 44 Con Calle 46,6.24462409,-75.56607272,10,La Candelaria,1013,Barrio Colón
494017,2019,2019-05-09,11:30,Choque,SOLO DAÑOS,CALLE 19 A CON CARRERA 84 F,6.22316051,-75.60870667,16,Belén,1612,Altavista
614260,2022,2022-05-22,20:50,Choque,HERIDO,Calle 49 Con Carrera 26,6.23917662,-75.54958635,9,Buenos Aires,0905,Miraflores
641323,2023,2023-03-14,09:50,Choque,HERIDO,Calle 50 Con Carrera 73,6.2599594,-75.58903678,11,Laureles Estadio,1115,Cuarta Brigada
561969,2021,2021-02-19,07:30,Choque,SOLO DAÑOS,CALLE 80 CON CARRERA 75,6.28248872,-75.58171147,7,Robledo,0710,López de Mesa
576009,2021,2021-07-05,18:00,Choque,SOLO DAÑOS,CALLE 44 CON CARRERA 43 B,6.2430587,-75.56618011,10,La Candelaria,1014,Las Palmas
662088,2024,2024-01-17,20:30,Choque,HERIDO,Carrera 76 Con Calle 45  Sur,6.18157288,-75.65459502,80,Corregimiento de San Antonio de Prado,8098,Área de Expansión San Antonio de Prado
632864,2022,2022-11-02,21:00,Caida Ocupante,HERIDO,Circular 1 Con Carrera 66 B,6.20957655,-75.59096672,15,Guayabal,Inst_19,Parque Juan Pablo II
506935,2019,2019-08-19,13:00,Choque,SOLO DAÑOS,CALLE 67 CON CARRERA 56,6.26477826,-75.56934324,4,Aranjuez,Inst_11,Universidad de Antioquia
530540,2020,2020-02-11,09:40,Atropello,HERIDO,CALLE 20 CON CARRERA 54,6.22201598,-75.58143512,15,Guayabal,1504,Santa Fé
479923,2019,2019-01-04,15:30,Choque,SOLO DAÑOS,CALLE 78 CON CARRERA 64 C,6.27699394,-75.57266359,5,Castilla,Inst_4,Terminal de Transporte
630133,2022,2022-09-30,10:00,Otro,HERIDO,Calle 44 Con Carrera 114,6.25802497,-75.62490206,13,San Javier,1317,Antonio Nariño
502341,2019,2019-07-18,06:00,Atropello,HERIDO,CALLE 54 CON CARRERA 57,6.25562284,-75.57354726,10,La Candelaria,1006,San Benito
516581,2019,2019-10-26,19:49,Choque,SOLO DAÑOS,CALLE 18 CON CARRERA 43,6.2200816,-75.56952148,14,El Poblado,1403,Villa Carlota
637092,2023,2023-01-09,08:30,Caida Ocupante,HERIDO,Calle 86 A Con Carrera 40,6.27881563,-75.54858167,3,Manrique,0302,Las Granjas
548828,2020,2020-10-09,20:55,Choque,HERIDO,CALLE 57 CON CARRERA 18,6.24845598,-75.53880604,8,Villa Hermosa,0811,Trece de Noviembre
602010,2022,2022-02-10,15:05,Choque,HERIDO,Calle 55 Con Carrera 74,6.26475364,-75.58753334,11,Laureles Estadio,1114,Los Colores
634769,2022,2022-12-01,01:30,Choque,HERIDO,Calle 97 Con Carrera 86,6.29833879,-75.58616115,6,Doce de Octubre,0609,Picachito
561250,2021,2021-02-13,00:40,Otro,HERIDO,CALLE 49 CON CARRERA 57,6.24913758,-75.57519319,10,La Candelaria,1008,Corazón de Jesús
639172,2023,2023-02-11,00:00,Otro,HERIDO,Calle 50 Con Carrera 63,6.25439574,-75.57831338,11,Laureles Estadio,1102,Suramericana
696100,2025,2025-06-16,00:40,Choque,HERIDO,Calle 84 Con Carrera 45,6.27619921,-75.55351988,4,Aranjuez,410,Campo Valdés No.1
683880,2025,2025-01-03,07:38,Choque,HERIDO,Calle 66 Con Carrera 50,6.26266441,-75.5606311,10,La Candelaria,1001,Prado
511173,2019,2019-09-18,17:50,Choque,SOLO DAÑOS,CALLE 4 CON CARRERA 72,6.24614344,-75.59147779,11,Laureles Estadio,1107,Bolivariana
499426,2019,2019-06-23,20:30,Caida Ocupante,HERIDO,CALLE 80 CON CARRERA 80,6.18661632,-75.65660126,80,Corregimiento de San Antonio de Prado,8000,Cabecera San Antonio de Prado
538716,2020,2020-06-04,17:20,Choque,HERIDO,CALLE 50 CON CARRERA 59,6.25395758,-75.57686466,10,La Candelaria,1008,Corazón de Jesús
560414,2021,2021-02-05,18:00,Choque,SOLO DAÑOS,CALLE 44 CON CARRERA 77 AA,6.25509064,-75.5963877,11,Laureles Estadio,1112,El Velódromo
593848,2021,2021-11-27,18:20,Choque,SOLO DAÑOS,TRANSVERSAL 74 CON CIRCULAR 2,,,11,Laureles Estadio,,
570182,2021,2021-05-16,19:00,Atropello,HERIDO,CALLE 52 CON CARRERA 28,6.24274952,-75.54974798,8,Villa Hermosa,0809,Alejandro Echavarría
618484,2022,2022-06-29,06:20,Choque,SOLO DAÑOS,Calle 49 Con Carrera 57,6.24913758,-75.57519319,10,La Candelaria,1008,Corazón de Jesús
561472,2021,2021-02-15,06:30,Caida Ocupante,HERIDO,CALLE 10 CON CARRERA 65,6.21706925,-75.58645654,15,Guayabal,Inst_19,Parque Juan Pablo II
697738,2025,2025-07-07,08:20,Choque,HERIDO,Calle 105 A Con Carrera 66,6.30354363,-75.56687029,5,Castilla,504,Tejelo
490273,2019,2019-04-05,20:30,Atropello,HERIDO,CALLE 49 A CON CARRERA 3,6.22979554,-75.53264856,9,Buenos Aires,0902,Barrio de Jesús
563772,2021,2021-03-07,16:00,Atropello,HERIDO,CALLE 49 B CON CARRERA 7,6.23131317,-75.53713096,9,Buenos Aires,0902,Barrio de Jesús
520877,2019,2019-11-27,20:50,Choque,HERIDO,CALLE 50 CON CARRERA 30,6.24149628,-75.55248749,9,Buenos Aires,0906,Barrio Caicedo
521895,2019,2019-12-05,16:45,Caida Ocupante,HERIDO,CALLE 47 CON CARRERA 46,6.24621925,-75.56690516,10,La Candelaria,1013,Barrio Colón
621390,2022,2022-07-23,18:10,Choque,SOLO DAÑOS,Calle 60 Con Carrera 77 A,6.26881993,-75.59065774,7,Robledo,0703,San Germán
616361,2022,2022-06-10,12:20,Atropello,HERIDO,Calle 103 Con Carrera 66,6.29752742,-75.5678298,5,Castilla,0509,Girardot
491921,2019,2019-04-21,11:30,Choque,SOLO DAÑOS,CALLE 30 CON CARRERA 12,,,14,El Poblado,Sin inf,Sin inf
637208,2023,2023-01-11,09:00,Otro,HERIDO,Calle 96 Con Carrera 45,6.28766652,-75.55260969,1,Popular,0106,Villa Guadalupe
544496,2020,2020-08-25,13:15,Atropello,HERIDO,CALLE 52 B CON CARRERA 9 SUR,,,15,Guayabal,,
514553,2019,2019-10-12,13:10,Choque,SOLO DAÑOS,CALLE 50 CON CARRERA 62,6.25384772,-75.57642315,10,La Candelaria,1006,San Benito
548308,2020,2020-10-04,23:00,Choque,HERIDO,CALLE 46 SUR CON CARRERA 75,6.18157288,-75.65459502,80,Corregimiento de San Antonio de Prado,8098,Área de Expansión San Antonio de Prado
640464,2023,2023-03-02,14:30,Otro,HERIDO,Calle 76 Con Carrera 98 B,,,7,Robledo,,
505323,2019,2019-08-08,10:05,Choque,SOLO DAÑOS,CALLE 50 CON CARRERA 45,6.24802941,-75.56408375,10,La Candelaria,1019,La Candelaria
650485,2023,2023-07-23,11:09,Choque,HERIDO,Calle 92 Con Carrera 64 C,6.28848726,-75.56957285,5,Castilla,0511,Castilla
494270,2019,2019-05-10,18:45,Atropello,HERIDO,CALLE 47 B CON CARRERA 100 C,6.25794037,-75.61611602,13,San Javier,1308,San Javier No.2
560192,2021,2021-02-03,14:30,Atropello,HERIDO,CALLE 62 CON CARRERA 50,6.2588233,-75.56227145,10,La Candelaria,1001,Prado
608002,2022,2022-03-30,17:30,Atropello,HERIDO,Calle 70 Con Carrera 97,6.28862956,-75.60029635,7,Robledo,0724,Monteclaro
500756,2019,2019-07-05,17:10,Choque,SOLO DAÑOS,CALLE 104 CON CARRERA 37,6.2926684,-75.54581805,1,Popular,0104,Granizal
549278,2020,2020-10-14,19:00,Choque,SOLO DAÑOS,CALLE 8 SUR CON CARRERA 50,6.19999357,-75.58038964,15,Guayabal,1510,Guayabal
553617,2020,2020-11-27,17:50,Otro,HERIDO,CALLE 44 CON CARRERA 66,6.24863884,-75.58425649,11,Laureles Estadio,1104,San Joaquín
625348,2022,2022-08-23,10:30,Otro,HERIDO,Calle 56 Con Diagonal 17 D,6.23933603,-75.54002517,8,Villa Hermosa,0812,La Libertad
607474,2022,2022-03-26,06:00,Atropello,HERIDO,Calle 112 Con Carrera 25,,,1,Popular,,
588345,2021,2021-10-12,13:00,Choque,SOLO DAÑOS,CALLE 44 CON CARRERA 46,6.24508944,-75.56771748,10,La Candelaria,1013,Barrio Colón
637114,2023,2023-01-09,19:00,Otro,HERIDO,Calle 77 A Con Carrera 88,6.28265623,-75.59208112,7,Robledo,0715,Aures No.1
612405,2022,2022-05-06,18:50,Otro,HERIDO,Calle 49 Con Carrera 44,6.24664127,-75.56411663,10,La Candelaria,1019,La Candelaria
618118,2022,2022-06-25,10:40,Choque,SOLO DAÑOS,Calle 27 Con Carrera 41,6.22555375,-75.56728405,10,La Candelaria,1020,San Diego
500375,2019,2019-07-02,13:00,Choque,SOLO DAÑOS,CALLE 107 CON CARRERA 28,6.29483836,-75.54109352,1,Popular,0102,La Avanzada
551952,2020,2020-11-11,09:00,Choque,HERIDO,CARRERA 65 CON DIAGONAL 75 B,6.23964294,-75.58994182,11,Laureles Estadio,Inst_15,U.P.B.
649218,2023,2023-07-04,19:00,Atropello,HERIDO,Calle 97 Con Carrera 51 B,6.28989213,-75.56191488,4,Aranjuez,0402,San Isidro
678587,2024,2024-10-02,15:45,Atropello,HERIDO,CL 098 070,6.29416616,-75.57256612,5,Castilla,511,Castilla
539645,2020,2020-06-18,07:45,Choque,HERIDO,CALLE 48 CON CARRERA 29,6.23960477,-75.55241448,9,Buenos Aires,0908,Buenos Aires
658379,2023,2023-11-12,07:00,Choque,HERIDO,Calle 99 Con Carrera 74,6.29763067,-75.57591268,6,Doce de Octubre,0604,Pedregal
525136,2019,2019-12-29,01:00,Choque,SOLO DAÑOS,CALLE 68 B CON CARRERA 87,6.27887393,-75.59443583,7,Robledo,0716,Palenque
654344,2023,2023-09-17,00:10,Choque,HERIDO,Calle 45 Con Carrera 46,6.24491657,-75.56766781,10,La Candelaria,1013,Barrio Colón
527507,2020,2020-01-20,09:00,Choque,HERIDO,CALLE 127 CON CARRERA 63,,,10,La Candelaria,,
563095,2021,2021-03-01,11:55,Choque,HERIDO,CALLE 31 A CON CARRERA 42,6.2334874,-75.5673111,10,La Candelaria,1020,San Diego
677146,2024,2024-09-09,09:30,Choque,HERIDO,Carrera 32 Con Calle 101,6.29030806,-75.54296547,1,Popular,104,Granizal
546310,2020,2020-09-14,14:20,Otro,HERIDO,CALLE 52 CON CARRERA 61,6.2560591,-75.57542348,10,La Candelaria,1006,San Benito
602215,2022,2022-02-12,08:00,Otro,HERIDO,Calle 99 Con Carrera 99,6.27343838,-75.60889338,8,Villa Hermosa,SN01,Olaya Herrera
617933,2022,2022-06-23,14:00,Choque,SOLO DAÑOS,Calle 48 B Con Carrera 107,6.26341323,-75.62182053,60,Corregimiento de San Cristóbal,6014,Suburbano La Loma
697827,2025,2025-07-08,08:30,Choque,HERIDO,Calle 11 Con Carrera 48,6.21348088,-75.57590194,14,El Poblado,1419,Manila
669160,2024,2024-05-04,19:30,Choque,HERIDO,CR 116 063 062,,,60,Corregimiento de San Cristóbal,,
699494,2025,2025-07-28,07:50,Atropello,HERIDO,Calle 94 Con Carrera 49,6.28578566,-75.55707585,4,Aranjuez,401,Berlín
658672,2023,2023-11-16,18:35,Choque,HERIDO,Calle 47 DD Con Carrera 86,6.25868187,-75.60324028,12,La América,1206,Santa Lucía
526048,2020,2020-01-07,19:30,Caida Ocupante,HERIDO,CALLE 86 CON CARRERA 55,,,4,Aranjuez,,
522754,2019,2019-12-11,11:45,Choque,SOLO DAÑOS,CALLE 58 CON CARRERA 50 C,6.256911,-75.56552589,10,La Candelaria,1001,Prado
643155,2023,2023-04-14,05:50,Caida Ocupante,HERIDO,Calle 84 B Con Carrera 23 B,,,3,Manrique,,
502858,2019,2019-07-22,06:30,Choque,SOLO DAÑOS,CARRERA 51 B CON TRANSVERSAL 92 A,6.28414036,-75.56221416,4,Aranjuez,0402,San Isidro
544248,2020,2020-08-21,21:30,Choque,HERIDO,CALLE 17 SUR CON CARRERA 43 A,6.18681802,-75.57805342,14,El Poblado,1413,El Diamante No. 2
532770,2020,2020-02-26,19:20,Atropello,HERIDO,CALLE 107 CON CARRERA 82,6.30887274,-75.57869589,6,Doce de Octubre,0602,Doce de Octubre No.1
654013,2023,2023-09-12,09:25,Otro,HERIDO,Calle 6 Con Carrera 25,6.20221412,-75.55615847,14,El Poblado,1409,El Tesoro
645361,2023,2023-05-15,04:30,Otro,HERIDO,Calle 90 Con Carrera 92 A,6.29342383,-75.58946477,7,Robledo,0712,Aures No. 2
678574,2024,2024-10-02,10:30,Choque,HERIDO,CR 062 056 057,,,10,La Candelaria,,
689608,2025,2025-03-25,13:40,Otro,HERIDO,Calle 88 Con Carrera 50,,,N/D,N/D,Sin inf,Sin inf
547744,2020,2020-09-29,13:00,Choque,SOLO DAÑOS,CALLE 31 CON CARRERA 65,6.23412468,-75.58272147,16,Belén,1601,Fátima
683224,2024,2024-12-15,08:30,Choque,HERIDO,CR  032  S 009  413 00000,6.18789859,-75.56773622,14,El Poblado,1414,El Castillo
666570,2024,2024-03-23,18:30,Otro,HERIDO,Carrera 57 Con Calle 52,6.25425143,-75.57470367,10,La Candelaria,1006,San Benito
686600,2025,2025-02-15,16:30,Atropello,HERIDO,Calle 47 D Con Carrera 65,6.25273766,-75.58251921,11,Laureles Estadio,1103,Naranjal
541273,2020,2020-07-08,08:00,Otro,HERIDO,CALLE 68 CON CARRERA 65,6.2652665,-75.57266554,5,Castilla,0517,Caribe
506885,2019,2019-08-18,19:30,Atropello,HERIDO,CALLE 97 CON CARRERA 62,6.29061932,-75.56660501,5,Castilla,0510,Tricentenario
626932,2022,2022-09-05,06:10,Choque,HERIDO,Calle 46 Con Carrera 42,6.24297057,-75.5637119,10,La Candelaria,1015,Bomboná No. 1
558524,2021,2021-01-19,01:20,Otro,HERIDO,CALLE 81 F CON CARRERA 58,6.27633088,-75.5672524,4,Aranjuez,0405,Moravia
639812,2023,2023-02-20,18:46,Otro,HERIDO,Calle 30 A Con Carrera 82 C,6.23187175,-75.60526627,16,Belén,1603,Belén
667162,2024,2024-04-02,20:45,Volcamiento,HERIDO,Carrera 64 C Con Calle 97 A,6.29217976,-75.56826986,5,Castilla,510,Tricentenario
578759,2021,2021-07-27,19:05,Choque,HERIDO,CARRERA 76 CON DIAGONAL 75 B,6.23555148,-75.59642466,16,Belén,1620,El Nogal-Los Almendros
613658,2022,2022-05-17,17:22,Choque,SOLO DAÑOS,Calle 64 C Con Carrera 67,6.22275404,-75.58778536,15,Guayabal,1504,Santa Fé
567905,2021,2021-04-21,18:30,Atropello,HERIDO,CALLE 65 CON CARRERA 85,6.27552397,-75.59591475,7,Robledo,0717,Robledo
693191,2025,2025-05-10,17:30,Choque,HERIDO,Calle 7 D Con Carrera 43 C,6.20886964,-75.57280363,14,El Poblado,1420,Astorga
675919,2024,2024-08-22,02:30,Volcamiento,HERIDO,Carrera 85 Con Calle 68 B,6.27794154,-75.59356699,7,Robledo,716,Palenque
580784,2021,2021-08-12,22:00,Caida Ocupante,HERIDO,CALLE 52 CON CARRERA 59,6.25556702,-75.57461939,10,La Candelaria,1006,San Benito
491780,2019,2019-04-18,22:35,Choque,SOLO DAÑOS,CALLE 32 EE CON CARRERA 79,6.23895806,-75.59835045,11,Laureles Estadio,1109,Las Acacias
611782,2022,2022-05-02,07:40,Otro,HERIDO,Calle 10 Con Carrera 65,6.21706925,-75.58645654,15,Guayabal,Inst_19,Parque Juan Pablo II
664171,2024,2024-02-16,20:00,Atropello,HERIDO,Carrera 50 Con Calle 43,6.24425098,-75.56993057,10,La Candelaria,1011,Calle Nueva
574408,2021,2021-06-22,01:30,Otro,HERIDO,CALLE 35 CON CARRERA 92,6.24722539,-75.61559303,12,La América,1209,Belencito
638622,2023,2023-02-02,17:00,Otro,HERIDO,Calle 6  Sur Con Carrera 50 EE,6.20237246,-75.58323435,15,Guayabal,1509,Cristo Rey
577033,2021,2021-07-14,08:30,Choque,HERIDO,CALLE 58 CON CARRERA 64,6.2611776,-75.57398219,7,Robledo,Inst_8,Universidad Nacional
613462,2022,2022-05-16,07:30,Otro,HERIDO,Calle 52 Con Carrera 42,6.24807301,-75.56150078,10,La Candelaria,1016,Boston
558409,2021,2021-01-18,07:27,Choque,HERIDO,CALLE 113 A CON CARRERA 64 AA,6.3082066,-75.56019267,5,Castilla,0501,Toscana
639908,2023,2023-02-22,11:00,Atropello,HERIDO,Calle 70 Con Carrera 49,6.26588429,-75.55933434,4,Aranjuez,0409,San Pedro
635030,2022,2022-12-04,12:30,Choque,HERIDO,Calle 67 Con Carrera 64 C,6.26572662,-75.57502301,5,Castilla,0517,Caribe
520454,2019,2019-11-24,12:00,Choque,SOLO DAÑOS,CALLE 96 CON CARRERA 36,6.28681411,-75.54598433,1,Popular,0107,San Pablo
665571,2024,2024-03-09,09:30,Choque,HERIDO,Carrera 49 Con Calle 4  Sur,6.20378337,-75.57914215,14,El Poblado,1422,La Aguacatala
571231,2021,2021-05-26,08:13,Choque,SOLO DAÑOS,CALLE 37 CON CARRERA 50,6.23807597,-75.57248766,10,La Candelaria,1012,Perpetuo Socorro
661783,2024,2024-01-12,09:10,Caida Ocupante,HERIDO,Calle 58 Con Carrera 49,6.25547889,-75.56342613,10,La Candelaria,1001,Villa Nueva
615196,2022,2022-05-31,09:30,Choque,HERIDO,Calle 53 A Con Carrera 81 B,6.26811467,-75.59837171,12,La América,1201,Ferrini
671640,2024,2024-06-14,19:30,Volcamiento,HERIDO,Calle 48 D Con Carrera 110,6.26243975,-75.62331698,60,Corregimiento de San Cristóbal,6014,La Loma
643899,2023,2023-04-25,12:10,Choque,HERIDO,Calle 49 Con Carrera 30,6.24085563,-75.55285478,9,Buenos Aires,0907,Buenos Aires
507471,2019,2019-08-23,13:05,Choque,SOLO DAÑOS,CALLE 44 CON CARRERA 81,6.25044038,-75.60248981,12,La América,1204,La América
507992,2019,2019-08-27,15:00,Otro,HERIDO,CALLE 114 CON CARRERA 74,6.30963472,-75.56943751,5,Castilla,0503,Florencia
589044,2021,2021-10-18,13:00,Choque,HERIDO,CALLE 2 CON CARRERA 9,,,90,Corregimiento de Santa Elena,,
654189,2023,2023-09-14,16:04,Caida Ocupante,HERIDO,Calle 30 Con Carrera 80,6.23123883,-75.60064487,16,Belén,1603,Belén
687674,2025,2025-03-01,07:20,Otro,HERIDO,Calle 80 Con Carrera 80,6.2844327,-75.58415367,7,Robledo,710,López de  Mesa
601917,2022,2022-02-09,17:50,Choque,SOLO DAÑOS,Calle 3 Con Carrera 66 B,6.21205803,-75.58759739,15,Guayabal,1507,Campo Amor
483640,2019,2019-02-08,11:20,Choque,HERIDO,CALLE 47 D CON CARRERA 80,6.25842601,-75.59777419,11,Laureles Estadio,1112,El Velódromo
536203,2020,2020-04-16,06:20,Otro,HERIDO,CALLE 94 CON CARRERA 63,6.28804489,-75.57117403,5,Castilla,0511,Castilla
526383,2020,2020-01-10,21:00,Atropello,HERIDO,CALLE 82 CON CARRERA 45,6.27448941,-75.55383481,3,Manrique,0303,Campo Valdés No. 1
515911,2019,2019-10-22,16:00,Choque,SOLO DAÑOS,CALLE 51 B CON CARRERA 2,6.23060238,-75.53006706,8,Villa Hermosa,0815,Las Estancias
698549,2025,2025-07-17,01:00,Volcamiento,HERIDO,Calle 123 Con Carrera 48 A,6.30488238,-75.55032041,2,Santa Cruz,201,La Isla
500870,2019,2019-07-06,15:30,Choque,SOLO DAÑOS,CALLE 104 C CON CARRERA 80,6.30569442,-75.57689576,6,Doce de Octubre,0602,Doce de Octubre No.1
647812,2023,2023-06-15,22:10,Choque,HERIDO,Calle 52 Con Carrera 53,6.25210701,-75.56968213,10,La Candelaria,1006,San Benito
677965,2024,2024-09-22,13:00,Choque,HERIDO,Carrera 77 B Con Calle 49 B,6.26140131,-75.59352594,11,Laureles Estadio,1113,Estadio
642684,2023,2023-04-05,14:10,Otro,HERIDO,Calle 53 Con Carrera 24,6.24142598,-75.54590283,8,Villa Hermosa,0812,El Pinal
550005,2020,2020-10-22,08:40,Choque,SOLO DAÑOS,CALLE 35 CON CARRERA 79,6.2426638,-75.59963251,11,Laureles Estadio,1109,Las Acacias
550982,2020,2020-11-01,05:30,Choque,HERIDO,CALLE 44 CON CARRERA 60,6.24740145,-75.57839634,10,La Candelaria,1008,Corazón de Jesús
627136,2022,2022-09-06,15:10,Choque,HERIDO,Calle 35 Con Carrera 80 A,6.24279668,-75.60112448,11,Laureles Estadio,1109,Las Acacias
674464,2024,2024-07-30,16:30,Caida Ocupante,HERIDO,Carrera 45 Con Calle 48,6.24621492,-75.56538074,10,La Candelaria,1019,La Candelaria
523483,2019,2019-12-16,11:00,Choque,SOLO DAÑOS,CALLE 30 CON CARRERA 80,6.23123883,-75.60064487,16,Belén,1603,Belén
577570,2021,2021-07-18,01:00,Choque,SOLO DAÑOS,CALLE 38 CON CARRERA 92,6.250181,-75.61228251,12,La América,1208,Campo Alegre
647170,2023,2023-06-07,12:00,Otro,HERIDO,Calle 55 A Con Carrera 130,,,60,Corregimiento de San Cristóbal,,
689629,2025,2025-03-25,17:20,Choque,HERIDO,Calle 16 Con Carrera 30,6.21507092,-75.56090467,14,El Poblado,1406,Las Lomas No.1
637493,2023,2023-01-15,17:00,Otro,HERIDO,Calle 56 B Con Diagonal 17 E,6.23918497,-75.54103768,8,Villa Hermosa,0812,La Libertad
674289,2024,2024-07-27,23:00,Otro,HERIDO,CR 076 A 014 018 A,,,16,Belén,,
663634,2024,2024-02-08,10:00,Atropello,HERIDO,Carrera 40 Con Calle 66,6.25879243,-75.55238351,8,Villa Hermosa,801,Villa Hermosa
482313,2019,2019-01-28,06:20,Otro,HERIDO,CALLE 56 CON CARRERA 27,6.2456156,-75.54632076,8,Villa Hermosa,0810,El Pinal
571461,2021,2021-05-28,06:00,Atropello,MUERTO,CALLE 32 EE CON CARRERA 81,6.23762081,-75.60302794,11,Laureles Estadio,1109,Las Acacias
684526,2025,2025-01-16,16:48,Choque,HERIDO,Calle 44 Con Carrera 63,6.24854018,-75.58088972,11,Laureles Estadio,1103,Naranjal
517524,2019,2019-11-02,15:50,Choque,SOLO DAÑOS,CALLE 92 CON CARRERA 50 C,6.28342772,-75.55981727,4,Aranjuez,0413,Aranjuez
626775,2022,2022-09-03,18:30,Choque,SOLO DAÑOS,Calle 14 Con Carrera 65 G,6.21893226,-75.58616814,15,Guayabal,1504,Santa Fé
597749,2021,2021-12-30,01:40,Choque,SOLO DAÑOS,CALLE 67 CON CARRERA 51,6.2638241,-75.56341394,10,La Candelaria,Inst_12,Hospital San Vicente de Paúl
539620,2020,2020-06-17,17:30,Caida Ocupante,HERIDO,CALLE 15 B CON CARRERA 99 B,6.2219803,-75.62280881,70,Corregimiento de Altavista,7006,La Esperanza
584301,2021,2021-09-11,11:50,Otro,HERIDO,CALLE 44 CON CARRERA 80,6.2507671,-75.60248345,12,La América,1204,La América
482122,2019,2019-01-26,05:20,Choque,SOLO DAÑOS,CALLE 94 CON CARRERA 63,6.28804489,-75.57117403,5,Castilla,0511,Castilla
645877,2023,2023-05-21,13:20,Atropello,HERIDO,Calle 48 Con Carrera 44,6.24591986,-75.56485683,10,La Candelaria,1019,La Candelaria
617158,2022,2022-06-17,05:50,Choque,HERIDO,Calle 12  Sur Con Carrera 49,6.19503919,-75.58088591,14,El Poblado,1423,Santa María de Los Ángeles
673670,2024,2024-07-18,06:00,Choque,HERIDO,Calle 88 C Con Carrera 65 A,6.28111445,-75.57266403,5,Castilla,514,Alfonso López
670235,2024,2024-05-21,12:10,Atropello,HERIDO,Calle 45 Con Carrera 44,6.24459179,-75.56655718,10,La Candelaria,1013,Barrio Colón
479652,2019,2019-01-01,09:50,Choque,SOLO DAÑOS,TRAMO 16 CON KILOMETRO 0,,,60,Corregimiento de San Cristóbal,Sin inf,Sin inf
510212,2019,2019-09-12,08:00,Otro,HERIDO,CALLE 94 CON CARRERA 62,6.28804489,-75.57117403,5,Castilla,0511,Castilla
585212,2021,2021-09-18,07:05,Choque,HERIDO,CALLE 33 CON CARRERA 63,6.2399959,-75.57855539,11,Laureles Estadio,1105,Los Conquistadores
564716,2021,2021-03-16,12:30,Choque,HERIDO,CALLE 49 CON CARRERA 42,6.24570847,-75.56231316,10,La Candelaria,1015,Bomboná No. 1
611506,2022,2022-04-30,00:05,Choque,HERIDO,Calle 97 Con Carrera 64 C,6.29217976,-75.56826986,5,Castilla,0510,Tricentenario
621264,2022,2022-07-22,18:00,Choque,SOLO DAÑOS,Calle 12  Sur Con Carrera 48,6.1948146,-75.57989822,14,El Poblado,1422,La Aguacatala
542490,2020,2020-07-27,16:00,Choque,SOLO DAÑOS,CALLE 59 CON CARRERA 28,6.25044766,-75.54832603,8,Villa Hermosa,0807,Enciso
495245,2019,2019-05-18,22:40,Choque,SOLO DAÑOS,CALLE 82 CON CARRERA 78,6.28491989,-75.58385196,7,Robledo,0710,López de Mesa
625480,2022,2022-08-24,11:20,Choque,SOLO DAÑOS,Calle 29 D Con Carrera 50,6.22960141,-75.57619025,15,Guayabal,1504,Santa Fé
631826,2022,2022-10-20,06:54,Atropello,HERIDO,Calle 63 Con Carrera 72 A,,,7,Robledo,,
609535,2022,2022-04-12,09:50,Choque,SOLO DAÑOS,Calle 1 A Sur Con Carrera 32,6.19966664,-75.56483923,14,El Poblado,1410,Los Naranjos
506730,2019,2019-08-17,14:00,Choque,SOLO DAÑOS,CALLE 87 CON CARRERA 43,6.27925029,-75.55086648,3,Manrique,0302,Las Granjas
513264,2019,2019-10-03,11:00,Choque,SOLO DAÑOS,CALLE 48 CON CARRERA 49,6.24755364,-75.56766626,10,La Candelaria,1013,Barrio Colón
498765,2019,2019-06-17,22:00,Choque,SOLO DAÑOS,CALLE 77 D CON CARRERA 85,6.28214271,-75.58868653,7,Robledo,0714,Bello Horizonte
491787,2019,2019-04-19,09:20,Choque,SOLO DAÑOS,CALLE 44 CON CARRERA 57,6.24625198,-75.57519767,10,La Candelaria,Inst_17,Centro Administrativo
549395,2020,2020-10-16,07:30,Volcamiento,HERIDO,CALLE 10 CON CARRERA 52,6.21454133,-75.58155761,15,Guayabal,1507,Campo Amor
693107,2025,2025-05-09,16:30,Choque,HERIDO,Calle 64 Con Carrera 77 A,,,N/D,N/D,,
481011,2019,2019-01-16,15:30,Otro,HERIDO,CALLE 48 CON CARRERA 65,6.25273766,-75.58251921,11,Laureles Estadio,1103,Naranjal
590768,2021,2021-11-02,16:30,Choque,HERIDO,CALLE 50 CON CARRERA 67,6.25695049,-75.58301041,11,Laureles Estadio,1102,Suramericana
539673,2020,2020-06-18,14:10,Choque,HERIDO,CALLE 45 A CON CARRERA 57,6.24842478,-75.57523688,10,La Candelaria,1008,Corazón de Jesús
597111,2021,2021-12-23,15:10,Choque,SOLO DAÑOS,CALLE 10 B SUR CON CARRERA 50 FF,6.19770503,-75.58536762,15,Guayabal,1510,Guayabal
628093,2022,2022-09-13,16:30,Otro,HERIDO,Calle 85 A Con Carrera 65,6.28065758,-75.57243335,7,Robledo,0709,Córdoba
657257,2023,2023-10-27,11:00,Caida Ocupante,HERIDO,Calle 80 Con Carrera 80,6.18661632,-75.65660126,80,Corregimiento de San Antonio de Prado,8000,Cabecera San Antonio de Prado
657345,2023,2023-10-28,15:30,Otro,HERIDO,Calle 7 Con Carrera 49,6.20878049,-75.57673335,14,El Poblado,1421,Patio Bonito
569202,2021,2021-05-07,08:30,Volcamiento,HERIDO,CALLE 75 CON CARRERA 24,6.26883315,-75.53816994,3,Manrique,0311,La Cruz
646410,2023,2023-05-28,20:40,Choque,HERIDO,Calle 35 Con Carrera 87,6.24435689,-75.6129728,12,La América,1212,Santa Teresita
499357,2019,2019-06-22,18:00,Choque,SOLO DAÑOS,CALLE 111 B CON CARRERA 64 C,6.30283191,-75.56107752,5,Castilla,Inst_1,Plaza de Ferias
613207,2022,2022-05-13,21:00,Otro,HERIDO,Calle 43 Con Carrera 39,6.24155328,-75.56323422,10,La Candelaria,1014,Las Palmas
647557,2023,2023-06-12,18:00,Choque,HERIDO,Calle 57 Con Carrera 47,6.25402469,-75.56296247,10,La Candelaria,1018,Villa Nueva
676389,2024,2024-08-29,08:00,Atropello,HERIDO,Carrera 57 Con Calle 46,6.24919826,-75.57524206,10,La Candelaria,1008,Corazón de Jesús
505601,2019,2019-08-10,04:10,Choque,SOLO DAÑOS,CALLE 92 CON CARRERA 50 A,6.28338069,-75.55860855,4,Aranjuez,0402,San Isidro
630598,2022,2022-10-04,10:20,Otro,HERIDO,Calle 86 Con Carrera 40,6.27798458,-75.54855937,3,Manrique,0302,Las Granjas
555631,2020,2020-12-15,10:00,Choque,HERIDO,CALLE 113 CON CARRERA 64 C,6.30935059,-75.55832917,5,Castilla,0501,Toscana
606203,2022,2022-03-15,16:30,Choque,HERIDO,Calle 55 Con Carrera 74,6.26475364,-75.58753334,11,Laureles Estadio,1114,Los Colores
675647,2024,2024-08-17,12:26,Choque,HERIDO,Carrera 25 Con Calle 1 A Sur,6.19582877,-75.55836152,14,El Poblado,1410,Los Naranjos
667051,2024,2024-04-01,08:40,Otro,HERIDO,Carrera 63 Con Calle 50,6.25430926,-75.57757397,11,Laureles Estadio,1102,Suramericana
594700,2021,2021-12-04,00:15,Otro,HERIDO,CALLE 44 CON CARRERA 36,6.24207258,-75.5568518,9,Buenos Aires,0907,Buenos Aires
668083,2024,2024-04-17,20:00,Otro,HERIDO,Carrera 82 Con Calle 48 AA,6.26073502,-75.60068198,13,San Javier,1304,Los Alcázares
514808,2019,2019-10-14,22:15,Choque,SOLO DAÑOS,CALLE 999 CON CARRERA 999,,,N/D,N/D,Sin inf,Sin inf
503104,2019,2019-07-23,14:10,Choque,SOLO DAÑOS,CALLE 10 CON CARRERA 50,6.21364324,-75.57832075,15,Guayabal,1507,Campo Amor
563345,2021,2021-03-03,17:36,Choque,HERIDO,CALLE 30 CON CARRERA 65,6.23193333,-75.58282281,16,Belén,1601,Fátima
650238,2023,2023-07-19,13:30,Choque,HERIDO,Calle 58 Con Carrera 62,6.26035459,-75.57318834,10,La Candelaria,1004,El Chagualo
694636,2025,2025-05-28,22:20,Volcamiento,HERIDO,Calle 48  Sur Con Carrera 55 D,6.1789081,-75.6397885,N/D,N/D,,
484098,2019,2019-02-12,11:00,Atropello,HERIDO,CALLE 33 B CON CARRERA 83 A,6.24067669,-75.60656341,11,Laureles Estadio,1110,La Castellana
553931,2020,2020-11-30,14:50,Choque,HERIDO,CALLE 100 CON CARRERA 64 C,6.2936258,-75.56356589,5,Castilla,0510,Tricentenario
539259,2020,2020-06-12,13:15,Choque,SOLO DAÑOS,CALLE 31 CON CARRERA 32,6.22974839,-75.56115978,9,Buenos Aires,0914,Loreto
491482,2019,2019-04-15,18:00,Otro,HERIDO,CALLE 62 CON CARRERA 49,6.25836799,-75.56157151,10,La Candelaria,1001,Prado
627384,2022,2022-09-08,11:30,Choque,HERIDO,Calle 37 Con Carrera 63,6.24194178,-75.57897279,11,Laureles Estadio,1105,Los Conquistadores
482188,2019,2019-01-26,15:55,Choque,HERIDO,CALLE 60 CON CARRERA 77 B,6.27030576,-75.59254412,7,Robledo,0703,San Germán
576245,2021,2021-07-07,16:40,Choque,SOLO DAÑOS,CALLE 50 CON CARRERA 80,6.26362588,-75.59697998,12,La América,1202,Calasanz
593090,2021,2021-11-22,03:00,Choque,HERIDO,CALLE 25 CON CARRERA 65 E,6.2258865,-75.5861313,15,Guayabal,1503,Trinidad
493320,2019,2019-05-03,20:10,Choque,HERIDO,CALLE 58 CON CARRERA 36 A,6.24961153,-75.55440023,10,La Candelaria,1016,Boston
665463,2024,2024-03-08,05:45,Volcamiento,HERIDO,CR 062 078 079,,,4,Aranjuez,,
638548,2023,2023-02-01,16:00,Otro,HERIDO,Calle 66 Con Carrera 36,6.25677899,-75.54958704,8,Villa Hermosa,0801,Villa Hermosa
558928,2021,2021-01-23,00:30,Choque,SOLO DAÑOS,CALLE 44 CON CARRERA 70,6.24928539,-75.58876359,11,Laureles Estadio,1103,Florida Nueva
586700,2021,2021-09-29,19:30,Otro,HERIDO,CALLE 39 A CON CARRERA 31,6.23496654,-75.55705848,9,Buenos Aires,0913,Loreto
631171,2022,2022-10-10,19:00,Caida Ocupante,HERIDO,Calle 39 B Con Carrera 39,6.30156981,-75.5432856,1,Popular,0101,Santo Domingo Savio No. 1
613003,2022,2022-05-12,10:30,Choque,HERIDO,Calle 52 B Con Carrera 81,6.26616243,-75.59726371,12,La América,1201,Ferrini
629571,2022,2022-09-25,18:30,Otro,HERIDO,Calle 72 Con Carrera 34,6.26657043,-75.54634385,3,Manrique,0308,Manrique Oriental
539798,2020,2020-06-19,18:00,Choque,SOLO DAÑOS,CALLE 35 CON CARRERA 64 A,6.24068772,-75.58159578,11,Laureles Estadio,1105,Los Conquistadores
602121,2022,2022-02-11,13:00,Choque,HERIDO,Calle 44 Con Carrera 57,6.24625198,-75.57519767,10,La Candelaria,Inst_17,Centro Administrativo
677103,2024,2024-09-08,21:10,Otro,HERIDO,Carrera 44 Con Calle 81,6.27417948,-75.55276802,3,Manrique,303,Campo Valdés No.2
546917,2020,2020-09-21,07:10,Choque,SOLO DAÑOS,CALLE 49 CON CARRERA 96,6.26132563,-75.60971812,13,San Javier,1306,La Pradera
657907,2023,2023-11-05,04:40,Choque,HERIDO,Calle 46 Con Carrera 42,6.24297057,-75.5637119,10,La Candelaria,1015,Bomboná No. 1
547317,2020,2020-09-25,05:50,Atropello,HERIDO,CALLE 53 CON CARRERA 46,6.25058805,-75.56383557,10,La Candelaria,1019,La Candelaria
523274,2019,2019-12-14,20:40,Choque,SOLO DAÑOS,CALLE 30 CON CARRERA 78,6.2313019,-75.59816969,16,Belén,1603,Belén
614117,2022,2022-05-21,13:30,Choque,HERIDO,Calle 110 Con Carrera 47,6.29990022,-75.55055716,2,Santa Cruz,0205,La Francia
593604,2021,2021-11-26,05:35,Atropello,HERIDO,CALLE 59 CON CARRERA 55,6.25862715,-75.57057412,10,La Candelaria,1004,El Chagualo
645963,2023,2023-05-22,20:40,Choque,HERIDO,Calle 80 Con Carrera 49,6.27347162,-75.5580085,4,Aranjuez,0414,Brasilia
621959,2022,2022-07-28,14:50,Choque,SOLO DAÑOS,Calle 49 Con Carrera 3,6.22991885,-75.53070336,9,Buenos Aires,0901,Juan Pablo II
695877,2025,2025-06-13,10:30,Otro,HERIDO,Calle 101 Con Carrera 65,6.29529681,-75.56760661,5,Castilla,509,Girardot
518156,2019,2019-11-07,16:00,Choque,SOLO DAÑOS,CALLE 49 CON CARRERA 56,6.2507844,-75.57364262,10,La Candelaria,1007,Guayaquil
574568,2021,2021-06-23,07:10,Choque,HERIDO,CALLE 7 CON CARRERA 49,6.20878049,-75.57673335,14,El Poblado,1421,Patio Bonito
502860,2019,2019-07-22,07:00,Choque,HERIDO,CALLE 40 A CON CARRERA 55,6.24184347,-75.57526596,10,La Candelaria,1011,Calle Nueva
534479,2020,2020-03-10,20:50,Choque,SOLO DAÑOS,CALLE 28 CON CARRERA 33,6.22593622,-75.56111165,9,Buenos Aires,0914,Asomadera No. 1
697872,2025,2025-07-08,17:20,Choque,HERIDO,Calle 110 Con Carrera 52,6.30286704,-75.55607546,2,Santa Cruz,205,La Francia
597775,2021,2021-12-30,09:00,Atropello,HERIDO,CALLE 79 CON CARRERA 47,6.27225792,-75.55604806,4,Aranjuez,0410,Campo Valdés No. 1
491582,2019,2019-04-16,17:30,Choque,HERIDO,CALLE 61 A CON CARRERA 53,6.26054631,-75.56812231,10,La Candelaria,1003,Jesús Nazareno
482029,2019,2019-01-25,10:00,Otro,HERIDO,CALLE 104 CON CARRERA 85,6.30677676,-75.5841635,6,Doce de Octubre,0611,El Progreso No.2
622964,2022,2022-08-05,04:00,Choque,SOLO DAÑOS,Calle 44 Con Carrera 73,6.24957616,-75.59226188,11,Laureles Estadio,1107,Lorena
679486,2024,2024-10-17,07:45,Volcamiento,HERIDO,CL 043 080 A,,,12,La América,,
563542,2021,2021-03-05,15:30,Choque,HERIDO,CALLE 80 CON CARRERA 70,6.27886746,-75.57724917,5,Castilla,0519,Altamira
669411,2024,2024-05-08,17:00,Otro,HERIDO,Carrera 92 Con Calle 34,6.24794473,-75.61479589,12,La América,1209,Santa Mónica
633851,2022,2022-11-17,12:42,Choque,HERIDO,Calle 92 Con Carrera 49,6.28328135,-75.5561159,4,Aranjuez,0412,La Piñuela
599136,2022,2022-01-15,14:30,Choque,SOLO DAÑOS,Calle 30 A Con Carrera 76,6.23213838,-75.59628039,16,Belén,1603,Belén
654629,2023,2023-09-21,05:40,Otro,HERIDO,Calle 12  Sur Con Carrera 49,6.19546372,-75.58093353,14,El Poblado,1422,La Aguacatala
670362,2024,2024-05-24,04:55,Choque,HERIDO,Calle 93 Con Carrera 51 A,6.28479833,-75.56156196,4,Aranjuez,402,San Isidro
522856,2019,2019-12-12,02:30,Choque,SOLO DAÑOS,CALLE 2 B SUR CON CARRERA 75 DD,6.20701488,-75.5992888,16,Belén,1608,La mota
588383,2021,2021-10-12,18:15,Choque,SOLO DAÑOS,CALLE 37 CON CARRERA 41,,,10,La Candelaria,,
591503,2021,2021-11-08,21:05,Choque,SOLO DAÑOS,CALLE 49 B CON CARRERA 66,6.25607006,-75.58231932,11,Laureles Estadio,1102,Suramericana
656083,2023,2023-10-11,08:10,Choque,HERIDO,Calle 34 A Con Diagonal 66 B,6.24080935,-75.58821746,11,Laureles Estadio,1105,Los Conquistadores
602023,2022,2022-02-10,16:55,Choque,SOLO DAÑOS,Calle 4  Sur Con Carrera 48,6.2028247,-75.57731639,14,El Poblado,1422,La Aguacatala
524150,2019,2019-12-20,22:30,Choque,HERIDO,CALLE 19 CON CARRERA 43,6.2218492,-75.5729314,14,El Poblado,1403,Villa Carlota
539672,2020,2020-06-18,14:06,Choque,SOLO DAÑOS,CALLE 120 A CON CARRERA 52,6.30569262,-75.55571976,2,Santa Cruz,0204,La Frontera
584786,2021,2021-09-15,08:50,Choque,HERIDO,CALLE 44 CON CARRERA 45,6.24356483,-75.567635,10,La Candelaria,1013,Barrio Colón
522881,2019,2019-12-12,09:25,Choque,HERIDO,CALLE 50 CON CARRERA 50,6.24263424,-75.5543854,9,Buenos Aires,0906,Barrio Caicedo
480815,2019,2019-01-14,20:45,Choque,HERIDO,CALLE 47 CON CARRERA 37,6.24223082,-75.56009538,10,La Candelaria,1015,Bomboná No. 1
632918,2022,2022-11-03,16:00,Otro,HERIDO,Calle 86 Con Carrera 37,6.27648625,-75.5463643,3,Manrique,0302,Las Granjas
559235,2021,2021-01-26,09:40,Otro,HERIDO,CALLE 32 CON CARRERA 105,6.23423502,-75.62509129,70,Corregimiento de Altavista,7004,San Pablo
486722,2019,2019-03-05,14:50,Choque,SOLO DAÑOS,CALLE 12 D SUR CON CARRERA 49,6.19680109,-75.58137585,14,El Poblado,-,0
582928,2021,2021-08-31,05:30,Otro,HERIDO,CALLE 44 CON CARRERA 52,6.24520865,-75.57255081,10,La Candelaria,Inst_17,Centro Administrativo
683079,2024,2024-12-13,09:26,Choque,HERIDO,CR 045 067,6.26314758,-75.55552944,3,Manrique,307,Manrique Central No.2
692871,2025,2025-05-06,06:00,Choque,HERIDO,Calle 67 Con Carrera 55,6.26447354,-75.56852157,10,La Candelaria,1004,El Chagualo
520287,2019,2019-11-23,11:00,Choque,HERIDO,CALLE 40 CON CARRERA 92,6.25180593,-75.61048098,12,La América,1208,Campo Alegre
504551,2019,2019-08-03,01:00,Choque,SOLO DAÑOS,CALLE 107 CON CARRERA 37,6.29407393,-75.54584581,1,Popular,0104,Santo Domingo Savio No. 1
505086,2019,2019-08-06,13:20,Choque,SOLO DAÑOS,CALLE 12 CON CARRERA 43,6.21134771,-75.5702463,14,El Poblado,1419,Manila
513415,2019,2019-10-04,11:12,Choque,HERIDO,CALLE 34 B CON CARRERA 106,6.24573038,-75.62114336,13,San Javier,1312,Betania
515696,2019,2019-10-21,08:10,Choque,HERIDO,CALLE 90 CON CARRERA 64,6.28368059,-75.57109211,5,Castilla,0513,Francisco Antonio Zea
516792,2019,2019-10-28,16:50,Choque,SOLO DAÑOS,CALLE 8 CON CARRERA 50,6.21157284,-75.57871275,15,Guayabal,1507,Campo Amor
693812,2025,2025-05-18,11:00,Otro,HERIDO,Calle 45 Con Carrera 13 A,6.22961878,-75.54232602,9,Buenos Aires,903,Bomboná No.2
594445,2021,2021-12-02,12:35,Choque,HERIDO,CALLE 67 CON CARRERA 63,6.26555613,-75.57533261,7,Robledo,Inst_8,Universidad Nacional
667386,2024,2024-04-06,11:40,Choque,HERIDO,Calle 53 Con Carrera 72,6.26188017,-75.58709424,11,Laureles Estadio,1115,Cuarta Brigada
586104,2021,2021-09-24,18:40,Caida Ocupante,HERIDO,CALLE 49 CON CARRERA 20,6.237792,-75.54685602,9,Buenos Aires,0905,Los Cerros El Vergel
687502,2025,2025-02-26,23:40,Volcamiento,HERIDO,Calle 49 A Con Carrera 86,6.26131618,-75.60431456,13,San Javier,1304,Los Alcázares
544685,2020,2020-08-27,17:40,Choque,SOLO DAÑOS,CALLE 32 CON CARRERA 70,6.23446954,-75.59154165,16,Belén,1602,Rosales
699829,2025,2025-07-31,19:00,Otro,HERIDO,Calle 92 Con Carrera 50 A,6.28344693,-75.55889521,4,Aranjuez,402,San Isidro
601171,2022,2022-02-03,19:30,Otro,HERIDO,Calle 65 Con Carrera 45,6.2588994,-75.55655447,8,Villa Hermosa,0802,La Mansión
550785,2020,2020-10-29,23:20,Otro,HERIDO,CALLE 84 CON CARRERA 45,6.27619921,-75.55351989,4,Aranjuez,0410,Campo Valdés No. 2
613362,2022,2022-05-15,05:20,Otro,HERIDO,Calle 33 Con Carrera 70,6.23559392,-75.59050132,16,Belén,1602,Rosales
611545,2022,2022-04-30,09:30,Choque,SOLO DAÑOS,Calle 67 Con Carrera 64 C,6.26572662,-75.57502301,5,Castilla,0517,Caribe
607074,2022,2022-03-23,04:40,Choque,HERIDO,Calle 52 Con Carrera 54,6.25253654,-75.57064474,10,La Candelaria,1006,San Benito
511856,2019,2019-09-23,14:50,Atropello,HERIDO,CALLE 42 A CON CARRERA 120,6.25814303,-75.63099796,13,San Javier,1317,Eduardo Santos
630311,2022,2022-10-01,17:15,Choque,SOLO DAÑOS,Calle 11 B Con Carrera 35,6.21266003,-75.56428021,14,El Poblado,1405,Lalinde
689921,2025,2025-03-29,10:45,Atropello,HERIDO,Calle 11 Con Carrera 43 C,6.21210416,-75.5716056,14,El Poblado,1419,Manila
507624,2019,2019-08-24,15:00,Caida Ocupante,HERIDO,CALLE 30 CON CARRERA 50,6.23187753,-75.57442721,10,La Candelaria,1012,Perpetuo Socorro
558306,2021,2021-01-15,20:36,Choque,HERIDO,CALLE 79 CON CARRERA 72 A,6.27840014,-75.58045623,7,Robledo,0708,Altamira
607065,2022,2022-03-22,22:00,Otro,HERIDO,Calle 80 Con Carrera 68,6.27818166,-75.57640159,7,Robledo,0709,Córdoba
693368,2025,2025-05-12,19:00,Atropello,HERIDO,Calle 99 A Con Carrera 23,6.28742733,-75.53816498,1,Popular,112,Carpinelo
564501,2021,2021-03-14,15:20,Volcamiento,HERIDO,CALLE 47 CON CARRERA 43,6.24444787,-75.56424092,10,La Candelaria,1013,Barrio Colón
546528,2020,2020-09-16,18:00,Choque,HERIDO,CALLE 51 CON CARRERA 64 C,6.25626709,-75.58008212,11,Laureles Estadio,1101,Carlos E. Restrepo
495000,2019,2019-05-16,23:30,Caida Ocupante,HERIDO,CALLE 34 CON CARRERA 63,6.24024038,-75.57875111,11,Laureles Estadio,1105,Los Conquistadores
570087,2021,2021-05-15,19:00,Choque,HERIDO,CALLE 77 B CON CARRERA 55 B,6.27511808,-75.56809406,4,Aranjuez,0405,Parque Norte
552654,2020,2020-11-18,21:30,Atropello,HERIDO,CALLE 98 CON CARRERA 32,6.28768883,-75.54399815,1,Popular,0108,El Compromiso
681217,2024,2024-11-13,07:30,Choque,HERIDO,CL 058 054,6.25724745,-75.56960847,10,La Candelaria,1005,Estación Villa
681728,2024,2024-11-21,23:00,Otro,HERIDO,CR 080 D 002 S,,,15,Guayabal,,
576068,2021,2021-07-06,11:00,Otro,HERIDO,CALLE 94 A CON CARRERA 63,6.29370617,-75.56368184,5,Castilla,0510,Tricentenario
537312,2020,2020-05-13,16:30,Choque,SOLO DAÑOS,CALLE 11 E SUR CON CARRERA 53,6.19909223,-75.59136007,15,Guayabal,1511,La Colina
516810,2019,2019-10-28,18:30,Choque,HERIDO,CALLE 71 CON CARRERA 65,6.2696323,-75.57618452,5,Castilla,0519,B. Cerro  El Volador
686755,2025,2025-02-17,13:10,Choque,HERIDO,Calle 30 A Con Carrera 65 A,6.23330378,-75.58334838,16,Belén,1601,Fátima
600085,2022,2022-01-25,07:50,Choque,HERIDO,Calle 6  Sur Con Carrera 48,,,14,El Poblado,,
614332,2022,2022-05-23,15:00,Choque,SOLO DAÑOS,Calle 52 Con Carrera 24,6.24114062,-75.54686193,8,Villa Hermosa,0810,El Pinal
597278,2021,2021-12-24,21:30,Atropello,HERIDO,CALLE 52 CON CARRERA 2,6.2309548,-75.53005163,8,Villa Hermosa,0815,Las Estancias
662382,2024,2024-01-22,08:15,Choque,HERIDO,Carrera 38 Con Calle 54,6.24755874,-75.55753717,10,La Candelaria,1016,Boston
577517,2021,2021-07-17,15:19,Choque,SOLO DAÑOS,CALLE 15 C CON CARRERA 32 B,6.21531489,-75.56167521,14,El Poblado,1406,Las Lomas No.1
525578,2020,2020-01-02,19:30,Choque,HERIDO,CALLE 62 CON CARRERA 40,6.25424902,-75.55560043,8,Villa Hermosa,0803,San Miguel
606903,2022,2022-03-21,21:20,Atropello,HERIDO,Calle 57 Con Carrera 59,6.27896536,-75.5677471,4,Aranjuez,0405,Moravia
621626,2022,2022-07-25,20:00,Choque,SOLO DAÑOS,Calle 2  Sur Con Carrera 50,6.20400562,-75.57973825,15,Guayabal,1509,Cristo Rey
507167,2019,2019-08-21,07:35,Choque,HERIDO,CALLE 16 A CON CARRERA 48,6.21789511,-75.57582398,14,El Poblado,1403,Villa Carlota
672825,2024,2024-07-04,23:10,Otro,HERIDO,Carrera 48 Con Calle 88,6.28028982,-75.55565111,4,Aranjuez,412,La Piñuela
691301,2025,2025-04-15,10:00,Choque,HERIDO,Calle 10 Con Carrera 65,6.21652094,-75.58566934,15,Guayabal,1507,Campo Amor
531178,2020,2020-02-15,16:30,Atropello,HERIDO,CALLE 1 CON DIAGONAL 75 B,6.21098402,-75.59506651,15,Guayabal,Inst_20,La mota
562119,2021,2021-02-20,11:40,Choque,HERIDO,CALLE 10 CON CARRERA 48,6.21253849,-75.57637912,14,El Poblado,1421,Patio Bonito
492288,2019,2019-04-24,18:30,Choque,HERIDO,CALLE 25 A CON CARRERA 43 A,6.22479957,-75.56916741,14,El Poblado,1404,Castropol
494079,2019,2019-05-09,17:00,Atropello,HERIDO,CALLE 32 A CON CARRERA 32,6.23107117,-75.56041551,9,Buenos Aires,0913,Loreto
480740,2019,2019-01-14,07:55,Choque,SOLO DAÑOS,CALLE 14 CON CARRERA 30,6.21463935,-75.56063129,14,El Poblado,1406,Las Lomas No.1
661210,2024,2024-01-01,15:30,Choque,HERIDO,Calle 4  Sur Con Carrera 55,6.20595516,-75.58822331,15,Guayabal,1509,Cristo Rey
565423,2021,2021-03-23,10:50,Choque,SOLO DAÑOS,CALLE 61 A CON CARRERA 55 A,6.26080597,-75.56956889,10,La Candelaria,1004,El Chagualo
688913,2025,2025-03-16,03:00,Otro,HERIDO,Calle 78 B Con Carrera 80,6.28183705,-75.58581807,7,Robledo,,
620998,2022,2022-07-20,15:32,Choque,HERIDO,Calle 23 Con Carrera 43 A,6.22304542,-75.56930091,14,El Poblado,1401,Barrio Colombia
539565,2020,2020-06-16,20:30,Caida Ocupante,HERIDO,CALLE 56 CON CARRERA 26,6.24361661,-75.54809548,8,Villa Hermosa,0810,El Pinal
503506,2019,2019-07-26,12:00,Choque,SOLO DAÑOS,CALLE 50 CON CARRERA 63,6.25430926,-75.57757397,11,Laureles Estadio,1102,Suramericana
500966,2019,2019-07-07,16:30,Choque,SOLO DAÑOS,CALLE 84 D CON CARRERA 70 D,6.28212201,-75.57637211,7,Robledo,0709,Córdoba
609925,2022,2022-04-17,01:45,Atropello,HERIDO,Calle 92 Con Carrera 49,6.28328135,-75.5561159,4,Aranjuez,0412,La Piñuela
567625,2021,2021-04-19,00:30,Otro,HERIDO,CALLE 51 CON CARRERA 31,6.2424016,-75.55300403,9,Buenos Aires,0906,Barrio Caicedo
681583,2024,2024-11-19,08:41,Atropello,HERIDO,CL 041 057,6.24240911,-75.57681733,10,La Candelaria,Inst_16,La Alpujarra
558501,2021,2021-01-18,18:40,Otro,HERIDO,CALLE 29 CON CARRERA 38,6.22650687,-75.5649106,9,Buenos Aires,0914,Asomadera No. 1
550986,2020,2020-11-01,06:40,Caida Ocupante,HERIDO,CALLE 40 CON CARRERA 25,6.23215353,-75.552599,9,Buenos Aires,0909,Cataluña
562781,2021,2021-02-26,17:15,Choque,HERIDO,CALLE 10 A CON CARRERA 43 C,6.20910817,-75.49777652,90,Corregimiento de Santa Elena,9006,El Cerro
606015,2022,2022-03-14,08:00,Caida Ocupante,HERIDO,Calle 84 Con Carrera 23,6.2771916,-75.53599304,90,Corregimiento de Santa Elena,9003,Piedras Blancas
632871,2022,2022-11-02,23:00,Otro,HERIDO,Calle 110 Con Carrera 38,6.29797515,-75.54592468,1,Popular,0101,Santo Domingo Savio No. 1
523920,2019,2019-12-19,12:50,Choque,SOLO DAÑOS,CALLE 101 CON CARRERA 49,6.29243612,-75.555739,2,Santa Cruz,0210,Santa Cruz
608866,2022,2022-04-06,15:50,Choque,HERIDO,Calle 75 Con Carrera 73,6.27566342,-75.58472509,7,Robledo,0706,La Pilarica
533759,2020,2020-03-05,06:30,Choque,HERIDO,CALLE 29 C CON CARRERA 35,6.22924741,-75.564027,9,Buenos Aires,0914,Asomadera No. 1
694345,2025,2025-05-25,08:30,Atropello,HERIDO,Calle 5  Sur Con Carrera 84,6.20746106,-75.60714527,70,Corregimiento de Altavista,7007,San José del Manzanillo
519630,2019,2019-11-18,16:00,Choque,HERIDO,CALLE 80 CON CARRERA 75,6.28248872,-75.58171147,7,Robledo,0710,López de Mesa
580661,2021,2021-08-12,06:50,Choque,HERIDO,CALLE 43 A CON CARRERA 29,6.23637215,-75.55430445,9,Buenos Aires,0910,La Milagrosa
670358,2024,2024-05-24,00:10,Choque,HERIDO,Calle 65 Con Carrera 43,6.25842692,-75.55587641,8,Villa Hermosa,802,La Mansión
508126,2019,2019-08-28,13:00,Choque,HERIDO,CALLE 5 CON CARRERA 76,6.21648036,-75.60034992,16,Belén,1611,Loma de los Bernal
503085,2019,2019-07-23,12:00,Otro,HERIDO,CALLE 2 CON CARRERA 80,6.21126816,-75.60301911,16,Belén,1610,El Rincón
633108,2022,2022-11-06,00:10,Choque,HERIDO,Calle 32 B Con Carrera 80,6.2386964,-75.60404323,11,Laureles Estadio,1110,La Castellana
563808,2021,2021-03-07,22:30,Choque,HERIDO,CALLE 113 A CON CARRERA 64 C,6.3083109,-75.56158361,5,Castilla,0502,Las Brisas
558872,2021,2021-01-22,15:00,Choque,SOLO DAÑOS,CALLE 62 CON CARRERA 92,6.27591772,-75.60413013,7,Robledo,0719,Fuente Clara
525659,2020,2020-01-03,15:40,Choque,SOLO DAÑOS,CALLE 29 CON CARRERA 70,6.23050444,-75.59144421,16,Belén,1604,Granada
515675,2019,2019-10-21,05:50,Choque,SOLO DAÑOS,CALLE 123 CON CARRERA 64 AA,,,5,Castilla,Sin inf,Sin inf
664040,2024,2024-02-14,21:00,Otro,HERIDO,Carrera 64 C Con Calle 104,6.30339931,-75.56155025,5,Castilla,502,Las Brisas
521163,2019,2019-11-30,20:50,Atropello,HERIDO,CALLE 52 CON CARRERA 8 A,6.23246726,-75.53682047,8,Villa Hermosa,0815,Las Estancias
680419,2024,2024-10-30,23:30,Otro,HERIDO,CL 050 035,6.24344922,-75.55608082,9,Buenos Aires,906,Barrio Caicedo
546397,2020,2020-09-15,13:40,Choque,HERIDO,CALLE 47 CON CARRERA 65,6.25430332,-75.58225639,11,Laureles Estadio,1102,Suramericana
669608,2024,2024-05-11,12:30,Atropello,HERIDO,Calle 58 C Con Carrera 131,6.27487846,-75.63550513,60,Corregimiento de San Cristóbal,6014,Suburbano La Loma
561295,2021,2021-02-13,11:48,Choque,HERIDO,CALLE 67 CON CARRERA 63,6.26555613,-75.57533261,7,Robledo,Inst_8,Universidad Nacional
648050,2023,2023-06-19,01:50,Choque,HERIDO,Calle 93 Con Carrera 68,6.28737664,-75.57330583,5,Castilla,0513,Francisco Antonio Zea
666731,2024,2024-03-26,05:30,Choque,HERIDO,Carrera 64 AA Con Calle 120,6.31137402,-75.55854067,5,Castilla,501,Toscana
663798,2024,2024-02-11,02:30,Otro,HERIDO,Carrera 83 Con Calle 91 B,6.28943035,-75.58481305,6,Doce de Octubre,607,Kennedy
561879,2021,2021-02-18,15:30,Caida Ocupante,HERIDO,CALLE 52 CON CARRERA 46,6.2492965,-75.564548,10,La Candelaria,1019,La Candelaria
544698,2020,2020-08-27,19:30,Choque,HERIDO,CALLE 66 CON CARRERA 50 A,6.26278855,-75.56136265,10,La Candelaria,1001,Prado
610743,2022,2022-04-23,20:00,Choque,HERIDO,Calle 67 A Con Carrera 63,6.2652665,-75.57266554,5,Castilla,0517,Caribe
602541,2022,2022-02-14,23:30,Choque,SOLO DAÑOS,Calle 73 Con Carrera 73 A,6.27293211,-75.58479782,7,Robledo,0702,La Pilarica
620906,2022,2022-07-19,17:20,Choque,SOLO DAÑOS,Calle 79 B Con Transversal 78,6.28282431,-75.58431187,7,Robledo,0711,El Diamante
637778,2023,2023-01-20,12:40,Choque,HERIDO,Calle 33 Con Carrera 78,6.23884551,-75.59834819,16,Belén,1620,El Nogal-Los Almendros
573694,2021,2021-06-16,10:00,Caida Ocupante,HERIDO,CALLE 52 CON CARRERA 47,6.2495142,-75.56559538,10,La Candelaria,1019,La Candelaria
544371,2020,2020-08-24,06:40,Choque,HERIDO,CALLE 26 B CON CARRERA 72,6.22844812,-75.59268654,16,Belén,1605,San Bernardo
535986,2020,2020-04-08,08:25,Caida Ocupante,HERIDO,CALLE 93 CON CARRERA 69,6.28761358,-75.57399546,5,Castilla,0513,Francisco Antonio Zea
696251,2025,2025-06-17,17:30,Choque,HERIDO,Carrera 70 Con Diagonal 74 B,,,N/D,N/D,,
488169,2019,2019-03-18,14:30,Caida Ocupante,HERIDO,CALLE 50 CON CARRERA 57,6.25335072,-75.5756654,10,La Candelaria,1008,Corazón de Jesús
497267,2019,2019-06-05,19:00,Atropello,HERIDO,CALLE 107 B CON CARRERA 43,6.2957218,-75.54913315,1,Popular,0103,Popular
530957,2020,2020-02-14,05:40,Otro,HERIDO,CALLE 56 CON CARRERA 57,6.25761249,-75.57240965,10,La Candelaria,1004,San Benito
645827,2023,2023-05-20,17:50,Otro,HERIDO,Calle 110 A Con Carrera 76 D,6.30861315,-75.57278743,6,Doce de Octubre,0601,Santander
577667,2021,2021-07-19,06:30,Otro,HERIDO,CALLE 94 CON CARRERA 68,6.28862122,-75.57289252,5,Castilla,0511,Castilla
647796,2023,2023-06-15,18:00,Choque,HERIDO,Calle 2 A Con Carrera 52,6.20954833,-75.58509785,15,Guayabal,1507,Campo Amor
696693,2025,2025-06-23,16:50,Atropello,HERIDO,Calle 53 Con Carrera 73,6.26231306,-75.58772626,11,Laureles Estadio,1115,Cuarta Brigada
595095,2021,2021-12-07,08:00,Otro,HERIDO,CALLE 62 D CON CARRERA 94,6.27842393,-75.60516564,7,Robledo,0719,Fuente Clara
601656,2022,2022-02-07,15:30,Otro,HERIDO,Calle 44 Con Carrera 50,6.24441316,-75.56983257,10,La Candelaria,1007,Guayaquil
603781,2022,2022-02-24,12:30,Choque,SOLO DAÑOS,Calle 20  Sur Con Carrera 9 A,,,90,Corregimiento de Santa Elena,,
669000,2024,2024-05-02,11:40,Choque,HERIDO,Carrera 64 C Con Calle 74,6.27250857,-75.57333564,5,Castilla,517,Caribe
657283,2023,2023-10-27,16:40,Otro,HERIDO,Calle 11 B Sur Con Carrera 53,6.19909223,-75.59136007,15,Guayabal,1511,La Colina
648632,2023,2023-06-26,08:30,Otro,HERIDO,Calle 104 Con Carrera 64 C,6.30339931,-75.56155025,5,Castilla,0502,Las Brisas
701423,2025,2025-08-19,08:20,Choque,HERIDO,Calle 100 Con Carrera 65,6.29398836,-75.56877902,5,Castilla,509,Girardot
673085,2024,2024-07-09,08:30,Choque,HERIDO,CL 033 074 B,6.23903386,-75.59048389,16,Belén,1620,El Nogal-Los Almendros
504488,2019,2019-08-02,17:30,Choque,SOLO DAÑOS,CALLE 44 CON CARRERA 61,6.24740146,-75.57839633,10,La Candelaria,1008,Corazón de Jesús
648641,2023,2023-06-26,10:45,Otro,HERIDO,Calle 35 Con Carrera 81,6.24310531,-75.60295388,11,Laureles Estadio,1110,La Castellana
631370,2022,2022-10-13,17:14,Otro,HERIDO,Calle 95 Con Carrera 73 B,6.29151512,-75.57745536,6,Doce de Octubre,0605,La Esperanza
517036,2019,2019-10-30,09:50,Otro,HERIDO,CALLE 77 CON CARRERA 30,6.26926209,-75.54316023,3,Manrique,0305,El Raizal
565815,2021,2021-03-26,19:35,Choque,HERIDO,CALLE 101 CON CARRERA 76,6.29943899,-75.5770241,6,Doce de Octubre,0604,Doce de Octubre No.2
648135,2023,2023-06-20,06:00,Choque,HERIDO,Calle 55 Con Carrera 76 A,6.2661673,-75.59110941,11,Laureles Estadio,1114,Los Colores
636521,2022,2022-12-27,11:00,Choque,HERIDO,Calle 60 Con Carrera 50 C,6.25845828,-75.56455997,10,La Candelaria,1001,Prado
596762,2021,2021-12-20,20:10,Choque,HERIDO,CALLE 48 B CON CARRERA 99,6.26022651,-75.61305588,13,San Javier,1306,La Pradera
507103,2019,2019-08-20,16:40,Choque,SOLO DAÑOS,CALLE 89 CON CARRERA 42,6.28133721,-75.55077804,3,Manrique,0302,Las Granjas
592645,2021,2021-11-18,12:10,Choque,SOLO DAÑOS,CALLE 32 EE CON CARRERA 74 C,6.23373231,-75.59428225,16,Belén,1603,Belén
535359,2020,2020-03-18,16:00,Choque,HERIDO,CALLE 4 CON CARRERA 48,6.20731005,-75.57612563,14,El Poblado,1421,Patio Bonito
492748,2019,2019-04-28,14:00,Atropello,HERIDO,CALLE 57 CON CARRERA 24 BB,6.24730647,-75.54566696,8,Villa Hermosa,0807,Los Mangos
586460,2021,2021-09-28,07:50,Choque,HERIDO,CALLE 17 CON CARRERA 48,6.2186388,-75.575747,14,El Poblado,1403,Villa Carlota
494890,2019,2019-05-16,07:15,Choque,SOLO DAÑOS,CALLE 47 CON CARRERA 46,6.2545337,-75.56243284,10,La Candelaria,1018,Villa Nueva
519136,2019,2019-11-15,00:00,Choque,HERIDO,CALLE 44 CON CARRERA 70,6.24928539,-75.58876359,11,Laureles Estadio,1103,Florida Nueva
495389,2019,2019-05-20,14:10,Choque,SOLO DAÑOS,CALLE 9 CON CARRERA 84 C,6.22035398,-75.60767134,16,Belén,1612,Loma de los Bernal
541245,2020,2020-07-08,03:37,Otro,HERIDO,CALLE 50 A CON CARRERA 84,6.26593439,-75.60216323,12,La América,1213,Calasanz Parte Alta
512069,2019,2019-09-24,20:30,Atropello,HERIDO,CALLE 100 CON CARRERA 46,6.29026021,-75.55437884,2,Santa Cruz,0209,Moscú No. 1
487258,2019,2019-03-10,20:20,Otro,HERIDO,CALLE 17 CON CARRERA 43 A,6.21905857,-75.56958602,14,El Poblado,1404,Castropol
525740,2020,2020-01-04,11:00,Caida Ocupante,HERIDO,CALLE 44 CON CARRERA 57,6.24625198,-75.57519767,10,La Candelaria,Inst_17,Centro Administrativo
659944,2023,2023-12-05,15:00,Volcamiento,HERIDO,Calle 33 Con Carrera 63,6.2399959,-75.57855539,11,Laureles Estadio,1105,Los Conquistadores
542700,2020,2020-07-30,13:45,Atropello,HERIDO,CALLE 61 CON CARRERA 53,6.26000032,-75.56822909,10,La Candelaria,1003,Jesús Nazareno
620733,2022,2022-07-18,10:15,Atropello,HERIDO,Calle 30 Con Carrera 76,6.23138599,-75.59622621,16,Belén,1603,Belén
698041,2025,2025-07-10,15:30,Choque,HERIDO,Calle 9 Con Carrera 65,,,N/D,N/D,,
602233,2022,2022-02-12,11:30,Atropello,MUERTO,Calle 31 Con Carrera 109,6.2331608,-75.62863583,70,Corregimiento de Altavista,7004,San Pablo
583213,2021,2021-09-02,13:20,Choque,SOLO DAÑOS,CALLE 49 A CON CARRERA 63,6.25337651,-75.57847201,11,Laureles Estadio,1102,Suramericana
514775,2019,2019-10-14,17:10,Otro,HERIDO,CALLE 17 A CON CARRERA 66,6.22230119,-75.58763553,15,Guayabal,1504,Santa Fé
693997,2025,2025-05-20,14:40,Choque,HERIDO,Calle 45 E Con Carrera 75,6.25224652,-75.59297503,11,Laureles Estadio,1112,El Velódromo
527966,2020,2020-01-22,20:00,Caida Ocupante,HERIDO,CALLE 56 A CON CARRERA 17,6.23912835,-75.53971765,8,Villa Hermosa,0813,Villatina
548395,2020,2020-10-05,19:00,Choque,HERIDO,CALLE 44 CON CARRERA 41,6.24187894,-75.56363452,10,La Candelaria,1014,Las Palmas
683122,2024,2024-12-14,02:30,Otro,HERIDO,CL 052 B 001 021,,,9,Buenos Aires,,
535625,2020,2020-03-24,09:50,Choque,HERIDO,CALLE 9 CON CARRERA 70,6.2163076,-75.59329856,16,Belén,1607,Diego Echavarría
480167,2019,2019-01-08,10:45,Choque,HERIDO,CALLE 96 CON CARRERA 80,6.29430301,-75.58147552,6,Doce de Octubre,0606,San Martín de Porres
629039,2022,2022-09-21,07:40,Caida Ocupante,HERIDO,Calle 104 B Con Carrera 87,6.3077424,-75.58498636,6,Doce de Octubre,0612,El Triunfo
662709,2024,2024-01-27,06:00,Choque,HERIDO,Carrera 64 C Con Calle 80,6.27699394,-75.57266359,5,Castilla,Inst_4,Terminal de Transporte
658047,2023,2023-11-07,11:20,Otro,HERIDO,Calle 70 Con Carrera 62,,,4,Aranjuez,,
647024,2023,2023-06-05,15:30,Otro,HERIDO,Calle 20 Con Carrera 52,6.22164698,-75.58003087,15,Guayabal,1504,Santa Fé
552859,2020,2020-11-20,18:30,Choque,SOLO DAÑOS,CALLE 32 B CON CARRERA 66 B,6.23618416,-75.58741563,16,Belén,1602,Rosales
652377,2023,2023-08-19,17:00,Otro,HERIDO,Calle 51 Con Carrera 65,6.25657754,-75.58075999,11,Laureles Estadio,1101,Carlos E. Restrepo
482419,2019,2019-01-28,17:00,Choque,SOLO DAÑOS,CALLE 43 CON CARRERA 88,6.25051077,-75.60667622,12,La América,1204,La América
576767,2021,2021-07-12,07:50,Choque,HERIDO,CALLE 88 CON CARRERA 63,6.28053794,-75.56905927,5,Castilla,Inst_4,Terminal de Transporte
638549,2023,2023-02-01,16:35,Choque,HERIDO,Tramo 18 Con Kilometro 100,,,90,Corregimiento de Santa Elena,,
498649,2019,2019-06-17,00:10,Volcamiento,HERIDO,CALLE 44 CON CARRERA 35,6.24025331,-75.55981363,9,Buenos Aires,0911,Gerona
602318,2022,2022-02-12,21:00,Choque,SOLO DAÑOS,Calle 10 Con Carrera 38,6.20943351,-75.56740235,14,El Poblado,1418,El Poblado
572789,2021,2021-06-08,16:57,Caida Ocupante,HERIDO,TRAMO 18 CON KILOMETRO 44,,,90,Corregimiento de Santa Elena,,
684878,2025,2025-01-22,07:20,Otro,HERIDO,Calle 53 Con Carrera 76,6.26358821,-75.5896516,11,Laureles Estadio,1115,Cuarta Brigada
619506,2022,2022-07-08,11:50,Choque,SOLO DAÑOS,Calle 50 Con Carrera 62,6.25384772,-75.57642315,10,La Candelaria,1006,San Benito
634614,2022,2022-11-28,20:45,Atropello,HERIDO,Calle 30 Con Carrera 82 B,6.23107533,-75.60462631,16,Belén,1614,Belén
584784,2021,2021-09-15,08:20,Choque,SOLO DAÑOS,CALLE 16 A CON CARRERA 77,6.22280182,-75.59825755,16,Belén,1612,La Gloria
572830,2021,2021-06-09,00:10,Choque,HERIDO,CALLE 47 CON CARRERA 37,6.24223082,-75.56009538,10,La Candelaria,1015,Bomboná No. 1
533670,2020,2020-03-04,13:30,Choque,HERIDO,CALLE 11 CON CARRERA 43 F,6.21316408,-75.57524758,14,El Poblado,1419,Manila
688598,2025,2025-03-12,10:45,Choque,HERIDO,Calle 80 Con Carrera 72 A,6.28029336,-75.57898518,7,Robledo,709,Córdoba
508277,2019,2019-08-29,15:00,Otro,HERIDO,CALLE 20 CON CARRERA 84 A,6.22520592,-75.60693277,16,Belén,1612,Altavista
692319,2025,2025-04-29,06:45,Otro,HERIDO,Calle 43 Con Carrera 66,6.24792506,-75.58491021,11,Laureles Estadio,1104,San Joaquín
677479,2024,2024-09-14,22:20,Otro,HERIDO,Calle 42  Sur Con Carrera 63,6.18300533,-75.64438298,80,Corregimiento de San Antonio de Prado,AUC2,San Antonio de Prado
697558,2025,2025-07-05,01:50,Choque,SOLO DAÑOS,Calle 30 A Con Carrera 70,6.23229567,-75.59147656,16,Belén,1602,Rosales
579195,2021,2021-07-31,09:30,Choque,SOLO DAÑOS,CALLE 79 CON CARRERA 51 C,6.27366989,-75.56399328,4,Aranjuez,0415,Miranda
696371,2025,2025-06-19,08:10,Otro,HERIDO,Calle 75 Con Carrera 72,,,N/D,N/D,,
620742,2022,2022-07-18,11:40,Choque,HERIDO,Calle 32 E Con Carrera 76,6.2372653,-75.59657398,16,Belén,1620,El Nogal-Los Almendros
672363,2024,2024-06-26,15:20,Otro,HERIDO,Calle 72 Con Carrera 44,6.26726325,-75.55383255,3,Manrique,306,El Pomar
683688,2024,2024-12-25,23:25,Choque,HERIDO,CR 080 048 B,6.26000174,-75.59740041,11,Laureles Estadio,1113,Estadio
643354,2023,2023-04-17,07:30,Caida Ocupante,HERIDO,Calle 98 Con Carrera 52,6.29152247,-75.56219114,2,Santa Cruz,0211,San Isidro
484751,2019,2019-02-17,07:00,Otro,HERIDO,CALLE 3 C CON CARRERA 789 B,,,16,Belén,Sin inf,Sin inf
568599,2021,2021-04-29,14:20,Otro,HERIDO,CALLE 18 CON CARRERA 97,6.22316022,-75.62008287,70,Corregimiento de Altavista,7005,Altavista Sector Central
673122,2024,2024-07-10,06:00,Choque,HERIDO,Carrera 63 Con Calle 44,6.24854018,-75.58088972,11,Laureles Estadio,1103,Naranjal
511432,2019,2019-09-20,10:50,Choque,SOLO DAÑOS,CALLE 52 CON CARRERA 51 A,6.23111618,-75.48367711,90,Corregimiento de Santa Elena,9004,Barro Blanco
586323,2021,2021-09-27,05:15,Choque,SOLO DAÑOS,CALLE 44 CON CARRERA 57,6.24625198,-75.57519767,10,La Candelaria,Inst_17,Centro Administrativo
558888,2021,2021-01-22,16:30,Volcamiento,HERIDO,CALLE 65 CON CARRERA 35,6.25735243,-75.54891887,8,Villa Hermosa,0801,Villa Hermosa
634172,2022,2022-11-22,00:30,Otro,HERIDO,Calle 53 Con Carrera 61,6.2560591,-75.57542348,10,La Candelaria,1006,San Benito
694764,2025,2025-05-30,16:40,Otro,HERIDO,Calle 56 Con Carrera 40,6.24973497,-75.55804225,10,La Candelaria,1016,Boston
498556,2019,2019-06-15,22:50,Otro,HERIDO,CALLE 999 CON CARRERA 999,,,60,Corregimiento de San Cristóbal,Sin inf,Sin inf
701135,2025,2025-08-15,09:00,Volcamiento,HERIDO,Calle 67 Con Carrera 50 B,6.26393487,-75.56202197,4,Aranjuez,408,San Pedro
539784,2020,2020-06-19,16:20,Choque,SOLO DAÑOS,CALLE 120 CON CARRERA 64 C,6.31174222,-75.56103602,5,Castilla,0502,Las Brisas
622288,2022,2022-07-31,05:55,Choque,HERIDO,Calle 2  Sur Con Carrera 43 C,6.20188854,-75.57463586,14,El Poblado,1421,Patio Bonito
642206,2023,2023-03-29,07:00,Otro,HERIDO,Calle 39 Con Carrera 38,6.23759329,-75.56278315,9,Buenos Aires,0912,El Salvador
483060,2019,2019-02-03,14:22,Choque,HERIDO,CALLE 60 CON CARRERA 49,6.25699661,-75.56242729,10,La Candelaria,1001,Prado
643718,2023,2023-04-22,11:00,Atropello,HERIDO,Calle 54 Con Carrera 45,6.25058432,-75.56234284,10,La Candelaria,1019,La Candelaria
676966,2024,2024-09-06,13:55,Choque,HERIDO,CR 064 065 067,,,7,Robledo,,
633985,2022,2022-11-19,10:30,Choque,HERIDO,Calle 52 Con Carrera 28,6.24274952,-75.54974798,8,Villa Hermosa,0809,Alejandro Echavarría
587966,2021,2021-10-09,09:00,Choque,HERIDO,CALLE 38 CON CARRERA 63,6.24251162,-75.57917732,11,Laureles Estadio,1105,Los Conquistadores
512427,2019,2019-09-27,10:40,Choque,SOLO DAÑOS,CALLE 30 CON CARRERA 45,6.23118608,-75.5727782,10,La Candelaria,1012,Perpetuo Socorro
537133,2020,2020-05-10,15:00,Atropello,HERIDO,CALLE 126 A CON CARRERA 43,6.30426201,-75.54493253,2,Santa Cruz,0201,La Isla
528105,2020,2020-01-23,22:00,Otro,HERIDO,CALLE 14 CON CARRERA 52,6.21763099,-75.58095561,15,Guayabal,1507,Santa Fé
682309,2024,2024-12-01,14:10,Choque,HERIDO,CL 039 103,6.25317697,-75.61786827,13,San Javier,1310,Veinte de Julio
652620,2023,2023-08-23,05:40,Choque,HERIDO,Calle 35 A Con Carrera 66 B,6.24001973,-75.5830172,11,Laureles Estadio,1105,Los Conquistadores
614414,2022,2022-05-24,08:20,Choque,SOLO DAÑOS,Calle 67 Con Carrera 50,6.26359989,-75.56047585,10,La Candelaria,1001,Prado
567641,2021,2021-04-19,09:00,Choque,SOLO DAÑOS,CALLE 36 CON CARRERA 51,6.23765111,-75.5735742,10,La Candelaria,1012,Perpetuo Socorro
698957,2025,2025-07-21,20:13,Choque,HERIDO,Calle 50 Con Carrera 54,6.25114135,-75.57131029,10,La Candelaria,1006,San Benito
510994,2019,2019-09-17,18:30,Choque,SOLO DAÑOS,CALLE 42 A CON CARRERA 69,6.24770834,-75.58772499,11,Laureles Estadio,1104,Bolivariana
584527,2021,2021-09-13,11:00,Choque,SOLO DAÑOS,CALLE 49 BB CON CARRERA 96,6.26298532,-75.60838148,13,San Javier,1305,Metropolitano
687694,2025,2025-03-01,11:10,Otro,HERIDO,Calle 15 Con Carrera 79,6.22064709,-75.60105055,16,Belén,1612,La Gloria
651135,2023,2023-08-01,10:20,Choque,HERIDO,Calle 32 Con Carrera 70,6.23446954,-75.59154165,16,Belén,1602,Rosales
672252,2024,2024-06-24,18:00,Atropello,HERIDO,Carrera 45 Con Calle 70 A,6.2657776,-75.55522225,3,Manrique,307,Manrique Central No.2
563430,2021,2021-03-04,14:45,Caida Ocupante,HERIDO,CALLE 57 CON CARRERA 63,6.25926259,-75.57506931,11,Laureles Estadio,1101,Carlos E. Restrepo
526918,2020,2020-01-15,18:15,Atropello,HERIDO,CALLE 63 CON CARRERA 36 A,6.25500525,-75.55195435,8,Villa Hermosa,0803,San Miguel
514058,2019,2019-10-09,05:05,Choque,HERIDO,CALLE 104 CON CARRERA 64 C,6.30339931,-75.56155025,5,Castilla,0502,Las Brisas
675330,2024,2024-08-12,23:00,Otro,HERIDO,Calle 55 Con Carrera 57,6.25671644,-75.57349601,10,La Candelaria,1006,San Benito
498373,2019,2019-06-14,17:20,Choque,HERIDO,CALLE 10 CON CARRERA 65,6.21706925,-75.58645654,15,Guayabal,Inst_19,Parque Juan Pablo II
602471,2022,2022-02-14,13:40,Choque,HERIDO,Calle 42 A Con Carrera 109,6.25616597,-75.62273416,13,San Javier,1318,Antonio Nariño
693598,2025,2025-05-15,13:50,Atropello,HERIDO,Calle 50 Con Carrera 47,6.2486412,-75.56604465,10,La Candelaria,1019,La Candelaria
656416,2023,2023-10-16,10:45,Otro,HERIDO,Calle 14 Con Carrera 50,6.21701726,-75.57826529,15,Guayabal,1507,Santa Fé
557687,2021,2021-01-07,11:40,Choque,HERIDO,CALLE 58 CON CARRERA 36 A,6.24961153,-75.55440023,10,La Candelaria,1016,Boston
568676,2021,2021-04-30,12:20,Choque,HERIDO,CALLE 55 CON CARRERA 39,6.24862417,-75.55774485,10,La Candelaria,1016,Boston
555680,2020,2020-12-15,17:10,Choque,SOLO DAÑOS,CALLE 44 CON CARRERA 79,6.25008229,-75.59757646,11,Laureles Estadio,1111,Lorena
597118,2021,2021-12-23,15:50,Choque,SOLO DAÑOS,CALLE 78 CON CARRERA 52,6.27292325,-75.56485988,4,Aranjuez,Inst_10,Moravia
649165,2023,2023-07-04,05:00,Otro,HERIDO,Calle 78 Con Carrera 64 C,6.27699394,-75.57266359,5,Castilla,Inst_4,Terminal de Transporte
696211,2025,2025-06-17,07:40,Otro,HERIDO,Calle 98 Con Carrera 65,6.29298721,-75.56910253,5,Castilla,509,Girardot
620703,2022,2022-07-18,06:30,Choque,HERIDO,Calle 97 Con Carrera 65,6.29162527,-75.56944308,5,Castilla,0511,Castilla
595106,2021,2021-12-07,08:50,Choque,SOLO DAÑOS,CALLE 33 CON CARRERA 63,6.2399959,-75.57855539,11,Laureles Estadio,1105,Los Conquistadores
624138,2022,2022-08-13,15:05,Choque,SOLO DAÑOS,Calle 42 C Con Carrera 55,6.24417353,-75.57544796,10,La Candelaria,Inst_16,La Alpujarra
669066,2024,2024-05-03,11:45,Choque,HERIDO,Carrera 89 Con Calle 66,6.27855048,-75.59710571,7,Robledo,718,Cucaracho
598820,2022,2022-01-12,09:05,Otro,HERIDO,Calle 104 C Con Carrera 52,6.29530559,-75.55954866,2,Santa Cruz,0210,Santa Cruz
598109,2022,2022-01-03,08:20,Choque,SOLO DAÑOS,Calle 71 Con Carrera 64,6.27255644,-75.57342735,5,Castilla,0517,Caribe
668208,2024,2024-04-19,13:30,Otro,HERIDO,Calle 67 Con Carrera 65,6.26518149,-75.57170278,4,Aranjuez,Inst_11,Universidad de Antioquia
541259,2020,2020-07-08,06:50,Choque,HERIDO,CALLE 60 CON CARRERA 46,6.25582962,-75.56073365,8,Villa Hermosa,0803,Prado
661501,2024,2024-01-06,21:00,Atropello,HERIDO,Carrera 48 B Con Calle 111,6.30092602,-75.55118738,2,Santa Cruz,205,La Francia
679991,2024,2024-10-24,15:00,Choque,HERIDO,CL 104 064 C,6.3013995,-75.56390445,5,Castilla,509,Girardot
626882,2022,2022-09-04,15:10,Atropello,HERIDO,Calle 93 Con Carrera 45 A,6.28424321,-75.55273043,3,Manrique,0301,Berlin
641958,2023,2023-03-24,22:00,Atropello,HERIDO,Calle 56 Con Carrera 24,6.24245853,-75.54473246,8,Villa Hermosa,0810,El Pinal
673555,2024,2024-07-16,10:30,Volcamiento,HERIDO,Calle 50 Con Carrera 71,6.25844331,-75.58612296,11,Laureles Estadio,Inst_14,U.D. Atanasio Girardot
604036,2022,2022-02-26,12:45,Choque,SOLO DAÑOS,Calle 17 Con Carrera 43 A,6.21905857,-75.56958602,14,El Poblado,1404,Castropol
518021,2019,2019-11-06,16:10,Choque,HERIDO,CALLE 29 AA CON CARRERA 52,6.22936998,-75.57693457,15,Guayabal,1504,Santa Fé
640341,2023,2023-02-28,20:30,Otro,HERIDO,Calle 101 Con Carrera 83,6.30049591,-75.5818885,6,Doce de Octubre,0608,Picacho
631862,2022,2022-10-20,15:40,Otro,HERIDO,Calle 53 Con Carrera 71,6.26101176,-75.5858353,11,Laureles Estadio,1115,Cuarta Brigada
605480,2022,2022-03-10,06:50,Otro,HERIDO,Calle 78 Con Carrera 73,6.27859162,-75.58019719,7,Robledo,0708,Altamira
543678,2020,2020-08-13,20:25,Atropello,HERIDO,CALLE 79 B CON CARRERA 28,6.27063452,-75.54249888,3,Manrique,0311,El Raizal
579350,2021,2021-08-01,13:30,Atropello,HERIDO,CALLE 57 CON CARRERA 46,6.25340368,-75.56238211,10,La Candelaria,1018,Villa Nueva
599660,2022,2022-01-21,01:20,Atropello,HERIDO,Calle 45 Con Carrera 31,6.23826265,-75.55499147,9,Buenos Aires,0910,La Milagrosa
637348,2023,2023-01-13,13:30,Caida Ocupante,HERIDO,Calle 98 Con Carrera 32,6.28775938,-75.54399815,1,Popular,0108,El Compromiso
608307,2022,2022-04-02,07:50,Choque,HERIDO,Calle 10 Con Carrera 50,6.21459174,-75.57871334,15,Guayabal,1507,Campo Amor
701329,2025,2025-08-18,00:05,Choque,HERIDO,Calle 30 A Con Carrera 80,6.2320103,-75.60066666,16,Belén,1603,Belén
581048,2021,2021-08-15,12:30,Choque,SOLO DAÑOS,CALLE 30 A CON CARRERA 53,6.23255729,-75.57763087,16,Belén,Inst_18,Tenche
576622,2021,2021-07-10,19:00,Otro,HERIDO,CALLE 44 CON CARRERA 61,6.24740146,-75.57839633,10,La Candelaria,1008,Corazón de Jesús
527806,2020,2020-01-21,22:00,Choque,SOLO DAÑOS,CALLE 32 C CON CARRERA 65,6.23720639,-75.58266937,16,Belén,1601,Fátima
643410,2023,2023-04-17,18:05,Otro,HERIDO,Calle 91 Con Carrera 65,6.28232505,-75.5719957,5,Castilla,0514,Alfonso López
491901,2019,2019-04-21,00:30,Choque,SOLO DAÑOS,CALLE 85 C CON CARRERA 49,6.27818163,-75.55716267,4,Aranjuez,0414,Brasilia
694979,2025,2025-06-02,13:43,Choque,HERIDO,Calle 85 Con Carrera 46,6.27724677,-75.55439033,4,Aranjuez,410,Campo Valdés No.1
599615,2022,2022-01-20,15:30,Otro,HERIDO,Calle 94 Con Carrera 50,6.28587763,-75.55782927,4,Aranjuez,0402,San Isidro
638587,2023,2023-02-02,07:15,Caida Ocupante,HERIDO,Calle 92 Con Carrera 80,6.289383,-75.58422351,6,Doce de Octubre,0607,Kennedy
494240,2019,2019-05-10,15:20,Choque,SOLO DAÑOS,CALLE 48 A CON CARRERA 94,6.25844255,-75.61035401,13,San Javier,1306,La Pradera
625449,2022,2022-08-24,06:30,Choque,SOLO DAÑOS,Calle 16 Con Carrera 55,6.21959336,-75.58239817,15,Guayabal,1504,Santa Fé
541410,2020,2020-07-09,16:33,Choque,SOLO DAÑOS,CALLE 42 C CON CARRERA 64 D,6.24675402,-75.5831725,11,Laureles Estadio,1104,San Joaquín
613986,2022,2022-05-20,13:27,Atropello,HERIDO,Calle 56 Con Carrera 57,6.25761249,-75.57240965,10,La Candelaria,1004,San Benito
484385,2019,2019-02-14,13:30,Choque,HERIDO,CALLE 42 CON CARRERA 46,6.24172577,-75.56946545,10,La Candelaria,1013,Barrio Colón
527461,2020,2020-01-19,23:33,Choque,HERIDO,CALLE 49 CON CARRERA 17 C,6.2368003,-75.54485516,9,Buenos Aires,0904,Los Cerros El Vergel
661054,2023,2023-12-21,20:50,Atropello,HERIDO,Calle 50 Con Carrera 56 B,6.25243746,-75.57376434,10,La Candelaria,1006,San Benito
483747,2019,2019-02-09,10:10,Choque,SOLO DAÑOS,CALLE 44 CON CARRERA 63,6.24854018,-75.58088972,11,Laureles Estadio,1103,Naranjal
577462,2021,2021-07-17,09:00,Caida Ocupante,HERIDO,CALLE 47 D CON CARRERA 88,6.25976196,-75.60645522,13,San Javier,1304,Los Alcázares
638411,2023,2023-01-30,18:30,Otro,HERIDO,Calle 30 A Con Carrera 69,6.23237185,-75.58917566,16,Belén,1602,Rosales
607070,2022,2022-03-23,00:50,Choque,SOLO DAÑOS,Tramo 7 Con Kilometro 0,,,90,Corregimiento de Santa Elena,,
659958,2023,2023-12-05,19:10,Atropello,HERIDO,Calle 55 Con Avenida 80,,,11,Laureles Estadio,,
645769,2023,2023-05-19,23:30,Atropello,HERIDO,Calle 57 Con Carrera 47,6.2538583,-75.56305564,10,La Candelaria,1018,Villa Nueva
586812,2021,2021-09-30,17:50,Choque,SOLO DAÑOS,CALLE 55 CON CARRERA 51,6.25446556,-75.56704986,10,La Candelaria,1005,Estación Villa
563494,2021,2021-03-05,07:50,Choque,HERIDO,CALLE 44 A CON CARRERA 57,6.24694241,-75.57506832,10,La Candelaria,1007,Guayaquil
612476,2022,2022-05-07,12:00,Choque,HERIDO,Calle 48 Con Carrera 99,6.25922735,-75.61341632,13,San Javier,1306,La Pradera
578359,2021,2021-07-24,14:15,Choque,SOLO DAÑOS,CALLE 12 CON CARRERA 72,6.21954599,-75.59483055,16,Belén,1606,Las Playas
690628,2025,2025-04-07,05:50,Otro,HERIDO,Calle 92 A Con Carrera 44 A,6.28371118,-75.55187864,3,Manrique,301,La Salle
621059,2022,2022-07-21,08:00,Caida Ocupante,HERIDO,Calle 65 Con Carrera 44,6.25858514,-75.55779958,8,Villa Hermosa,0802,La Mansión
505520,2019,2019-08-09,15:20,Choque,SOLO DAÑOS,CALLE 48 A CON CARRERA 35,6.24207258,-75.55685179,9,Buenos Aires,0907,Buenos Aires
671061,2024,2024-06-04,12:40,Otro,HERIDO,Calle 71 Con Carrera 50,6.26672089,-75.55993629,4,Aranjuez,408,San Pedro
546342,2020,2020-09-14,18:30,Choque,SOLO DAÑOS,CALLE 9 AA CON CARRERA 76,6.21943598,-75.59889922,16,Belén,1606,Las Playas
615107,2022,2022-05-30,11:30,Otro,HERIDO,Calle 47 D Con Carrera 80,6.25842601,-75.59777419,11,Laureles Estadio,1112,El Velódromo
572045,2021,2021-06-02,05:10,Caida Ocupante,HERIDO,CALLE 41 CON CARRERA 50,6.2417291,-75.57094606,10,La Candelaria,1013,Calle Nueva
663588,2024,2024-02-08,05:35,Volcamiento,HERIDO,Carrera 40 Con Calle 78,6.27002576,-75.54943898,3,Manrique,303,Campo Valdés No. 2
595647,2021,2021-12-11,19:20,Volcamiento,HERIDO,CALLE 101 B CON CARRERA 65,6.29575406,-75.56725375,5,Castilla,0509,Girardot
633586,2022,2022-11-13,08:34,Atropello,MUERTO,Calle 44 Con Carrera 79 AA,6.2501475,-75.59970845,12,La América,1203,Los Pinos
552832,2020,2020-11-20,15:10,Choque,HERIDO,CALLE 10 B SUR CON CARRERA 52,6.19898694,-75.58935928,15,Guayabal,1511,La Colina
676914,2024,2024-09-05,18:30,Choque,HERIDO,Calle 4  Sur Con Carrera 43 C,6.20145484,-75.57526274,14,El Poblado,1421,Patio Bonito
625636,2022,2022-08-25,19:50,Otro,HERIDO,Calle 83 Con Carrera 50,6.27624099,-75.55860361,4,Aranjuez,0414,Brasilia
492661,2019,2019-04-27,14:40,Atropello,HERIDO,CALLE 91 CON CARRERA 75 A,6.2874994,-75.58116829,6,Doce de Octubre,0607,Kennedy
687980,2025,2025-03-04,12:00,Atropello,HERIDO,Calle 54 Con Carrera 46,6.25135808,-75.56356581,10,La Candelaria,1019,La Candelaria
563493,2021,2021-03-05,07:30,Choque,SOLO DAÑOS,CALLE 45 CON CARRERA 15 C,6.23228624,-75.54551557,9,Buenos Aires,0904,Bomboná No. 2
533442,2020,2020-03-02,23:00,Choque,SOLO DAÑOS,CALLE 65 CON TRANSVERSAL 78,6.27540582,-75.5737457,5,Castilla,0519,El Progreso
508002,2019,2019-08-27,16:00,Choque,HERIDO,CALLE 6 CON CARRERA 43 B,6.20835182,-75.57131796,14,El Poblado,1420,Astorga
650073,2023,2023-07-17,07:30,Volcamiento,HERIDO,Calle 58 Con Carrera 50,6.25576738,-75.56428522,10,La Candelaria,1018,Villa Nueva
597514,2021,2021-12-27,14:00,Choque,SOLO DAÑOS,CALLE 49 CON CARRERA 61,6.25227435,-75.57752098,10,La Candelaria,1008,Corazón de Jesús
533168,2020,2020-02-29,16:30,Choque,SOLO DAÑOS,CALLE 51 CON CARRERA 34,6.24385596,-75.55503393,9,Buenos Aires,0906,Barrio Caicedo
572193,2021,2021-06-03,07:10,Choque,HERIDO,CALLE 41 CON CARRERA 55,6.24252794,-75.5752294,10,La Candelaria,Inst_17,Centro Administrativo
652725,2023,2023-08-24,14:00,Otro,HERIDO,Calle 19  Sur Con Carrera 9 A,,,90,Corregimiento de Santa Elena,,
615674,2022,2022-06-04,08:30,Choque,HERIDO,Calle 42 Con Carrera 74,6.24831502,-75.59363351,11,Laureles Estadio,1111,Lorena
614292,2022,2022-05-23,07:00,Choque,SOLO DAÑOS,Calle 52 Con Carrera 45,6.24887373,-75.56352306,10,La Candelaria,1019,La Candelaria
591586,2021,2021-11-09,14:40,Choque,SOLO DAÑOS,CALLE 50 CON CARRERA 10,6.23155434,-75.53983532,9,Buenos Aires,0902,Barrio de Jesús
689014,2025,2025-03-17,09:30,Choque,HERIDO,Calle 20 Con Carrera 49,6.2247293,-75.57580639,14,El Poblado,1403,Villa Carlota
560847,2021,2021-02-09,10:10,Choque,SOLO DAÑOS,CALLE 55 CON CARRERA 63,6.25784093,-75.57963515,11,Laureles Estadio,1101,Carlos E. Restrepo
695661,2025,2025-06-10,16:00,Atropello,HERIDO,Calle 49 Con Carrera 80,6.26087677,-75.59720107,11,Laureles Estadio,1113,Estadio
622535,2022,2022-08-02,04:50,Choque,SOLO DAÑOS,Calle 62 D Con Carrera 108 BB,6.27672398,-75.61896063,60,Corregimiento de San Cristóbal,6098,Santa Margarita
494846,2019,2019-05-15,18:05,Choque,SOLO DAÑOS,CALLE 64 B CON CARRERA 128,6.27978897,-75.63517205,60,Corregimiento de San Cristóbal,6000,Cabecera Urbana San Cristobal
587785,2021,2021-10-07,18:00,Otro,HERIDO,CALLE 83 CON CARRERA 49,6.27605518,-75.55754674,4,Aranjuez,0414,Brasilia
514004,2019,2019-10-08,16:15,Choque,HERIDO,CALLE 71 CON CARRERA 69,6.27245777,-75.5798567,7,Robledo,0702,B. Cerro  El Volador
568457,2021,2021-04-28,06:50,Otro,HERIDO,CALLE 44 CON CARRERA 46,6.24508944,-75.56771748,10,La Candelaria,1013,Barrio Colón
632472,2022,2022-10-28,23:20,Otro,HERIDO,Calle 98 Con Carrera 65,6.29537482,-75.56773501,5,Castilla,0509,Girardot
506268,2019,2019-08-14,18:00,Volcamiento,HERIDO,CALLE 44 CON CARRERA 57,6.24671613,-75.57612411,10,La Candelaria,1008,Corazón de Jesús
496497,2019,2019-05-29,16:30,Choque,SOLO DAÑOS,CALLE 16 CON CARRERA 49,6.21727154,-75.57706132,14,El Poblado,1403,Villa Carlota
634905,2022,2022-12-02,21:48,Choque,HERIDO,Calle 47 Con Carrera 43,6.24444787,-75.56424092,10,La Candelaria,1013,Barrio Colón
582409,2021,2021-08-26,23:20,Volcamiento,HERIDO,CALLE 92 F CON CARRERA 84,6.29007353,-75.58560762,6,Doce de Octubre,0607,Kennedy
566418,2021,2021-04-02,15:15,Choque,SOLO DAÑOS,CALLE 42 CON CARRERA 28,6.23533888,-75.55389883,9,Buenos Aires,0910,La Milagrosa
678866,2024,2024-10-06,14:42,Otro,HERIDO,CR 009 002,,,90,Corregimiento de Santa Elena,,
567716,2021,2021-04-19,17:50,Choque,SOLO DAÑOS,CALLE 12 SUR CON CARRERA 48 C,6.19410744,-75.57767913,14,El Poblado,1423,La Aguacatala
699926,2025,2025-08-01,21:20,Choque,HERIDO,Calle 48 Con Carrera 60,6.25071061,-75.5772522,10,La Candelaria,1008,Corazón de Jesús
511087,2019,2019-09-18,10:00,Otro,HERIDO,CALLE 29 CON CARRERA 49,6.23114641,-75.57512211,14,El Poblado,1401,Barrio Colombia
566989,2021,2021-04-09,18:20,Choque,SOLO DAÑOS,CALLE 39 CON CARRERA 32,6.23523084,-75.55803816,9,Buenos Aires,0913,Gerona
665478,2024,2024-03-08,09:15,Choque,HERIDO,CL 031 032,6.22974839,-75.56115977,9,Buenos Aires,914,Asomadera No.1
624596,2022,2022-08-17,12:30,Otro,HERIDO,Calle 20 Con Carrera 83,6.22525699,-75.60593947,16,Belén,1613,Altavista
679082,2024,2024-10-10,04:30,Choque,MUERTO,CL 048 063,6.25159371,-75.57924808,11,Laureles Estadio,1102,Suramericana
610523,2022,2022-04-22,08:00,Otro,HERIDO,Calle 40 Con Carrera 28,6.23354243,-75.55488636,9,Buenos Aires,0910,La Milagrosa
501216,2019,2019-07-09,19:45,Choque,HERIDO,CALLE 33 CON CARRERA 66 B,6.23896182,-75.58990531,16,Belén,1602,Rosales
563277,2021,2021-03-03,08:30,Choque,HERIDO,CALLE 32 CON CARRERA 70,6.23446954,-75.59154165,16,Belén,1602,Rosales
699691,2025,2025-07-30,10:00,Otro,HERIDO,Calle 94 Con Carrera 49,6.28578566,-75.55707585,4,Aranjuez,401,Berlín
583259,2021,2021-09-02,18:30,Otro,HERIDO,CALLE 97 CON CARRERA 71,6.29301385,-75.573709,5,Castilla,0511,Castilla
695437,2025,2025-06-08,01:10,Otro,HERIDO,Calle 58 Con Carrera 24 B,,,N/D,N/D,,
588501,2021,2021-10-13,13:50,Choque,SOLO DAÑOS,CALLE 57 CON CARRERA 42,6.25153984,-75.55960384,10,La Candelaria,1016,Boston
507921,2019,2019-08-27,06:00,Choque,HERIDO,CALLE 58 CON CARRERA 45,6.25326225,-75.56048726,10,La Candelaria,1018,Villa Nueva
626254,2022,2022-08-30,21:15,Choque,SOLO DAÑOS,Calle 14 Con Carrera 65,6.21887448,-75.58586668,15,Guayabal,1504,Santa Fé
696075,2025,2025-06-15,17:30,Otro,HERIDO,Calle 44 Con Carrera 92,6.25344418,-75.60921961,12,La América,1207,El Danubio
536222,2020,2020-04-16,15:50,Volcamiento,HERIDO,CALLE 53 B CON CARRERA 85,6.27044115,-75.60192944,11,Laureles Estadio,SN01,El Pesebre
546779,2020,2020-09-19,11:40,Choque,SOLO DAÑOS,CALLE 44 A CON CARRERA 79,6.25072874,-75.59752498,12,La América,1203,Los Pinos
664200,2024,2024-02-17,09:30,Otro,HERIDO,Calle 44 Con Carrera 64,6.248546,-75.58252215,11,Laureles Estadio,1103,Naranjal
483066,2019,2019-02-03,16:00,Choque,SOLO DAÑOS,CALLE 29 CON CARRERA 66 B,6.22878107,-75.58355185,15,Guayabal,1503,Trinidad
580319,2021,2021-08-09,19:50,Choque,SOLO DAÑOS,CALLE 57 CON CARRERA 47,6.2538583,-75.56305564,10,La Candelaria,1018,Villa Nueva
654732,2023,2023-09-22,15:10,Otro,HERIDO,Via 38 Con Kilometro 0,,,50,Corregimiento de San Sebastián de Palmitas,,
619613,2022,2022-07-09,07:00,Choque,SOLO DAÑOS,Calle 60 Con Carrera 121,6.27608469,-75.62690329,60,Corregimiento de San Cristóbal,6014,Suburbano La Loma
594415,2021,2021-12-02,08:00,Choque,HERIDO,CALLE 10 CON CARRERA 65,6.21706925,-75.58645654,15,Guayabal,Inst_19,Parque Juan Pablo II
664081,2024,2024-02-15,15:00,Choque,HERIDO,Carrera 65 Con Calle 72,6.27188961,-75.57528034,5,Castilla,519,El Progreso
621683,2022,2022-07-26,11:20,Otro,HERIDO,Calle 94 Con Carrera 51 A,6.28606797,-75.56150734,4,Aranjuez,0402,San Isidro
617686,2022,2022-06-21,18:03,Choque,SOLO DAÑOS,Calle 31 B Con Carrera 34,6.21248477,-75.56400858,14,El Poblado,1405,Lalinde
482818,2019,2019-02-01,13:40,Choque,SOLO DAÑOS,CALLE 10 CON CARRERA 43,6.21043014,-75.56998081,14,El Poblado,1418,El Poblado
508807,2019,2019-09-02,16:30,Choque,SOLO DAÑOS,CALLE 5 CON CARRERA 25,6.20158568,-75.55811529,14,El Poblado,1409,El Tesoro
547345,2020,2020-09-25,11:40,Caida Ocupante,HERIDO,CALLE 75 E CON CARRERA 36,6.26781205,-75.54703479,3,Manrique,0305,Manrique Oriental
508867,2019,2019-09-03,06:30,Choque,SOLO DAÑOS,CALLE 47 D CON CARRERA 80,6.25844231,-75.59784788,12,La América,1205,La Floresta
640867,2023,2023-03-07,17:50,Choque,HERIDO,Calle 29 Con Carrera 43 A,6.22759476,-75.56945514,14,El Poblado,1401,Barrio Colombia
487305,2019,2019-03-11,10:30,Choque,HERIDO,CALLE 55 CON CARRERA 39,6.24862417,-75.55774485,10,La Candelaria,1016,Boston
662158,2024,2024-01-18,16:30,Otro,HERIDO,Carrera 104 Con Calle 19,6.22435835,-75.62640513,70,Corregimiento de Altavista,7005,Altavista Sector Central
569131,2021,2021-05-06,14:30,Caida Ocupante,HERIDO,CALLE 41 CON CARRERA 55,6.24252794,-75.5752294,10,La Candelaria,Inst_17,Centro Administrativo
694834,2025,2025-05-31,14:12,Atropello,HERIDO,Calle 45 Con Carrera 36,6.24035636,-75.55859434,9,Buenos Aires,911,Gerona
485409,2019,2019-02-22,09:30,Choque,SOLO DAÑOS,CALLE 66 CON CARRERA 55,6.26323105,-75.56889856,10,La Candelaria,1004,El Chagualo
645284,2023,2023-05-13,23:00,Atropello,HERIDO,Calle 110 Con Carrera 46,6.29955805,-75.54925647,1,Popular,0103,La Francia
582547,2021,2021-08-27,23:15,Choque,SOLO DAÑOS,CALLE 11 CON CARRERA 43 B,6.21207033,-75.57073392,14,El Poblado,1419,Manila
670996,2024,2024-06-03,14:30,Choque,HERIDO,Diagonal 80 Con Calle 76,6.27725622,-75.58946486,7,Robledo,706,La Pilarica
560680,2021,2021-02-08,11:00,Volcamiento,HERIDO,CALLE 50 CON CARRERA 79,6.26317394,-75.59583523,11,Laureles Estadio,1114,Los Colores
605797,2022,2022-03-12,11:40,Choque,SOLO DAÑOS,Calle 32 Con Carrera 29 A,6.22915018,-75.55913071,9,Buenos Aires,0913,Loreto
691069,2025,2025-04-12,12:40,Choque,HERIDO,Calle 30 A Con Carrera 80,6.2320103,-75.60066666,16,Belén,1603,Belén
593974,2021,2021-11-28,22:20,Choque,SOLO DAÑOS,CALLE 93 CON CARRERA 65,6.28917835,-75.57043284,5,Castilla,0511,Castilla
479829,2019,2019-01-03,17:10,Choque,HERIDO,CALLE 99 CON CARRERA 65,6.29575406,-75.56725375,5,Castilla,0509,Girardot
687668,2025,2025-03-01,05:45,Choque,HERIDO,Calle 73 Con Carrera 64 C,,,5,Castilla,,
533025,2020,2020-02-28,15:30,Otro,HERIDO,CALLE 44 CON CARRERA 57,6.24671613,-75.57612411,10,La Candelaria,1008,Corazón de Jesús
541427,2020,2020-07-09,20:00,Choque,SOLO DAÑOS,CALLE 76 CON CARRERA 80,6.27790497,-75.58897648,7,Robledo,0715,Villa Flora
678165,2024,2024-09-26,06:00,Choque,HERIDO,Carrera 49 Con Calle 63,6.25909306,-75.56108759,10,La Candelaria,1001,Prado
627458,2022,2022-09-08,20:01,Choque,MUERTO,Calle 59 Con Carrera 78,6.27030576,-75.59254412,7,Robledo,0703,San Germán
542327,2020,2020-07-23,18:00,Caida Ocupante,HERIDO,CALLE 29 C CON CARRERA 35,6.22924747,-75.56402786,9,Buenos Aires,0914,Asomadera No. 1
692009,2025,2025-04-25,17:10,Volcamiento,HERIDO,Calle 66 Con Carrera 39,6.25779536,-75.55098982,8,Villa Hermosa,801,Villa Hermosa
635270,2022,2022-12-08,11:21,Choque,HERIDO,Calle 123 Con Carrera 48 A,6.304793,-75.55009949,2,Santa Cruz,0202,La Isla
616216,2022,2022-06-09,10:30,Choque,SOLO DAÑOS,Calle 118 Con Carrera 46,6.30258323,-75.54875556,2,Santa Cruz,0201,La Isla
503612,2019,2019-07-27,10:00,Choque,SOLO DAÑOS,CALLE 103 FF CON CARRERA 64 C,6.29988418,-75.56502469,5,Castilla,Inst_1,Plaza de Ferias
693957,2025,2025-05-20,06:05,Choque,HERIDO,Calle 44 Con Carrera 77,6.25000515,-75.59586991,11,Laureles Estadio,1111,Lorena
483980,2019,2019-02-11,15:10,Choque,SOLO DAÑOS,CALLE 67 CON CARRERA 63,6.26555613,-75.57533261,7,Robledo,Inst_8,Universidad Nacional
492945,2019,2019-04-30,17:00,Atropello,HERIDO,CALLE 34 CON CARRERA 80,6.24080282,-75.60026188,11,Laureles Estadio,1109,Las Acacias
578303,2021,2021-07-24,08:00,Choque,HERIDO,CALLE 34 CON CARRERA 83 B,6.241737,-75.60684536,11,Laureles Estadio,1110,La Castellana
503442,2019,2019-07-25,20:00,Choque,SOLO DAÑOS,CALLE 47 C CON CARRERA 101,6.25842228,-75.61665486,13,San Javier,1308,San Javier No.2
485320,2019,2019-02-21,16:00,Caida Ocupante,HERIDO,CALLE 67 CON CARRERA 64,6.26405683,-75.5751214,7,Robledo,Inst_8,Universidad Nacional
648090,2023,2023-06-19,16:00,Choque,HERIDO,Calle 20 Con Carrera 49,6.22412604,-75.57501948,14,El Poblado,1403,Villa Carlota
659256,2023,2023-11-25,20:00,Atropello,HERIDO,Calle 71 A Con Carrera 30,6.26602668,-75.54302811,3,Manrique,0309,Versalles No. 1
533042,2020,2020-02-28,17:40,Choque,SOLO DAÑOS,CALLE 5 CON CARRERA 43,6.20607713,-75.57303687,14,El Poblado,1421,Patio Bonito
586844,2021,2021-10-01,00:40,Otro,HERIDO,CALLE 84 CON CARRERA 42 A,6.27574938,-75.55095194,3,Manrique,0303,Campo Valdés No. 2
653407,2023,2023-09-03,14:00,Otro,HERIDO,Calle 94 Con Carrera 74 A,6.29057574,-75.57875848,6,Doce de Octubre,0605,La Esperanza
569280,2021,2021-05-07,19:00,Caida Ocupante,HERIDO,CALLE 62 CON CARRERA 41,6.25482049,-75.55640072,8,Villa Hermosa,0803,San Miguel
531909,2020,2020-02-20,20:30,Caida Ocupante,HERIDO,CALLE 50 CON CARRERA 62,6.25384772,-75.57642315,10,La Candelaria,1006,San Benito
619997,2022,2022-07-12,08:00,Otro,HERIDO,Calle 20 Con Carrera 15,,,90,Corregimiento de Santa Elena,,
663427,2024,2024-02-05,12:00,Atropello,HERIDO,Carrera 87 A Con Calle 34,6.2425767,-75.61249003,12,La América,1212,Santa Teresita
652436,2023,2023-08-20,14:30,Otro,HERIDO,Calle 81 Con Carrera 64 C,6.27633391,-75.57345587,5,Castilla,Inst_3,Cementerio Universal
541792,2020,2020-07-14,12:03,Choque,SOLO DAÑOS,CALLE 43 CON CARRERA 99,6.25620527,-75.61566831,13,San Javier,1309,San Javier No.1
532423,2020,2020-02-24,13:30,Atropello,HERIDO,CALLE 98 C CON CARRERA 84,6.29988257,-75.58341757,6,Doce de Octubre,0608,Picacho
653142,2023,2023-08-30,17:37,Atropello,HERIDO,Calle 105 Con Carrera 42 B,6.29354667,-75.54839543,1,Popular,0104,Granizal
506912,2019,2019-08-19,04:20,Choque,SOLO DAÑOS,CALLE 45 CON CARRERA 78,6.25127177,-75.59677181,12,La América,1203,Los Pinos
592413,2021,2021-11-16,13:00,Volcamiento,HERIDO,TRAMO 7 CON KILOMETRO 11,,,90,Corregimiento de Santa Elena,,
529278,2020,2020-02-01,18:00,Volcamiento,HERIDO,CALLE 57 CON CARRERA 44,6.25142095,-75.56073075,10,La Candelaria,1018,Villa Nueva
610957,2022,2022-04-25,15:55,Choque,SOLO DAÑOS,Calle 18 A Con Carrera 62,,,14,El Poblado,,
512660,2019,2019-09-28,19:30,Choque,SOLO DAÑOS,CALLE 45 CON CARRERA 46,6.24500986,-75.56788408,10,La Candelaria,1013,Barrio Colón
635186,2022,2022-12-07,04:40,Choque,HERIDO,Calle 10 Con Carrera 43 C,6.21116221,-75.57195143,14,El Poblado,1419,Manila
622985,2022,2022-08-05,07:00,Atropello,HERIDO,Calle 50 Con Carrera 76,6.26096174,-75.59115553,11,Laureles Estadio,1115,Cuarta Brigada
570867,2021,2021-05-22,21:30,Caida Ocupante,HERIDO,CALLE 71 CON CARRERA 36,6.26564425,-75.54783034,3,Manrique,0308,Manrique Oriental
483615,2019,2019-02-08,07:45,Choque,SOLO DAÑOS,CALLE 54 CON CARRERA 36,6.24629008,-75.55549842,10,La Candelaria,1016,Boston
690817,2025,2025-04-09,10:00,Otro,HERIDO,Calle 62 Con Carrera 39 A,6.25379889,-75.55493998,8,Villa Hermosa,803,San Miguel
680279,2024,2024-10-28,20:20,Choque,HERIDO,CL 078 B 072 A,6.27718842,-75.5812565,7,Robledo,708,Altamira
537899,2020,2020-05-23,08:18,Choque,HERIDO,CALLE 7 CON CARRERA 52,6.21264231,-75.58330428,15,Guayabal,1507,Campo Amor
579443,2021,2021-08-02,14:30,Otro,HERIDO,CALLE 54 CON CARRERA 57,6.25562284,-75.57354726,10,La Candelaria,1006,San Benito
482189,2019,2019-01-26,16:00,Otro,HERIDO,CALLE 107 CON CARRERA 29,6.29506784,-75.54111537,1,Popular,0101,Santo Domingo Savio No. 1
668896,2024,2024-04-30,18:45,Choque,HERIDO,Calle 30 Con Carrera 81,6.23087885,-75.60232872,16,Belén,1614,La Palma
506803,2019,2019-08-17,22:30,Choque,HERIDO,CALLE 67 CON CARRERA 62,6.26518149,-75.57170278,4,Aranjuez,Inst_11,Universidad de Antioquia
527624,2020,2020-01-20,23:00,Choque,HERIDO,CALLE 80 CON CARRERA 65,6.27630558,-75.57335605,5,Castilla,Inst_4,Terminal de Transporte
486036,2019,2019-02-27,19:00,Choque,HERIDO,CALLE 48 CON CARRERA 89 A,6.25875851,-75.60620854,12,La América,1206,Santa Lucía
693882,2025,2025-05-19,07:30,Otro,HERIDO,Calle 38 Con Carrera 63,6.24251163,-75.57917731,11,Laureles Estadio,1105,Los Conquistadores
482234,2019,2019-01-26,22:30,Caida Ocupante,HERIDO,CALLE 45 CON CARRERA 26,6.2358542,-75.55190849,9,Buenos Aires,0909,Cataluña
527381,2020,2020-01-19,08:20,Volcamiento,SOLO DAÑOS,CALLE 79 C CON CARRERA 67 A,6.27704918,-75.57622172,5,Castilla,0519,El Progreso
518038,2019,2019-11-06,18:30,Choque,SOLO DAÑOS,CALLE 18 CON CARRERA 35,6.21819698,-75.56466141,9,Buenos Aires,0915,Asomadera No. 2
637868,2023,2023-01-22,01:20,Volcamiento,HERIDO,Calle 53 Con Carrera 26 BB,6.24316998,-75.54836055,8,Villa Hermosa,0810,El Pinal
499653,2019,2019-06-25,17:40,Choque,HERIDO,CALLE 44 CON CARRERA 79,6.25008229,-75.59757646,11,Laureles Estadio,1111,Lorena
629179,2022,2022-09-22,09:20,Volcamiento,HERIDO,Calle 16 Con Carrera 28,6.21457648,-75.5576555,14,El Poblado,1408,Altos del Poblado
540213,2020,2020-06-25,13:00,Choque,HERIDO,CALLE 62 CON CARRERA 55 A,6.26137743,-75.56940723,10,La Candelaria,1004,El Chagualo
646362,2023,2023-05-28,00:30,Choque,HERIDO,Calle 44 A Con Carrera 73,6.25032242,-75.59217562,11,Laureles Estadio,1117,Florida Nueva
623972,2022,2022-08-12,14:00,Choque,SOLO DAÑOS,Calle 46 Con Carrera 46,6.28238355,-75.55373503,4,Aranjuez,0412,La Piñuela
509976,2019,2019-09-10,16:00,Atropello,HERIDO,CALLE 110 CON CARRERA 67,6.30601909,-75.56635651,5,Castilla,0504,Tejelo
592843,2021,2021-11-19,20:40,Otro,HERIDO,CALLE 31 CON CARRERA 44 A,6.23187068,-75.57164699,10,La Candelaria,1012,Perpetuo Socorro
634616,2022,2022-11-28,21:25,Atropello,HERIDO,Calle 79 Con Carrera 49,6.27262316,-75.55815713,4,Aranjuez,0414,Brasilia
618545,2022,2022-06-29,15:20,Choque,SOLO DAÑOS,Calle 48 Con Carrera 57,6.25016827,-75.57523336,10,La Candelaria,1008,Corazón de Jesús
496860,2019,2019-06-02,04:10,Atropello,HERIDO,CALLE 51 CON CARRERA 33,6.24357334,-75.55445882,9,Buenos Aires,0906,Barrio Caicedo
586485,2021,2021-09-28,12:00,Otro,HERIDO,TRANSVERSAL 78 CON CARRERA 64 C,6.27699394,-75.57266359,5,Castilla,Inst_4,Terminal de Transporte
613798,2022,2022-05-18,19:30,Choque,SOLO DAÑOS,Calle 48 Con Carrera 79,6.25864497,-75.59689571,11,Laureles Estadio,1113,El Estadio
595775,2021,2021-12-13,05:40,Caida Ocupante,HERIDO,CALLE 48 CON CARRERA 57,6.25016827,-75.57523336,10,La Candelaria,1008,Corazón de Jesús
512784,2019,2019-09-30,06:20,Choque,HERIDO,CALLE 58 CON CARRERA 35,6.24913864,-75.55295728,8,Villa Hermosa,0808,Enciso
547304,2020,2020-09-24,21:30,Choque,HERIDO,CALLE 30 CON CARRERA 31,6.22835318,-75.56057832,9,Buenos Aires,0914,Asomadera No. 1
516589,2019,2019-10-26,21:00,Choque,HERIDO,CALLE 999 CON CARRERA 999,,,80,Corregimiento de San Antonio de Prado,Sin inf,Sin inf
517344,2019,2019-11-01,13:00,Choque,HERIDO,CALLE 9 CON CARRERA 50,6.21335713,-75.57846168,15,Guayabal,1507,Campo Amor
603327,2022,2022-02-20,23:30,Choque,SOLO DAÑOS,Calle 104 B Con Carrera 80,6.30498157,-75.57747895,6,Doce de Octubre,0602,Doce de Octubre No.1
499999,2019,2019-06-28,16:15,Choque,SOLO DAÑOS,CALLE 37 CON CARRERA 46,6.2376202,-75.57007407,10,La Candelaria,1020,Barrio Colón
612053,2022,2022-05-04,09:30,Choque,SOLO DAÑOS,Calle 71 A Con Carrera 41,6.26634993,-75.5509546,3,Manrique,0308,Manrique Central No. 2
632612,2022,2022-10-30,20:30,Choque,HERIDO,Calle 119 Con Carrera 65,6.31114883,-75.5637752,5,Castilla,0503,Florencia
529354,2020,2020-02-02,12:00,Choque,SOLO DAÑOS,CALLE 20 CON CARRERA 56,6.22355735,-75.58195469,15,Guayabal,1504,Santa Fé
701364,2025,2025-08-18,16:00,Atropello,HERIDO,Calle 40 Con Carrera 101 A,6.25482535,-75.6174214,13,San Javier,1309,San Javier No.1
650626,2023,2023-07-25,17:10,Choque,HERIDO,Calle 68 Con Carrera 34,6.26220916,-75.54660861,3,Manrique,0309,Manrique Oriental
510188,2019,2019-09-12,06:40,Choque,SOLO DAÑOS,CALLE 67 B CON CARRERA 64,6.2652665,-75.57266554,5,Castilla,0517,Caribe
685689,2025,2025-02-03,11:00,Otro,HERIDO,Calle 30 A Con Carrera 83,6.23185404,-75.60594086,16,Belén,1615,Los Alpes
630996,2022,2022-10-08,08:40,Otro,HERIDO,Calle 88 Con Carrera 44 A,6.28037666,-75.55225211,3,Manrique,0302,Las Granjas
484240,2019,2019-02-13,13:40,Atropello,HERIDO,CALLE 107 CON CARRERA 82 AA,6.30799512,-75.57992169,6,Doce de Octubre,0602,Doce de Octubre No.1
610702,2022,2022-04-23,16:07,Choque,HERIDO,Calle 20 A Con Carrera 83,6.22568074,-75.60593515,16,Belén,1613,Altavista
561451,2021,2021-02-14,20:10,Choque,HERIDO,CALLE 57 CON CARRERA 52,6.2562824,-75.56784141,10,La Candelaria,1005,Estación Villa
668175,2024,2024-04-19,06:00,Otro,HERIDO,Carrera 50 Con Calle 24,6.22535334,-75.57709734,15,Guayabal,1504,Santa Fé
683184,2024,2024-12-14,21:50,Otro,HERIDO,CR 083 005 007,6.21768487,-75.6042793,16,Belén,1611,La Loma de Los Bernal
601632,2022,2022-02-07,11:30,Atropello,HERIDO,Calle 27 Con Carrera 66 B,6.22905706,-75.58722845,15,Guayabal,Inst_19,Parque Juan Pablo II
570535,2021,2021-05-19,21:00,Caida Ocupante,HERIDO,CALLE 99 B CON CARRERA 83,6.29999261,-75.57998563,6,Doce de Octubre,0603,Doce de Octubre No.2
696862,2025,2025-06-25,17:10,Choque,HERIDO,Calle 44 Con Carrera 65,6.2485157,-75.5833068,11,Laureles Estadio,1104,San Joaquín
607290,2022,2022-03-24,17:20,Choque,SOLO DAÑOS,Calle 44 Con Carrera 57,6.24671613,-75.57612411,10,La Candelaria,1008,Corazón de Jesús
524493,2019,2019-12-23,13:00,Volcamiento,HERIDO,CALLE 74 CON CARRERA 45,6.26870903,-75.55592833,4,Aranjuez,0409,Manrique Central No. 1
600890,2022,2022-02-01,10:50,Choque,SOLO DAÑOS,Calle 9  Sur Con Carrera 32,6.19177533,-75.56731334,14,El Poblado,1411,Los Balsos No.1
492631,2019,2019-04-27,09:50,Choque,HERIDO,CALLE 7 CON CARRERA 49,6.20878049,-75.57673335,14,El Poblado,1421,Patio Bonito
507008,2019,2019-08-20,07:15,Choque,HERIDO,CALLE 57 CON CARRERA 62,6.25926259,-75.57506931,11,Laureles Estadio,1101,Carlos E. Restrepo
488317,2019,2019-03-19,17:50,Choque,SOLO DAÑOS,CALLE 44 CON CARRERA 79 AA,6.2501475,-75.59970845,12,La América,1203,Los Pinos
489431,2019,2019-03-29,21:30,Choque,SOLO DAÑOS,CALLE 80 CON CARRERA 75,6.28248872,-75.58171147,7,Robledo,0710,López de Mesa
665107,2024,2024-03-02,11:10,Atropello,HERIDO,Calle 59 Con Carrera 51,6.25771315,-75.56596166,10,La Candelaria,1003,Jesús Nazareno
575056,2021,2021-06-26,22:00,Choque,SOLO DAÑOS,CALLE 29 C CON CARRERA 33,6.22919874,-75.56327265,9,Buenos Aires,0914,Asomadera No. 1
558132,2021,2021-01-14,09:40,Choque,SOLO DAÑOS,CALLE 33 CON CARRERA 66 B,6.23896182,-75.58990531,16,Belén,1602,Rosales
680652,2024,2024-11-03,05:17,Otro,HERIDO,CL 049 A 063,6.25329332,-75.5783141,11,Laureles Estadio,1102,Suramericana
676936,2024,2024-09-06,05:50,Volcamiento,HERIDO,Carrera 10 Con Calle 55,6.23564522,-75.53585758,8,Villa Hermosa,815,Las Estancias
688897,2025,2025-03-15,20:30,Atropello,HERIDO,Calle 41 Con Carrera 55,6.24252795,-75.57522939,10,La Candelaria,Inst_17,Centro Administrativo
537516,2020,2020-05-16,15:59,Atropello,HERIDO,CALLE 54 CON CARRERA 57,6.25562284,-75.57354726,10,La Candelaria,1006,San Benito
506222,2019,2019-08-14,13:54,Choque,HERIDO,CALLE 3 CON CARRERA 28,6.19893263,-75.55764931,14,El Poblado,1409,Los Naranjos
652205,2023,2023-08-18,00:40,Choque,HERIDO,Calle 24 Con Carrera 65 GG,6.22405332,-75.58714557,15,Guayabal,1503,Trinidad
484296,2019,2019-02-13,21:40,Atropello,HERIDO,CALLE 80 CON CARRERA 72 A,6.27974579,-75.57942349,7,Robledo,0708,Altamira
668886,2024,2024-04-30,15:00,Choque,HERIDO,Carrera 65 Con Calle 30 A,6.23328533,-75.58272636,16,Belén,1601,Fátima
654123,2023,2023-09-13,19:30,Atropello,HERIDO,Calle 31 B Con Carrera 104,,,70,Corregimiento de Altavista,,
569944,2021,2021-05-14,17:00,Choque,SOLO DAÑOS,CALLE 44 CON CARRERA 52,6.24520865,-75.57255081,10,La Candelaria,Inst_17,Centro Administrativo
559193,2021,2021-01-25,22:50,Caida Ocupante,HERIDO,CALLE 95 CON CARRERA 83,6.29398194,-75.58400333,6,Doce de Octubre,0608,Picacho
682933,2024,2024-12-11,06:00,Choque,HERIDO,CL 123 052,6.30668354,-75.55558705,2,Santa Cruz,204,La Frontera
558856,2021,2021-01-22,12:40,Choque,HERIDO,CALLE 70 CON CARRERA 65,6.2696323,-75.57618452,5,Castilla,0519,B. Cerro  El Volador
555267,2020,2020-12-11,18:30,Volcamiento,HERIDO,CALLE 59 A CON CARRERA 21 C,6.25377107,-75.5444999,8,Villa Hermosa,0807,Los Mangos
533458,2020,2020-03-03,06:40,Caida Ocupante,HERIDO,CALLE 46 CON CARRERA 56,6.24882745,-75.57423228,10,La Candelaria,1007,Guayaquil
506693,2019,2019-08-17,09:50,Choque,SOLO DAÑOS,CALLE 39 CON CARRERA 50,6.23977801,-75.5717487,10,La Candelaria,1013,Barrio Colón
524693,2019,2019-12-24,20:30,Choque,HERIDO,CALLE 78 CON CARRERA 65,6.27540582,-75.5737457,5,Castilla,0519,El Progreso
484095,2019,2019-02-12,10:30,Choque,SOLO DAÑOS,CALLE 94 CON CARRERA 24,6.28626481,-75.53815336,1,Popular,0112,Carpinelo
567874,2021,2021-04-21,13:05,Otro,HERIDO,CALLE 1 SUR CON CARRERA 32,6.20040373,-75.56452485,14,El Poblado,1410,Los Naranjos
570350,2021,2021-05-18,10:00,Choque,SOLO DAÑOS,CALLE 7 CON CARRERA 43 A,6.20631338,-75.5715102,14,El Poblado,1417,La Florida
607584,2022,2022-03-27,00:05,Choque,HERIDO,Calle 43 Con Carrera 31,6.23715028,-75.55576238,9,Buenos Aires,0910,La Milagrosa
678730,2024,2024-10-04,18:30,Caida Ocupante,HERIDO,CL 078 064 A,6.23170839,-75.53706046,9,Buenos Aires,902,Barrios de Jesús
654576,2023,2023-09-20,07:30,Otro,HERIDO,Calle 58 C Con Carrera 88 A,,,13,San Javier,,
504404,2019,2019-08-02,09:30,Caida Ocupante,HERIDO,CALLE 17 CON CARRERA 48,6.2186388,-75.575747,14,El Poblado,1403,Villa Carlota
585513,2021,2021-09-20,15:30,Volcamiento,HERIDO,CALLE 36 CON CARRERA 81,6.24414828,-75.60276344,12,La América,1211,Simón Bolívar
508776,2019,2019-09-02,13:00,Choque,HERIDO,CALLE 9 CON DIAGONAL 79,6.21941443,-75.59925866,16,Belén,1606,Loma de los Bernal
548758,2020,2020-10-09,11:15,Choque,SOLO DAÑOS,CALLE 32 D CON DIAGONAL 74 B,6.23608062,-75.59306089,16,Belén,1602,Rosales
619496,2022,2022-07-08,10:30,Choque,SOLO DAÑOS,Calle 30 A Con Carrera 66 B,6.2324185,-75.58729876,16,Belén,1601,Rosales
571677,2021,2021-05-29,21:00,Choque,SOLO DAÑOS,CALLE 24 CON CARRERA 52,6.22466815,-75.57857974,15,Guayabal,1504,Santa Fé
554360,2020,2020-12-03,19:40,Choque,HERIDO,CALLE 44 CON CARRERA 50,6.24441316,-75.56983257,10,La Candelaria,1007,Guayaquil
565289,2021,2021-03-21,11:40,Choque,HERIDO,CALLE 44 CON CARRERA 41,6.24187894,-75.56363452,10,La Candelaria,1014,Las Palmas
485914,2019,2019-02-26,21:10,Choque,SOLO DAÑOS,CALLE 77 BB CON CARRERA 80,6.27992336,-75.58742065,7,Robledo,0715,Villa Flora
512763,2019,2019-09-29,21:30,Otro,HERIDO,CALLE 76 CON CARRERA 81,6.27790497,-75.58897648,7,Robledo,0715,Villa Flora
654190,2023,2023-09-14,16:16,Choque,HERIDO,Calle 34 Con Diagonal 65 D,6.23995249,-75.5846874,11,Laureles Estadio,1105,Los Conquistadores
513573,2019,2019-10-05,11:00,Choque,SOLO DAÑOS,CALLE 44 CON CARRERA 86,6.25081359,-75.60522218,12,La América,1204,La América
696907,2025,2025-06-26,11:43,Choque,HERIDO,Calle 49 Con Carrera 46,6.2475784,-75.56591799,10,La Candelaria,1019,La Candelaria
522988,2019,2019-12-13,01:00,Atropello,HERIDO,CALLE 61 CON CARRERA 50 D,6.25916253,-75.56453537,10,La Candelaria,1001,Prado
593192,2021,2021-11-22,19:00,Atropello,HERIDO,CALLE 41 CON CARRERA 35,6.23780612,-75.55969235,9,Buenos Aires,0911,Gerona
485243,2019,2019-02-21,06:30,Caida Ocupante,HERIDO,CALLE 48 SUR CON CARRERA 75,6.17861817,-75.6532705,80,Corregimiento de San Antonio de Prado,8098,Área de Expansión San Antonio de Prado
511141,2019,2019-09-18,15:20,Choque,HERIDO,CALLE 16 CON CARRERA 9,,,14,El Poblado,Sin inf,Sin inf
534981,2020,2020-03-15,04:00,Choque,SOLO DAÑOS,CALLE 8 CON CARRERA 35,6.20727889,-75.56575898,14,El Poblado,1417,La Florida
620847,2022,2022-07-19,09:40,Choque,SOLO DAÑOS,Calle 8 Con Carrera 37 A,6.20730905,-75.56773889,14,El Poblado,1418,El Poblado
609020,2022,2022-04-07,15:40,Choque,SOLO DAÑOS,Calle 94 Con Carrera 46 A,6.28569936,-75.55418456,4,Aranjuez,0401,Berlin
646409,2023,2023-05-28,20:00,Otro,HERIDO,Calle 48 Con Carrera 63,6.25159371,-75.57924808,11,Laureles Estadio,1102,Suramericana
530136,2020,2020-02-08,08:00,Volcamiento,HERIDO,CALLE 40 CON CARRERA 36,6.23746528,-75.5611701,9,Buenos Aires,0911,El Salvador
500085,2019,2019-06-29,13:30,Caida Ocupante,HERIDO,CALLE 92 CON CARRERA 75,6.28878441,-75.58038903,6,Doce de Octubre,0607,Kennedy
682787,2024,2024-12-09,05:36,Atropello,HERIDO,CL 058 052,6.25698966,-75.56770341,10,La Candelaria,1005,Estación Villa
533517,2020,2020-03-03,14:30,Choque,SOLO DAÑOS,CALLE 33 CON CARRERA 80,6.23889176,-75.60023756,11,Laureles Estadio,1109,Las Acacias
681826,2024,2024-11-23,17:40,Otro,HERIDO,CR  048   026  085 00000,6.22914319,-75.57489135,14,El Poblado,1401,Barrio Colombia
566864,2021,2021-04-08,07:20,Caida Ocupante,HERIDO,CALLE 65 C CON CARRERA 90 C,6.27961909,-75.59899738,7,Robledo,0718,Cucaracho
680584,2024,2024-11-02,01:30,Atropello,HERIDO,CL 045 012,6.22961003,-75.54176058,9,Buenos Aires,903,Bomboná No.2
480594,2019,2019-01-12,14:00,Choque,SOLO DAÑOS,CALLE 30 CON CARRERA 48,6.23188079,-75.57442636,10,La Candelaria,1012,Perpetuo Socorro
608288,2022,2022-04-02,01:00,Choque,SOLO DAÑOS,Calle 43 Con Carrera 43 B,6.24232963,-75.56618403,10,La Candelaria,1014,Las Palmas
672597,2024,2024-06-30,14:15,Otro,HERIDO,Carrera 107 Con Calle 39,6.25182279,-75.62009761,13,San Javier,1310,Veinte de Julio
526313,2020,2020-01-10,10:45,Choque,SOLO DAÑOS,CALLE 12 SUR CON CARRERA 25,6.18680607,-75.56278978,14,El Poblado,1411,Los Balsos No.1
523156,2019,2019-12-13,23:45,Caida Ocupante,HERIDO,CALLE 79 CON CARRERA 68 A,6.27609987,-75.57767103,5,Castilla,0519,El Progreso
587121,2021,2021-10-02,21:30,Otro,HERIDO,CALLE 92 CON CARRERA 50 C,6.28342772,-75.55981727,4,Aranjuez,0413,Aranjuez
586755,2021,2021-09-30,09:40,Choque,SOLO DAÑOS,CALLE 50 CON CARRERA 63,6.25430926,-75.57757397,11,Laureles Estadio,1102,Suramericana
691343,2025,2025-04-15,23:30,Otro,HERIDO,Calle 12  Sur Con Carrera 48,6.19452309,-75.57887958,14,El Poblado,1422,La Aguacatala
643323,2023,2023-04-16,18:50,Choque,HERIDO,Calle 60 Con Carrera 125,6.27548645,-75.62879919,60,Corregimiento de San Cristóbal,6014,Suburbano La Loma
641016,2023,2023-03-09,10:00,Atropello,HERIDO,Calle 86 B Con Carrera 50 D,6.27908658,-75.56073759,4,Aranjuez,0413,Aranjuez
671006,2024,2024-06-03,18:30,Choque,HERIDO,CR 052 008 B S,,,15,Guayabal,,
567329,2021,2021-04-14,16:20,Choque,HERIDO,CALLE 11 CON CARRERA 43 E,6.21280956,-75.57308392,14,El Poblado,1419,Manila
579855,2021,2021-08-05,19:50,Otro,HERIDO,CALLE 67 A CON CARRERA 125,,,60,Corregimiento de San Cristóbal,,
569948,2021,2021-05-14,17:30,Choque,SOLO DAÑOS,CALLE 30 CON CARRERA 70,6.23155194,-75.59145375,16,Belén,1604,Rosales
518297,2019,2019-11-08,15:10,Choque,SOLO DAÑOS,CALLE 48 D SUR CON CARRERA 55,6.17719126,-75.63761627,80,Corregimiento de San Antonio de Prado,8000,Cabecera San Antonio de Prado
696861,2025,2025-06-25,16:50,Choque,HERIDO,Calle 47 AA Con Carrera 89 A,6.25696827,-75.60548205,12,La América,1206,Santa Lucía
691104,2025,2025-04-12,20:10,Atropello,HERIDO,Calle 53 Con Carrera 50 A,6.25290574,-75.56742133,10,La Candelaria,1019,La Candelaria
578401,2021,2021-07-24,18:05,Choque,SOLO DAÑOS,CALLE 89 CON CARRERA 62,6.2868097,-75.56683652,5,Castilla,Inst_2,Oleoducto
684810,2025,2025-01-21,08:45,Otro,HERIDO,Calle 49 Con Carrera 35,6.24273526,-75.55648367,9,Buenos Aires,907,Buenos Aires
557733,2021,2021-01-08,06:10,Volcamiento,HERIDO,CALLE 84 CON CARRERA 23 B,,,1,Popular,,
602295,2022,2022-02-12,18:30,Otro,HERIDO,Calle 79 Con Carrera 72 A,6.27859162,-75.58019719,7,Robledo,0708,Altamira
531966,2020,2020-02-21,10:00,Choque,SOLO DAÑOS,CALLE 67 CON CARRERA 65,6.26810929,-75.57680893,7,Robledo,Inst_7,B. Cerro  El Volador
511026,2019,2019-09-17,23:40,Otro,HERIDO,CALLE 67 CON DIAGONAL 64 E,6.26743598,-75.57668131,5,Castilla,0517,Caribe
592979,2021,2021-11-20,19:50,Choque,SOLO DAÑOS,CALLE 45 CON CARRERA 49,6.24544984,-75.56912934,10,La Candelaria,1007,Guayaquil
635996,2022,2022-12-19,06:00,Otro,HERIDO,Calle 2 Con Carrera 65,6.21032997,-75.5877999,15,Guayabal,1507,Campo Amor
657034,2023,2023-10-24,07:00,Otro,HERIDO,Calle 58 Con Carrera 109,6.27254716,-75.61771968,7,Robledo,0722,Olaya Herrera
552581,2020,2020-11-18,09:40,Choque,HERIDO,CALLE 50 CON AVENIDA 80,,,12,La América,,
566759,2021,2021-04-06,18:30,Choque,HERIDO,CALLE 103 G CON CARRERA 63,6.29851223,-75.55968438,5,Castilla,0507,Héctor Abad Gómez
583376,2021,2021-09-03,18:00,Choque,SOLO DAÑOS,CALLE 24 CON CARRERA 49,6.22581392,-75.57587697,14,El Poblado,1403,Villa Carlota
501998,2019,2019-07-15,17:10,Choque,HERIDO,CALLE 80 CON CARRERA 62,6.27573969,-75.56926151,4,Aranjuez,0405,Moravia
500355,2019,2019-07-02,11:40,Choque,SOLO DAÑOS,CALLE 8 CON CARRERA 36,6.20700521,-75.56633488,14,El Poblado,1417,La Florida
521445,2019,2019-12-03,06:00,Choque,HERIDO,CALLE 13 SUR CON CARRERA 52,6.19572875,-75.59069195,15,Guayabal,1511,La Colina
652340,2023,2023-08-19,10:00,Choque,HERIDO,Circular 2 Con Carrera 70,6.24522629,-75.58932355,11,Laureles Estadio,1107,Bolivariana
663348,2024,2024-02-04,05:47,Choque,HERIDO,Calle 50 Con Carrera 65,6.25617799,-75.58104871,11,Laureles Estadio,1101,Carlos E. Restrepo
578091,2021,2021-07-22,15:30,Choque,SOLO DAÑOS,CALLE 10 CON CARRERA 48,6.21253849,-75.57637912,14,El Poblado,1421,Patio Bonito
483581,2019,2019-02-07,19:30,Atropello,HERIDO,CALLE 104 B CON CARRERA 87,6.30789644,-75.58497727,6,Doce de Octubre,0612,El Triunfo
599462,2022,2022-01-19,00:30,Choque,SOLO DAÑOS,Calle 72 A Con Carrera 51,6.26759214,-75.56184616,4,Aranjuez,0407,Sevilla
699522,2025,2025-07-28,14:30,Otro,HERIDO,Calle 48 A Con Carrera 31,6.24116238,-75.55365608,9,Buenos Aires,907,Buenos Aires
489536,2019,2019-03-31,08:40,Choque,SOLO DAÑOS,CALLE 57 CON CARRERA 59,6.27896536,-75.5677471,4,Aranjuez,0405,Moravia
510701,2019,2019-09-15,21:00,Choque,SOLO DAÑOS,CALLE 30 CON CARRERA 88 B,6.23104004,-75.6132427,16,Belén,1616,Las Violetas
556315,2020,2020-12-21,06:50,Atropello,HERIDO,CALLE 72 CON CARRERA 67,6.2727439,-75.5788948,5,Castilla,0519,El Progreso
499936,2019,2019-06-28,06:30,Otro,HERIDO,CALLE 91 CON CARRERA 79,6.28977192,-75.58344099,6,Doce de Octubre,0607,Kennedy
527933,2020,2020-01-22,16:25,Choque,SOLO DAÑOS,CALLE 3 CON CARRERA 25,6.1976955,-75.55700396,14,El Poblado,1410,Los Naranjos
538009,2020,2020-05-24,20:00,Otro,HERIDO,CALLE 67 CON CARRERA 46,6.26388374,-75.55718886,4,Aranjuez,0409,Manrique Central No. 1
496840,2019,2019-06-01,22:15,Atropello,HERIDO,CALLE 44 CON CARRERA 46,6.24381107,-75.56859494,10,La Candelaria,1013,Barrio Colón
630976,2022,2022-10-08,00:40,Otro,HERIDO,Calle 76 AB Con Carrera 50,6.27136056,-75.56171898,4,Aranjuez,0415,Miranda
672356,2024,2024-06-26,12:15,Volcamiento,HERIDO,Calle 37  Sur Con Carrera 82 D,6.18865008,-75.65999685,80,Corregimiento de San Antonio de Prado,AUC2,San Antonio de Prado
651498,2023,2023-08-07,15:00,Otro,HERIDO,Calle 39 A Con Carrera 44,6.2395215,-75.56863814,10,La Candelaria,1020,San Diego
570065,2021,2021-05-15,15:30,Volcamiento,HERIDO,CALLE 65 CON CARRERA 80,6.27337389,-75.59297812,7,Robledo,Inst_5,Facultad de Minas U. Nacional
505475,2019,2019-08-09,10:07,Choque,SOLO DAÑOS,CALLE 75 CON CARRERA 63,6.2742099,-75.57068522,5,Castilla,0517,Terminal de Transporte
653204,2023,2023-08-31,16:00,Otro,HERIDO,Calle 58 Con Carrera 56,6.25162016,-75.53894301,8,Villa Hermosa,0806,Llanaditas
691835,2025,2025-04-23,16:16,Choque,HERIDO,Via 27 Con Kilometro 111,6.303729,-75.5591,N/D,N/D,Sin inf,Sin inf
615221,2022,2022-05-31,15:00,Choque,SOLO DAÑOS,Calle 20  Sur Con Carrera 27,6.1813391,-75.5682192,14,El Poblado,1412,San Lucas
594357,2021,2021-12-01,18:04,Caida Ocupante,MUERTO,CALLE 12 A CON CARRERA 36 A,6.21317249,-75.56492238,14,El Poblado,1405,Lalinde
552902,2020,2020-11-21,07:40,Caida Ocupante,HERIDO,CALLE 16 A SUR CON CARRERA 48,6.19031648,-75.58048799,14,El Poblado,1423,Santa María de los Ángeles
489115,2019,2019-03-27,07:00,Choque,SOLO DAÑOS,CALLE 58 CON CARRERA 63,6.2611776,-75.57398219,7,Robledo,Inst_8,Universidad Nacional
518589,2019,2019-11-10,15:40,Choque,SOLO DAÑOS,CALLE 29 CON CARRERA 43,6.22679626,-75.5684903,10,La Candelaria,1020,San Diego
535150,2020,2020-03-16,17:45,Choque,SOLO DAÑOS,CALLE 12 SUR CON CARRERA 43 A,6.19419076,-75.57645783,14,El Poblado,1422,La Aguacatala
698413,2025,2025-07-15,08:00,Choque,HERIDO,Calle 64 Con Carrera 52,6.26189194,-75.56727518,10,La Candelaria,1003,Jesús Nazareno
660042,2023,2023-12-06,22:15,Choque,HERIDO,Calle 48 Con Carrera 1 AA,6.22925741,-75.52955725,9,Buenos Aires,0901,Juan Pablo II
666942,2024,2024-03-30,23:55,Choque,HERIDO,Calle 18 Con Carrera 90,6.22258406,-75.61392085,70,Corregimiento de Altavista,7096,Area De Expansion Altavista
619542,2022,2022-07-08,16:00,Choque,SOLO DAÑOS,Calle 94 Con Carrera 79,6.29189419,-75.58275175,6,Doce de Octubre,0608,Picacho
583777,2021,2021-09-07,07:20,Choque,SOLO DAÑOS,CALLE 40 CON CARRERA 88,6.24889827,-75.6082979,12,La América,1210,Barrio Cristóbal
555091,2020,2020-12-10,13:10,Choque,SOLO DAÑOS,CALLE 44 CON CARRERA 44,6.24323207,-75.56665883,10,La Candelaria,1013,Las Palmas
507735,2019,2019-08-25,16:20,Choque,SOLO DAÑOS,CALLE 51 A CON TRANSVERSAL 92 A,6.28351228,-75.56184149,4,Aranjuez,0402,San Isidro
546262,2020,2020-09-13,22:08,Choque,HERIDO,CALLE 43 SUR CON CARRERA 79,6.183794,-75.65619883,80,Corregimiento de San Antonio de Prado,8000,Cabecera San Antonio de Prado
645698,2023,2023-05-19,01:30,Otro,HERIDO,Calle 44 Con Carrera 63,6.24854018,-75.58088972,11,Laureles Estadio,1103,Naranjal
684047,2025,2025-01-07,08:50,Atropello,HERIDO,Calle 87 Con Carrera 36,6.28047222,-75.54605067,3,Manrique,302,Las Granjas
689181,2025,2025-03-19,11:40,Volcamiento,HERIDO,Calle 10 Con Carrera 65,6.21706926,-75.58645654,15,Guayabal,Inst_19,Parque Juan Pablo II
697861,2025,2025-07-08,15:11,Otro,HERIDO,Calle 50 Con Carrera 62,6.25398186,-75.57601678,10,La Candelaria,1006,San Benito
584580,2021,2021-09-13,17:10,Choque,SOLO DAÑOS,CALLE 48 CON CARRERA 46,6.24675039,-75.56630065,10,La Candelaria,1019,La Candelaria
646488,2023,2023-05-29,18:00,Otro,HERIDO,Calle 80 A Con Carrera 71,6.2802013,-75.57907389,7,Robledo,0708,Altamira
516948,2019,2019-10-29,16:00,Choque,SOLO DAÑOS,CALLE 31 CON CARRERA 50,6.23296789,-75.57431359,10,La Candelaria,1012,Perpetuo Socorro
650562,2023,2023-07-24,16:30,Choque,HERIDO,Calle 67 Con Carrera 64,6.26405683,-75.5751214,7,Robledo,Inst_8,Universidad Nacional
525791,2020,2020-01-04,20:20,Otro,HERIDO,CALLE 53 A CON CARRERA 80,6.2675662,-75.59580136,12,La América,1201,Ferrini
558585,2021,2021-01-19,15:30,Choque,SOLO DAÑOS,CALLE 40 CON CARRERA 108,6.2545972,-75.62136787,13,San Javier,1316,El Salado
575850,2021,2021-07-03,20:20,Choque,SOLO DAÑOS,CALLE 45 E CON CARRERA 70,6.25082586,-75.58843576,11,Laureles Estadio,1117,Florida Nueva
564444,2021,2021-03-13,18:00,Volcamiento,HERIDO,CALLE 65 G CON CARRERA 45,6.26155115,-75.55698785,10,La Candelaria,1001,Prado
513856,2019,2019-10-07,17:30,Otro,HERIDO,CALLE 24 CON CARRERA 43 G,6.22546106,-75.5725808,14,El Poblado,1401,Villa Carlota
557639,2021,2021-01-06,17:10,Choque,SOLO DAÑOS,CALLE 45 CON CARRERA 65,6.2502079,-75.58320466,11,Laureles Estadio,1103,Naranjal
499199,2019,2019-06-21,16:35,Choque,HERIDO,CALLE 20 CON CARRERA 48,6.22414852,-75.57520791,14,El Poblado,1403,Villa Carlota
548882,2020,2020-10-10,12:10,Choque,HERIDO,CALLE 57 CON CARRERA 63,6.25926259,-75.57506931,11,Laureles Estadio,1101,Carlos E. Restrepo
502378,2019,2019-07-18,09:20,Choque,SOLO DAÑOS,CALLE 15 CON CARRERA 48,6.2150935,-75.57723631,14,El Poblado,1403,Villa Carlota
558367,2021,2021-01-17,11:16,Choque,SOLO DAÑOS,CALLE 78 B CON CARRERA 75,6.28002933,-75.58410896,7,Robledo,0707,Bosques de San Pablo
570001,2021,2021-05-15,06:20,Choque,HERIDO,CALLE 80 CON CARRERA 65,6.27630558,-75.57335605,5,Castilla,Inst_4,Terminal de Transporte
635429,2022,2022-12-11,02:00,Atropello,HERIDO,Calle 50 Con Carrera 68,6.25756009,-75.58432436,11,Laureles Estadio,1102,Suramericana
653647,2023,2023-09-07,07:40,Choque,HERIDO,Calle 44 A Con Carrera 75,6.25057235,-75.59433013,11,Laureles Estadio,1112,El Velódromo
673979,2024,2024-07-22,18:49,Choque,HERIDO,Calle 50 Con Carrera 49,6.24899118,-75.56685703,10,La Candelaria,1019,La Candelaria
673390,2024,2024-07-13,18:00,Otro,HERIDO,Calle 103 D Con Carrera 68 A,6.2994869,-75.56927819,5,Castilla,509,Girardot
491207,2019,2019-04-13,11:40,Choque,HERIDO,CALLE 44 CON CARRERA 92,6.25344418,-75.60921962,12,La América,1207,Campo Alegre
533739,2020,2020-03-04,22:15,Choque,HERIDO,CALLE 54 CON CARRERA 35,6.24583425,-75.55477421,8,Villa Hermosa,0809,Sucre
584858,2021,2021-09-15,16:40,Choque,SOLO DAÑOS,CALLE 5 SUR CON CARRERA 29 A,6.19367128,-75.56258206,14,El Poblado,1411,Los Balsos No.1
639067,2023,2023-02-09,10:20,Choque,HERIDO,Calle 65 Con Carrera 75,6.27006028,-75.58747685,7,Robledo,0703,Facultad Veterinaria y Zootecnia U.de.A.
481612,2019,2019-01-22,05:46,Choque,SOLO DAÑOS,CALLE 46 CON CARRERA 45,6.24484482,-75.56637321,10,La Candelaria,1013,Barrio Colón
589029,2021,2021-10-18,09:00,Caida Ocupante,HERIDO,CALLE 125 CON CARRERA 51,6.30727316,-75.55401086,2,Santa Cruz,0202,Playón de Los Comuneros
632173,2022,2022-10-24,19:05,Atropello,HERIDO,Calle 80 Con Carrera 46,6.27297082,-75.55515154,4,Aranjuez,0410,Campo Valdés No. 1
517515,2019,2019-11-02,14:50,Choque,SOLO DAÑOS,CALLE 6 SUR CON CARRERA 52,6.20500676,-75.58709953,15,Guayabal,1509,Cristo Rey
518945,2019,2019-11-13,12:15,Choque,SOLO DAÑOS,CALLE 50 CON CARRERA 74,6.26036709,-75.5901796,11,Laureles Estadio,1113,U.D. Atanasio Girardot
533060,2020,2020-02-28,21:20,Choque,SOLO DAÑOS,CALLE 50 CON CARRERA 64 A,6.25492119,-75.57850491,11,Laureles Estadio,1101,Carlos E. Restrepo
667305,2024,2024-04-04,23:00,Otro,HERIDO,Carrera 150 Con Calle 68,6.28680281,-75.64641431,60,Corregimiento de San Cristóbal,6016,Suburbano Travesias
685250,2025,2025-01-27,13:31,Choque,HERIDO,Calle 12  Sur Con Carrera 48 C,,,14,El Poblado,,
483503,2019,2019-02-07,12:00,Choque,SOLO DAÑOS,CALLE 10 CON CARRERA 26,6.20853678,-75.5561116,14,El Poblado,1407,Las Lomas No.2
581769,2021,2021-08-21,19:40,Choque,SOLO DAÑOS,CALLE 32 E CON DIAGONAL 74 B,6.23887243,-75.59044285,16,Belén,1620,El Nogal-Los Almendros
609507,2022,2022-04-11,23:40,Choque,SOLO DAÑOS,Calle 32 Con Carrera 61,6.23645498,-75.5767221,16,Belén,Inst_18,Cerro Nutibara
621679,2022,2022-07-26,11:00,Choque,SOLO DAÑOS,Calle 50 Con Carrera 40,6.24596718,-75.56049278,10,La Candelaria,1016,Boston
679609,2024,2024-10-19,03:00,Atropello,HERIDO,CL 044 070,6.24916373,-75.5887802,11,Laureles Estadio,1107,Bolivariana
594217,2021,2021-11-30,19:00,Choque,SOLO DAÑOS,CALLE 45 CON CARRERA 46,6.24491657,-75.56766781,10,La Candelaria,1013,Barrio Colón
688409,2025,2025-03-10,06:30,Choque,HERIDO,Calle 29 Con Carrera 52,6.22772188,-75.57777852,15,Guayabal,1503,Trinidad
674641,2024,2024-08-02,15:00,Choque,HERIDO,Carrera 84 Con Transversal 45 C,6.25437411,-75.60247454,12,La América,1205,La Floresta
670902,2024,2024-06-01,17:31,Otro,HERIDO,CL 037 039,,,10,La Candelaria,,
691304,2025,2025-04-15,12:50,Choque,HERIDO,Calle 57 B Con Carrera 52,6.2569715,-75.5676831,N/D,N/D,Sin inf,Sin inf
548431,2020,2020-10-06,07:50,Choque,HERIDO,CALLE 5 A CON CARRERA 43 B,6.20618792,-75.57237842,14,El Poblado,1421,Patio Bonito
622454,2022,2022-08-01,14:00,Caida Ocupante,HERIDO,Calle 52 Con Carrera 46,6.2492965,-75.564548,10,La Candelaria,1019,La Candelaria
587243,2021,2021-10-04,02:00,Otro,HERIDO,CALLE 49 CON CARRERA 25,6.23870325,-75.54868914,9,Buenos Aires,0905,Miraflores
530605,2020,2020-02-11,16:00,Choque,SOLO DAÑOS,CALLE 60 CON CARRERA 45,6.25487627,-75.55936393,10,La Candelaria,1017,San Miguel
532902,2020,2020-02-27,17:40,Choque,SOLO DAÑOS,CALLE 47 D CON CARRERA 65,6.25273766,-75.58251921,11,Laureles Estadio,1103,Naranjal
525465,2020,2020-01-01,17:20,Choque,SOLO DAÑOS,CALLE 40 A CON CARRERA 94,6.25208716,-75.61113077,12,La América,1208,Campo Alegre
565683,2021,2021-03-25,15:50,Choque,SOLO DAÑOS,CALLE 50 CON CARRERA 64 C,6.25581798,-75.58028965,11,Laureles Estadio,1101,Carlos E. Restrepo
700965,2025,2025-08-13,17:30,Atropello,HERIDO,Calle 8 B Con Carrera 65,6.21539277,-75.58631902,15,Guayabal,Inst_19,Parque Juan Pablo II
646891,2023,2023-06-03,18:00,Atropello,HERIDO,Calle 88 Con Carrera 92,6.29244235,-75.5894631,7,Robledo,0712,Aures No. 2
553067,2020,2020-11-22,16:00,Choque,HERIDO,CALLE 39 F CON CARRERA 108,6.25319168,-75.62193835,13,San Javier,1310,Veinte de Julio
571263,2021,2021-05-26,14:15,Atropello,HERIDO,CALLE 110 A CON CARRERA 76 E,6.30852433,-75.57315742,6,Doce de Octubre,0601,Santander
632942,2022,2022-11-03,20:30,Caida Ocupante,HERIDO,Calle 15 Con Carrera 80,6.2204998,-75.60155136,16,Belén,1612,La Gloria
661208,2024,2024-01-01,14:50,Otro,HERIDO,Calle 30 A Con Carrera 89,6.23164062,-75.61369541,16,Belén,1616,Las Violetas
646156,2023,2023-05-25,05:29,Choque,HERIDO,Calle 80 Con Carrera 48 A,6.27328905,-75.55693819,4,Aranjuez,0410,Campo Valdés No. 1
601544,2022,2022-02-06,18:00,Otro,HERIDO,Calle 47 DD Con Carrera 82,6.25946004,-75.60049769,12,La América,1202,Los Alcázares
558121,2021,2021-01-14,07:35,Choque,SOLO DAÑOS,CALLE 92 CON CARRERA 64 C,6.28848726,-75.56957285,5,Castilla,0511,Castilla
655145,2023,2023-09-28,11:05,Otro,HERIDO,Calle 33 Con Carrera 66 B,6.23896182,-75.58990531,16,Belén,1602,Rosales
673872,2024,2024-07-21,04:51,Choque,HERIDO,Carrera 43 A Con Calle 17,6.21910009,-75.56974231,14,El Poblado,1403,Villa Carlota
689435,2025,2025-03-22,22:31,Choque,HERIDO,Calle 50 Con Carrera 31,6.24188579,-75.55324349,9,Buenos Aires,906,Barrio Caicedo
602957,2022,2022-02-18,06:30,Otro,HERIDO,Calle 50 Con Carrera 28,6.24074605,-75.55100014,9,Buenos Aires,0906,Barrio Caicedo
575890,2021,2021-07-04,07:36,Atropello,HERIDO,CALLE 37 CON CARRERA 50,6.23807597,-75.57248766,10,La Candelaria,1012,Perpetuo Socorro
510028,2019,2019-09-10,23:30,Choque,HERIDO,CALLE 44 A CON CARRERA 73,6.25032242,-75.59217562,11,Laureles Estadio,1117,Florida Nueva
651492,2023,2023-08-07,13:10,Otro,HERIDO,Calle 37 Con Carrera 108,6.25029139,-75.62043142,13,San Javier,1310,Veinte de Julio
628328,2022,2022-09-15,11:45,Caida Ocupante,HERIDO,Calle 91 Con Carrera 51 B,6.28257329,-75.56244507,4,Aranjuez,0413,Aranjuez
670126,2024,2024-05-19,18:30,Choque,HERIDO,CL 055 019,,,8,Villa Hermosa,,
544125,2020,2020-08-20,17:00,Volcamiento,HERIDO,CALLE 4 SUR CON CARRERA 26,6.19224221,-75.55970853,14,El Poblado,1410,Los Balsos No.1
576579,2021,2021-07-10,11:20,Choque,SOLO DAÑOS,CALLE 6 SUR CON CARRERA 52,6.20336026,-75.58560136,15,Guayabal,1510,Guayabal
659095,2023,2023-11-22,22:00,Choque,HERIDO,Calle 14 Con Carrera 50,6.21701726,-75.57826529,15,Guayabal,1507,Santa Fé
646913,2023,2023-06-04,03:20,Choque,HERIDO,Calle 70 Con Circular 4,6.24650613,-75.58914821,11,Laureles Estadio,1107,Bolivariana
697268,2025,2025-07-01,06:40,Choque,HERIDO,Calle 15  Sur Con Carrera 49,,,N/D,N/D,,
653165,2023,2023-08-31,01:00,Choque,HERIDO,Calle 56 Con Carrera 50,6.2543714,-75.56541246,10,La Candelaria,1018,Villa Nueva
506656,2019,2019-08-16,22:00,Choque,HERIDO,CALLE 60 CON CARRERA 85,6.27314413,-75.5976634,13,San Javier,1301,El Pesebre
528683,2020,2020-01-28,14:10,Atropello,HERIDO,CALLE 51 A CON CARRERA 61,6.2560591,-75.57542348,10,La Candelaria,1006,San Benito
653194,2023,2023-08-31,12:30,Choque,HERIDO,Calle 41 Con Carrera 36 A,6.23896614,-75.56097553,9,Buenos Aires,0911,El Salvador
609040,2022,2022-04-07,17:10,Choque,SOLO DAÑOS,Calle 67 Con Carrera 56,6.26477826,-75.56934324,4,Aranjuez,Inst_11,Universidad de Antioquia
633948,2022,2022-11-18,20:00,Otro,HERIDO,Calle 80 Con Carrera 80,6.28443269,-75.58415367,7,Robledo,0710,El Diamante
506671,2019,2019-08-17,05:30,Choque,SOLO DAÑOS,CALLE 67 CON CARRERA 70 C,,,10,La Candelaria,Sin inf,Sin inf
560400,2021,2021-02-05,15:50,Choque,SOLO DAÑOS,CALLE 97 A CON CARRERA 64 C,6.29217976,-75.56826986,5,Castilla,0510,Tricentenario
538046,2020,2020-05-25,19:05,Choque,HERIDO,CARRERA 65 CON DIAGONAL 80,6.27341491,-75.59308412,7,Robledo,Inst_5,Facultad de Minas U. Nacional
490259,2019,2019-04-05,19:05,Choque,SOLO DAÑOS,CALLE 78 CON CARRERA 67,6.2736641,-75.57855432,5,Castilla,0519,El Progreso
603639,2022,2022-02-23,10:50,Choque,SOLO DAÑOS,Calle 30 Con Carrera 52,6.23184193,-75.57818136,15,Guayabal,1502,Tenche
487732,2019,2019-03-14,17:00,Choque,SOLO DAÑOS,CALLE 77 D CON CARRERA 87,6.28426235,-75.59036749,7,Robledo,0714,Bello Horizonte
593594,2021,2021-11-25,21:20,Otro,HERIDO,CALLE 58 CON CARRERA 61,,,10,La Candelaria,,
529924,2020,2020-02-06,17:00,Choque,SOLO DAÑOS,CALLE 25 CON CARRERA 58,6.22671419,-75.58205265,15,Guayabal,1503,Trinidad
543173,2020,2020-08-06,13:30,Otro,HERIDO,CALLE 15 CON CARRERA 83,6.2212827,-75.60575867,16,Belén,1612,La Gloria
693610,2025,2025-05-15,17:40,Atropello,HERIDO,Calle 104 Con Carrera 78 A,6.2631299,-75.594524,N/D,N/D,,
593568,2021,2021-11-25,18:30,Choque,SOLO DAÑOS,CALLE 37 CON CARRERA 51,6.23852851,-75.57323918,10,La Candelaria,1011,Calle Nueva
552589,2020,2020-11-18,11:50,Choque,SOLO DAÑOS,CALLE 58 CON CARRERA 32,6.2490042,-75.55254679,8,Villa Hermosa,0808,Enciso
686270,2025,2025-02-10,22:50,Otro,HERIDO,Calle 44 Con Carrera 32,6.23811021,-75.55613904,9,Buenos Aires,911,Gerona
692755,2025,2025-05-04,19:00,Atropello,HERIDO,Calle 63 Con Carrera 93 B,6.2508565,-75.6133349,N/D,N/D,,
500521,2019,2019-07-03,13:20,Choque,SOLO DAÑOS,CALLE 55 CON CARRERA 50,6.25371408,-75.56584549,10,La Candelaria,1018,Villa Nueva
527663,2020,2020-01-21,10:00,Choque,HERIDO,CALLE 94 CON CARRERA 68,6.28862122,-75.57289252,5,Castilla,0511,Castilla
628585,2022,2022-09-17,12:40,Choque,SOLO DAÑOS,Calle 67 Con Carrera 62,6.26518149,-75.57170278,4,Aranjuez,Inst_11,Universidad de Antioquia
541884,2020,2020-07-15,13:45,Choque,HERIDO,CALLE 67 CON CARRERA 64 C,6.26569446,-75.57490435,5,Castilla,0517,Caribe
526094,2020,2020-01-08,10:00,Choque,HERIDO,CALLE 34 CON CARRERA 42,6.2334874,-75.56731111,10,La Candelaria,1020,San Diego
523118,2019,2019-12-13,17:00,Choque,SOLO DAÑOS,CALLE 11 A SUR CON CARRERA 43 A,6.19419076,-75.57645782,14,El Poblado,1422,La Aguacatala
651975,2023,2023-08-15,05:00,Volcamiento,HERIDO,Calle 96 Con Carrera 55,6.28916261,-75.56389211,4,Aranjuez,0403,Palermo
526329,2020,2020-01-10,14:00,Choque,SOLO DAÑOS,CALLE 105 CON CARRERA 64 C,6.30098086,-75.55881408,5,Castilla,0507,Héctor Abad Gómez
608957,2022,2022-04-07,08:40,Choque,SOLO DAÑOS,Calle 80 Con Carrera 86,6.2858995,-75.5860784,7,Robledo,0711,El Diamante
544476,2020,2020-08-25,07:30,Atropello,HERIDO,CALLE 92 B CON CARRERA 36,6.28322623,-75.54577763,3,Manrique,0301,La Salle
549113,2020,2020-10-13,08:40,Choque,HERIDO,CALLE 75 A CON CARRERA 65,6.27428697,-75.57423991,5,Castilla,0519,El Progreso
558275,2021,2021-01-15,16:52,Choque,SOLO DAÑOS,CALLE 77 BB CON CARRERA 85 B,6.28196982,-75.59029692,7,Robledo,0714,Bello Horizonte
618189,2022,2022-06-26,01:00,Choque,HERIDO,Calle 47 Con Carrera 62,6.25052258,-75.57849914,10,La Candelaria,1008,Corazón de Jesús
581702,2021,2021-08-21,06:30,Choque,HERIDO,CALLE 46 CON CARRERA 57,6.24910451,-75.57501511,10,La Candelaria,1007,Guayaquil
700924,2025,2025-08-13,09:10,Otro,HERIDO,Calle 63 Con Carrera 43,6.25688436,-75.55683013,8,Villa Hermosa,803,San Miguel
630494,2022,2022-10-03,11:30,Choque,SOLO DAÑOS,Calle 34 Con Carrera 77,6.24060776,-75.59766984,11,Laureles Estadio,1108,Laureles
652533,2023,2023-08-22,05:20,Choque,HERIDO,Calle 29 Con Carrera 43 A,6.22759645,-75.5694161,10,La Candelaria,1012,Perpetuo Socorro
506640,2019,2019-08-16,20:00,Choque,SOLO DAÑOS,CALLE 2 SUR CON CARRERA 50,6.20431082,-75.57979001,15,Guayabal,1509,Cristo Rey
554189,2020,2020-12-02,16:10,Choque,SOLO DAÑOS,CALLE 62 CON CARRERA 93 A,6.27842393,-75.60516564,7,Robledo,0719,Fuente Clara
528869,2020,2020-01-30,05:25,Otro,HERIDO,CALLE 57 CON CARRERA 48,6.2542809,-75.56337097,10,La Candelaria,1018,Villa Nueva
530476,2020,2020-02-10,18:40,Choque,HERIDO,CALLE 2 CON CARRERA 65,6.21032997,-75.5877999,15,Guayabal,1507,Campo Amor
564580,2021,2021-03-15,11:30,Caida Ocupante,HERIDO,CALLE 430 CON CARRERA 63,,,11,Laureles Estadio,,
702403,2025,2025-08-30,13:20,Choque,HERIDO,Calle 10 Con Carrera 50,6.21374917,-75.57830527,15,Guayabal,1507,Campo Amor
491625,2019,2019-04-17,08:00,Caida Ocupante,HERIDO,CALLE 44 CON CARRERA 82,6.2506077,-75.6034238,12,La América,1204,La América
563109,2021,2021-03-01,14:00,Choque,SOLO DAÑOS,CALLE 8 A CON CARRERA 36 A,6.20750306,-75.5660548,14,El Poblado,1418,El Poblado
504989,2019,2019-08-05,18:50,Choque,SOLO DAÑOS,CALLE 45 CON CARRERA 46,6.24491657,-75.56766781,10,La Candelaria,1013,Barrio Colón
539277,2020,2020-06-12,15:45,Choque,SOLO DAÑOS,CALLE 30 CON CARRERA 75,6.23141213,-75.59540584,16,Belén,1603,Belén
650121,2023,2023-07-17,20:00,Choque,HERIDO,Calle 86 B Con Carrera 34,6.27975254,-75.54567326,3,Manrique,0302,Las Granjas
670018,2024,2024-05-17,21:20,Volcamiento,HERIDO,Carrera 62 Con Calle 85,6.28043159,-75.56819045,4,Aranjuez,405,Moravia
701480,2025,2025-08-19,21:15,Choque,HERIDO,Calle 26 B Con Carrera 69 B,6.22900956,-75.59135289,15,Guayabal,Inst_19,Parque Juan Pablo II
530070,2020,2020-02-07,17:40,Otro,HERIDO,CALLE 38 CON CARRERA 43,6.23728262,-75.56729234,10,La Candelaria,1020,San Diego
622772,2022,2022-08-03,16:50,Choque,SOLO DAÑOS,Calle 10 Con Carrera 65,6.21706925,-75.58645654,15,Guayabal,Inst_19,Parque Juan Pablo II
621971,2022,2022-07-28,16:30,Atropello,HERIDO,Calle 53 Con Carrera 72,6.26188017,-75.58709424,11,Laureles Estadio,1115,Cuarta Brigada
653241,2023,2023-09-01,06:59,Choque,HERIDO,Calle 95 Con Carrera 64 B,6.2868037,-75.56667457,5,Castilla,Inst_2,Oleoducto
623157,2022,2022-08-06,12:20,Choque,HERIDO,Calle 54 Con Carrera 65,6.25816243,-75.57933254,11,Laureles Estadio,1101,Carlos E. Restrepo
697098,2025,2025-06-28,20:30,Otro,HERIDO,Calle 110 Con Carrera 30,,,N/D,N/D,,
701068,2025,2025-08-14,15:20,Otro,HERIDO,Calle 42 Con Carrera 62,6.24455796,-75.57859738,10,La Candelaria,Inst_16,La Alpujarra
543569,2020,2020-08-12,17:00,Choque,SOLO DAÑOS,CALLE 53 B CON CARRERA 85 E,6.26967801,-75.60126462,11,Laureles Estadio,SN01,Calasanz Parte Alta
497277,2019,2019-06-05,20:30,Caida Ocupante,HERIDO,CALLE 10 CON CARRERA 52,6.21454133,-75.58155761,15,Guayabal,1507,Campo Amor
627385,2022,2022-09-08,12:00,Choque,HERIDO,Calle 44 Con Carrera 59,6.2471508,-75.57761469,10,La Candelaria,1008,Corazón de Jesús
595474,2021,2021-12-10,11:00,Choque,SOLO DAÑOS,CALLE 58 CON CARRERA 63,6.2611776,-75.57398219,7,Robledo,Inst_8,Universidad Nacional
607010,2022,2022-03-22,13:40,Choque,SOLO DAÑOS,Calle 18 Con Carrera 48,6.2198237,-75.5756326,14,El Poblado,1403,Villa Carlota
548408,2020,2020-10-05,22:30,Choque,SOLO DAÑOS,CALLE 44 CON CARRERA 80,6.2507671,-75.60248345,12,La América,1204,La América
604607,2022,2022-03-02,16:45,Choque,HERIDO,Calle 77 Con Carrera 64 C,6.27548756,-75.56859393,4,Aranjuez,Inst_9,Parque Norte
488918,2019,2019-03-25,06:38,Choque,SOLO DAÑOS,CALLE 57 CON CARRERA 50,6.25512813,-75.56480894,10,La Candelaria,1018,Villa Nueva
588059,2021,2021-10-09,22:30,Otro,HERIDO,CALLE 53 A CON CARRERA 70,6.26098959,-75.58472404,11,Laureles Estadio,1115,Cuarta Brigada
545481,2020,2020-09-05,10:30,Choque,SOLO DAÑOS,CALLE 56 A CON CARRERA 20,6.24003469,-75.54269751,8,Villa Hermosa,0812,La Libertad
624818,2022,2022-08-19,11:15,Choque,SOLO DAÑOS,Calle 16 A Con Carrera 43 F,6.21768294,-75.57177806,14,El Poblado,1403,Villa Carlota
601145,2022,2022-02-03,17:40,Otro,HERIDO,Calle 18 Con Carrera 80,6.2238352,-75.60267337,16,Belén,1612,La Gloria
656534,2023,2023-10-17,23:30,Choque,HERIDO,Calle 42 Con Carrera 104,6.25576291,-75.61887525,13,San Javier,1309,San Javier No.1
687266,2025,2025-02-23,21:00,Otro,HERIDO,Calle 45 Con Carrera 63,,,11,Laureles Estadio,,
510305,2019,2019-09-12,18:20,Choque,SOLO DAÑOS,CALLE 46 CON CARRERA 61,6.25052258,-75.57849914,10,La Candelaria,1008,Corazón de Jesús
651894,2023,2023-08-13,18:00,Choque,HERIDO,Calle 34 Con Carrera 83 B,6.241737,-75.60684536,11,Laureles Estadio,1110,La Castellana
646341,2023,2023-05-27,16:30,Otro,HERIDO,Calle 78 Con Carrera 52,6.27292325,-75.56485988,4,Aranjuez,Inst_10,Moravia
543083,2020,2020-08-05,12:30,Choque,SOLO DAÑOS,CALLE 40 CON CARRERA 101,6.25464394,-75.61647938,13,San Javier,1310,Veinte de Julio
609793,2022,2022-04-15,10:00,Otro,HERIDO,Calle 70 Con Carrera 31 A,6.26453846,-75.54447018,3,Manrique,0309,Versalles No. 1
657819,2023,2023-11-03,22:09,Choque,HERIDO,Calle 25 Con Carrera 55,6.22677931,-75.58092976,15,Guayabal,1503,Trinidad
692298,2025,2025-04-28,22:10,Choque,HERIDO,Calle 10 A Con Carrera 37,6.21012508,-75.56684471,14,El Poblado,1418,El Poblado
662705,2024,2024-01-27,04:30,Choque,HERIDO,Carrera 70 Con Calle 49,6.25403913,-75.58842794,11,Laureles Estadio,Inst_14,U.D. Atanasio Girardot
561629,2021,2021-02-16,14:30,Choque,SOLO DAÑOS,CALLE 75 B CON CARRERA 64 A,6.27606967,-75.57066,5,Castilla,0517,Terminal de Transporte
701275,2025,2025-08-17,07:30,Otro,HERIDO,Calle 63 Con Carrera 117,6.27824827,-75.62322766,60,Corregimiento de San Cristóbal,AE1,Área de Expansión Pajarito
497502,2019,2019-06-07,15:30,Choque,HERIDO,CALLE 71 CON CARRERA 65,6.2696323,-75.57618452,5,Castilla,0519,B. Cerro  El Volador
634583,2022,2022-11-28,11:25,Choque,HERIDO,Calle 67 Con Carrera 64 C,6.26572662,-75.57502301,5,Castilla,0517,Caribe
577706,2021,2021-07-19,12:00,Atropello,HERIDO,CALLE 108 CON CARRERA 42 B,6.29674743,-75.54697082,1,Popular,0103,Popular
681043,2024,2024-11-09,19:00,Otro,HERIDO,CL 067 055 A,6.2646735,-75.56872221,4,Aranjuez,Inst_11,Universidad de Antioquia
608605,2022,2022-04-04,19:00,Otro,HERIDO,Calle 56 Con Carrera 25,6.24352391,-75.54558568,8,Villa Hermosa,0810,El Pinal
646082,2023,2023-05-24,06:00,Otro,HERIDO,Calle 47 D Con Carrera 80,6.25842601,-75.59777419,11,Laureles Estadio,1112,El Velódromo
540176,2020,2020-06-24,20:54,Choque,HERIDO,CALLE 49 CON CARRERA 27,6.23952132,-75.55022386,9,Buenos Aires,0905,Miraflores
541484,2020,2020-07-10,14:15,Choque,SOLO DAÑOS,CARRERA 16 CON DIAGONAL 79,6.22248245,-75.59940131,16,Belén,1612,La Gloria
610168,2022,2022-04-19,12:50,Choque,SOLO DAÑOS,Calle 12  Sur Con Carrera 50,6.19541428,-75.58180905,14,El Poblado,,
617839,2022,2022-06-22,21:10,Choque,SOLO DAÑOS,Calle 97 Con Carrera 83,6.29634663,-75.58312882,6,Doce de Octubre,0608,Picacho
637552,2023,2023-01-16,16:00,Choque,HERIDO,Calle 47 Con Carrera 46,6.2545337,-75.56243284,10,La Candelaria,1018,Villa Nueva
624765,2022,2022-08-18,19:20,Choque,SOLO DAÑOS,Calle 49 Con Carrera 61,6.25227435,-75.57752098,10,La Candelaria,1008,Corazón de Jesús
582127,2021,2021-08-24,17:30,Otro,HERIDO,CALLE 6 SUR CON CARRERA 52,6.20500676,-75.58709953,15,Guayabal,1509,Cristo Rey
617213,2022,2022-06-17,14:30,Choque,SOLO DAÑOS,Calle 29 A Con Carrera 52,6.22866716,-75.57742443,15,Guayabal,1503,Trinidad
691280,2025,2025-04-15,00:10,Choque,HERIDO,Calle 4 Con Carrera 9,6.2117366,-75.587089,N/D,N/D,Sin inf,Sin inf
678529,2024,2024-10-01,16:00,Choque,HERIDO,CL 032 C 084,6.23667934,-75.60704516,16,Belén,1617,Las Mercedes
672476,2024,2024-06-28,12:00,Choque,HERIDO,CL 073 DG 049 A,,,4,Aranjuez,,
557850,2021,2021-01-10,08:40,Choque,SOLO DAÑOS,CALLE 57 CON CARRERA 49,6.25463536,-75.56393717,10,La Candelaria,1018,Villa Nueva
702263,2025,2025-08-28,21:30,Choque,HERIDO,Calle 10 Con Carrera 65,6.21706926,-75.58645654,15,Guayabal,Inst_19,Parque Juan Pablo II
600575,2022,2022-01-29,12:50,Choque,SOLO DAÑOS,Calle 50 Con Carrera 81,6.26370697,-75.59748851,12,La América,1202,Calasanz
606942,2022,2022-03-22,07:00,Choque,HERIDO,Calle 97 Con Carrera 65,6.29162527,-75.56944308,5,Castilla,0511,Castilla
682295,2024,2024-12-01,07:30,Otro,HERIDO,CR 027 019 020,6.22086394,-75.55913437,9,Buenos Aires,916,Asomadera No.3
562845,2021,2021-02-27,09:40,Choque,SOLO DAÑOS,CALLE 121 CON CARRERA 63,6.31191291,-75.55815661,5,Castilla,0501,Toscana
613366,2022,2022-05-15,06:00,Choque,SOLO DAÑOS,Calle 104 Con Carrera 77 B,6.30348554,-75.57627728,6,Doce de Octubre,0601,Santander
500506,2019,2019-07-03,10:50,Choque,SOLO DAÑOS,CALLE 2 CON CARRERA 50,6.20739849,-75.57930939,15,Guayabal,1509,Cristo Rey
496667,2019,2019-05-31,14:40,Otro,HERIDO,CALLE 20 CON CARRERA 43 A,6.2218492,-75.5729314,14,El Poblado,1403,Villa Carlota
693964,2025,2025-05-20,07:00,Atropello,HERIDO,Calle 50 Con Carrera 70,6.2585301,-75.58607294,11,Laureles Estadio,1101,Carlos E. Restrepo
606548,2022,2022-03-18,10:10,Choque,SOLO DAÑOS,Calle 45 Con Carrera 31,6.23826265,-75.55499147,9,Buenos Aires,0910,La Milagrosa
673238,2024,2024-07-11,15:00,Choque,HERIDO,Carrera 28 Con Calle 68,6.2616417,-75.54299183,3,Manrique,309,Versalles No.1
600674,2022,2022-01-30,11:00,Choque,HERIDO,Calle 84 Con Carrera 49,6.27687981,-75.55739994,4,Aranjuez,0414,Brasilia
648170,2023,2023-06-20,13:55,Choque,HERIDO,Calle 91 A Con Carrera 79,6.28850552,-75.58394023,6,Doce de Octubre,0607,Kennedy
546747,2020,2020-09-18,23:00,Choque,HERIDO,CALLE 95 CON CARRERA 70,6.2903049,-75.57385507,5,Castilla,0511,Castilla
656349,2023,2023-10-15,05:45,Otro,HERIDO,Calle 37 Con Carrera 44,6.23583059,-75.56842378,10,La Candelaria,1020,San Diego
644067,2023,2023-04-28,07:10,Choque,HERIDO,Calle 58 Con Carrera 46,6.25499811,-75.56292941,10,La Candelaria,1018,Villa Nueva
614206,2022,2022-05-22,11:00,Choque,SOLO DAÑOS,Calle 51 A Sur Con Carrera 64 B,6.1760847,-75.64565809,80,Corregimiento de San Antonio de Prado,8000,Cabecera San Antonio de Prado
603001,2022,2022-02-18,11:30,Choque,SOLO DAÑOS,Calle 16 B Con Carrera 55,6.2203163,-75.58223178,15,Guayabal,1504,Santa Fé
548571,2020,2020-10-07,12:50,Caida Ocupante,HERIDO,CALLE 30 A CON CARRERA 82,6.2319255,-75.60343561,16,Belén,1603,Belén
697373,2025,2025-07-02,14:00,Otro,HERIDO,Calle 2  Sur Con Carrera 50,6.20430307,-75.57963383,15,Guayabal,1509,Cristo Rey
654718,2023,2023-09-22,10:00,Otro,HERIDO,Calle 65 Con Carrera 73,6.26478429,-75.58637736,7,Robledo,0703,B. Cerro  El Volador
672340,2024,2024-06-26,07:10,Caida Ocupante,HERIDO,Carrera 73 Con Calle 47,6.25320435,-75.59183092,11,Laureles Estadio,1117,Florida Nueva
579122,2021,2021-07-30,15:00,Choque,SOLO DAÑOS,CALLE 30 CON CARRERA 50,6.23187752,-75.57442722,10,La Candelaria,1012,Perpetuo Socorro
638577,2023,2023-02-02,06:00,Choque,HERIDO,Calle 95 Con Carrera 62,6.2868037,-75.56667457,5,Castilla,Inst_2,Oleoducto
659370,2023,2023-11-27,15:20,Choque,HERIDO,Calle 43 Con Carrera 57,6.24641333,-75.57575454,10,La Candelaria,Inst_16,La Alpujarra
609626,2022,2022-04-13,02:30,Otro,HERIDO,Calle 101 C Con Carrera 63,6.29551493,-75.56222434,5,Castilla,0508,Belalcázar
690034,2025,2025-03-30,11:40,Choque,HERIDO,Calle 27 Con Carrera 50,,,N/D,N/D,Sin inf,Sin inf
604111,2022,2022-02-27,03:10,Choque,HERIDO,Calle 88 Con Carrera 45,6.28047152,-75.55276348,4,Aranjuez,0411,Las Esmeraldas
547254,2020,2020-09-24,14:00,Choque,SOLO DAÑOS,CALLE 19 A CON CARRERA 43 B,6.22177466,-75.57010847,14,El Poblado,1403,Villa Carlota
521808,2019,2019-12-05,09:15,Choque,SOLO DAÑOS,CALLE 53 CON CARRERA 54,6.25344701,-75.57023182,10,La Candelaria,1005,San Benito
624621,2022,2022-08-17,16:00,Otro,HERIDO,Calle 107 Con Carrera 42 B,6.29463459,-75.5479404,1,Popular,0103,Popular
521788,2019,2019-12-05,07:00,Otro,HERIDO,CALLE 999 CON CARRERA 999,,,60,Corregimiento de San Cristóbal,Sin inf,Sin inf
547171,2020,2020-09-23,16:35,Choque,HERIDO,CALLE 2 SUR CON CARRERA 52,6.20663327,-75.58599406,15,Guayabal,1509,Cristo Rey
555140,2020,2020-12-10,19:00,Choque,SOLO DAÑOS,CALLE 4 CON CARRERA 25,6.19973891,-75.55568954,14,El Poblado,1409,El Tesoro
667847,2024,2024-04-13,19:00,Choque,HERIDO,Carrera 87 Con Calle 30 B,6.23204137,-75.60978665,16,Belén,1616,Las Violetas
494913,2019,2019-05-16,12:00,Choque,SOLO DAÑOS,CALLE 9 A CON CARRERA 37,6.20871496,-75.56680493,14,El Poblado,1418,El Poblado
599492,2022,2022-01-19,12:00,Choque,SOLO DAÑOS,Calle 94 Con Carrera 64,6.28804489,-75.57117403,5,Castilla,0511,Castilla
569909,2021,2021-05-14,11:50,Choque,HERIDO,CALLE 5 SUR CON CARRERA 43 A,6.19981437,-75.5732346,14,El Poblado,1416,Los Balsos No.2
678290,2024,2024-09-27,18:30,Atropello,HERIDO,Calle 97 Con Carrera 71 A,6.29310997,-75.57421685,5,Castilla,511,Castilla
616677,2022,2022-06-13,07:10,Otro,HERIDO,Calle 71 Con Carrera 50,6.26672088,-75.5599363,4,Aranjuez,0408,San Pedro
486118,2019,2019-02-28,14:00,Choque,HERIDO,CALLE 59 CON CARRERA 50 A,6.25726822,-75.56428969,10,La Candelaria,1001,Prado
552495,2020,2020-11-17,11:30,Caida Ocupante,HERIDO,CALLE 57 CON CARRERA 63,6.25926259,-75.57506931,11,Laureles Estadio,1101,Carlos E. Restrepo
532570,2020,2020-02-25,14:10,Caida Ocupante,HERIDO,CALLE 56 A CON CARRERA 22,6.24140928,-75.54365337,8,Villa Hermosa,0812,La Libertad
675044,2024,2024-08-08,08:30,Choque,HERIDO,Calle 55 Con Carrera 80,6.2694784,-75.59541142,12,La América,1201,Ferrini
642425,2023,2023-04-01,14:20,Choque,HERIDO,Calle 91 Con Carrera 36,6.28210142,-75.54537723,3,Manrique,0302,La Salle
690082,2025,2025-03-31,06:00,Choque,HERIDO,Calle 50 Con Carrera 54 A,,,N/D,N/D,Sin inf,Sin inf
695572,2025,2025-06-09,14:30,Choque,HERIDO,Calle 33 Con Carrera 62,6.23968953,-75.57826574,11,Laureles Estadio,1105,Los Conquistadores
494781,2019,2019-05-15,09:31,Choque,SOLO DAÑOS,CALLE 14 CON CARRERA 43 A,6.21466855,-75.56989855,14,El Poblado,1404,Lalinde
678414,2024,2024-09-29,09:00,Choque,HERIDO,CL 046 010 912,,,90,Corregimiento de Santa Elena,,
507541,2019,2019-08-23,22:10,Atropello,HERIDO,CALLE 88 CON CARRERA 44,6.28028655,-75.55174124,3,Manrique,0302,Las Granjas
650855,2023,2023-07-28,08:00,Otro,HERIDO,Calle 57 Con Carrera 22 C,6.2508862,-75.54454193,8,Villa Hermosa,0807,Los Mangos
638015,2023,2023-01-24,12:00,Otro,MUERTO,Tramo 18 Con Kilometro 6,,,60,Corregimiento de San Cristóbal,,
699240,2025,2025-07-25,13:10,Choque,HERIDO,Calle 12 A Sur Con Carrera 53,6.19766731,-75.59210115,15,Guayabal,1511,La Colina
487381,2019,2019-03-11,17:50,Choque,SOLO DAÑOS,CALLE 80 CON CARRERA 65,6.27630558,-75.57335605,5,Castilla,Inst_4,Terminal de Transporte
632323,2022,2022-10-27,05:30,Choque,HERIDO,Calle 79 C Con Carrera 80,6.28261682,-75.58448061,7,Robledo,0708,Altamira
574475,2021,2021-06-22,12:50,Choque,SOLO DAÑOS,CALLE 27 A CON CARRERA 83 A,6.22887678,-75.60585151,16,Belén,1615,Los Alpes
573560,2021,2021-06-15,10:40,Volcamiento,HERIDO,CALLE 70 F CON CARRERA 95 A,6.28758148,-75.59760776,7,Robledo,0724,Monteclaro
562488,2021,2021-02-24,07:00,Choque,SOLO DAÑOS,CALLE 79 CON CARRERA 70,6.27721356,-75.57872016,7,Robledo,0708,Altamira
500822,2019,2019-07-06,08:40,Choque,HERIDO,CALLE 69 CON CARRERA 36,6.26369137,-75.54786199,3,Manrique,0308,Manrique Oriental
539621,2020,2020-06-17,17:30,Choque,SOLO DAÑOS,CALLE 44 CON CARRERA 84,6.25067951,-75.60457025,12,La América,1204,La América
651771,2023,2023-08-11,15:01,Choque,HERIDO,Calle 25 Con Carrera 43 F,6.22467254,-75.56874591,14,El Poblado,1404,Castropol
577727,2021,2021-07-19,15:30,Choque,SOLO DAÑOS,CALLE 51 CON CARRERA 63,6.25562766,-75.57683855,11,Laureles Estadio,1101,Carlos E. Restrepo
513585,2019,2019-10-05,13:00,Otro,HERIDO,CALLE 40 CON CARRERA 46,6.24110913,-75.56975431,10,La Candelaria,1013,Barrio Colón
684799,2025,2025-01-21,05:30,Choque,HERIDO,Calle 60 Con Carrera 98 A,,,7,Robledo,,
625031,2022,2022-08-20,17:00,Choque,SOLO DAÑOS,Calle 46 Con Carrera 51,6.24728677,-75.56977401,10,La Candelaria,1019,La Candelaria
502445,2019,2019-07-18,17:50,Choque,SOLO DAÑOS,CALLE 78 CON CARRERA 64 C,6.27699394,-75.57266359,5,Castilla,Inst_4,Terminal de Transporte
607493,2022,2022-03-26,10:30,Choque,SOLO DAÑOS,Calle 30 Con Carrera 80,6.23123883,-75.60064487,16,Belén,1603,Belén
584097,2021,2021-09-09,19:00,Atropello,HERIDO,CALLE 67 CON CARRERA 65,6.26810929,-75.57680893,7,Robledo,Inst_7,B. Cerro  El Volador
634894,2022,2022-12-02,17:40,Caida Ocupante,HERIDO,Calle 52 Con Carrera 46,6.2492965,-75.564548,10,La Candelaria,1019,La Candelaria
691647,2025,2025-04-21,07:40,Atropello,HERIDO,Calle 50 Con Carrera 57,6.25385064,-75.57524054,10,La Candelaria,1006,San Benito
671692,2024,2024-06-15,16:20,Volcamiento,HERIDO,Calle 57 A Con Carrera 29,6.24723586,-75.54925222,8,Villa Hermosa,808,Enciso
486811,2019,2019-03-06,10:20,Choque,SOLO DAÑOS,CALLE 34 CON CARRERA 63 B,6.24018253,-75.57980261,11,Laureles Estadio,1105,Los Conquistadores
644951,2023,2023-05-10,07:15,Choque,HERIDO,Calle 48 A Con Carrera 82,6.25986953,-75.60055373,12,La América,1202,Los Alcázares
619099,2022,2022-07-05,06:20,Choque,SOLO DAÑOS,Calle 48 Con Carrera 38,6.24320732,-75.5596944,10,La Candelaria,1015,Bomboná No. 1
681610,2024,2024-11-19,15:40,Atropello,HERIDO,CL 051 AL 070 029,,,11,Laureles Estadio,,
503797,2019,2019-07-28,19:00,Choque,SOLO DAÑOS,CALLE 57 CON CARRERA 37,6.24911702,-75.55563944,10,La Candelaria,1016,Boston
521851,2019,2019-12-05,13:10,Caida Ocupante,HERIDO,CALLE 30 CON CARRERA 80,6.23123883,-75.60064487,16,Belén,1603,Belén
572353,2021,2021-06-04,14:30,Volcamiento,HERIDO,CALLE 89 CON CARRERA 36 C,6.28150017,-75.54695457,3,Manrique,0302,Las Granjas
492738,2019,2019-04-28,11:50,Choque,SOLO DAÑOS,CALLE 36 CON CARRERA 43,6.23607444,-75.56936682,10,La Candelaria,1020,San Diego
534368,2020,2020-03-09,21:50,Choque,HERIDO,CALLE 6 A CON CARRERA 29 A,6.20384348,-75.55930116,14,El Poblado,1409,El Tesoro
536979,2020,2020-05-07,10:40,Choque,SOLO DAÑOS,CALLE 64 CON CARRERA 100,6.27966652,-75.6124204,60,Corregimiento de San Cristóbal,6098,Área de Expansión Pajarito
573654,2021,2021-06-15,22:18,Choque,HERIDO,CALLE 32 CON CARRERA 53,6.23461661,-75.57714419,16,Belén,Inst_18,Cerro Nutibara
547650,2020,2020-09-28,14:00,Choque,HERIDO,CALLE 71 CON CARRERA 51 B,6.26743313,-75.56344634,4,Aranjuez,0407,Sevilla
544406,2020,2020-08-24,11:45,Choque,SOLO DAÑOS,CALLE 63 A CON CARRERA 48,6.25942097,-75.56007816,10,La Candelaria,1001,Prado
640317,2023,2023-02-28,14:30,Caida Ocupante,HERIDO,Calle 107 A Con Carrera 36 C,6.29423859,-75.54554755,1,Popular,0101,Santo Domingo Savio No. 1
530803,2020,2020-02-13,06:35,Volcamiento,HERIDO,CALLE 41 CON CARRERA 55,6.24252794,-75.5752294,10,La Candelaria,Inst_17,Centro Administrativo
596210,2021,2021-12-16,15:00,Choque,HERIDO,CALLE 47 D CON CARRERA 82,6.2590303,-75.60043779,12,La América,1205,La Floresta
531788,2020,2020-02-20,08:10,Choque,HERIDO,CALLE 49 B CON CARRERA 70,6.25799339,-75.58634778,11,Laureles Estadio,Inst_14,U.D. Atanasio Girardot
562442,2021,2021-02-23,16:20,Choque,SOLO DAÑOS,CALLE 52 CON CARRERA 50,6.2509127,-75.56733818,10,La Candelaria,1019,La Candelaria
605624,2022,2022-03-11,07:50,Atropello,HERIDO,Calle 58 Con Carrera 48,6.25499811,-75.56292942,10,La Candelaria,1018,Villa Nueva
550002,2020,2020-10-22,07:50,Choque,SOLO DAÑOS,CALLE 77 CC CON CARRERA 87,6.28397945,-75.59071228,7,Robledo,0714,Bello Horizonte
603974,2022,2022-02-25,20:23,Atropello,HERIDO,Calle 58 Con Carrera 57,6.25749428,-75.5710408,10,La Candelaria,1005,Estación Villa
626356,2022,2022-08-31,17:20,Choque,SOLO DAÑOS,Calle 120 Con Carrera 64 CC,6.31176915,-75.56187525,5,Castilla,0502,Las Brisas
633550,2022,2022-11-12,17:56,Choque,HERIDO,Calle 44 Con Carrera 40,6.24155328,-75.56323422,10,La Candelaria,1014,Las Palmas
662734,2024,2024-01-27,13:00,Otro,HERIDO,Calle 45 Con Carrera 26,6.2358542,-75.55190849,9,Buenos Aires,909,Cataluña
653656,2023,2023-09-07,11:40,Otro,HERIDO,Calle 79 C Con Carrera 75,6.28223938,-75.58430922,7,Robledo,0708,Altamira
620625,2022,2022-07-17,08:16,Otro,HERIDO,Calle 104 Con Carrera 64 C,6.30339931,-75.56155025,5,Castilla,0502,Las Brisas
502961,2019,2019-07-22,16:00,Atropello,HERIDO,CALLE 89 CON CARRERA 39,6.28131135,-75.54876597,3,Manrique,0302,La Salle
542932,2020,2020-08-03,15:40,Choque,SOLO DAÑOS,CALLE 44 CON CARRERA 65,6.2485157,-75.5833068,11,Laureles Estadio,1104,San Joaquín
492210,2019,2019-04-24,07:55,Otro,HERIDO,CALLE 50 CON CARRERA 80,6.26362588,-75.59697998,12,La América,1202,Calasanz
571928,2021,2021-06-01,07:00,Choque,SOLO DAÑOS,CALLE 65 CON CARRERA 83,6.27466007,-75.59483362,7,Robledo,0717,Robledo
530699,2020,2020-02-12,10:10,Choque,SOLO DAÑOS,CALLE 33 CON CARRERA 66 B,6.23896182,-75.58990531,16,Belén,1602,Rosales
686570,2025,2025-02-15,08:09,Choque,HERIDO,Calle 49 B Con Carrera 66,6.25607006,-75.58231931,11,Laureles Estadio,1102,Suramericana
675135,2024,2024-08-09,16:00,Volcamiento,HERIDO,Carrera 64 C Con Calle 78,6.2758608,-75.5726627,5,Castilla,517,Caribe
646317,2023,2023-05-27,12:10,Choque,HERIDO,Calle 67 Con Carrera 64 C,6.26569446,-75.57490435,5,Castilla,0517,Caribe
636739,2023,2023-01-02,16:41,Otro,HERIDO,Calle 26 Con Carrera 48,6.22858772,-75.57474654,14,El Poblado,1401,Barrio Colombia
611980,2022,2022-05-03,17:30,Choque,SOLO DAÑOS,Calle 9 B Sur Con Carrera 79 A,6.20270274,-75.59991441,16,Belén,1609,La Hondonada
673701,2024,2024-07-18,15:00,Otro,HERIDO,Carrera 36 Con Calle 65 B,6.25576598,-75.55030428,8,Villa Hermosa,801,Villa Hermosa
653333,2023,2023-09-02,12:55,Choque,HERIDO,Calle 84 Con Carrera 65,6.28043707,-75.57233345,5,Castilla,Inst_4,Terminal de Transporte
687489,2025,2025-02-26,17:20,Otro,HERIDO,Calle 25 Con Carrera 50,6.22926251,-75.57654636,15,Guayabal,1504,Santa Fé
648184,2023,2023-06-20,19:00,Atropello,HERIDO,Calle 89 Con Carrera 36 A,6.28122058,-75.54622898,3,Manrique,0302,Las Granjas
564657,2021,2021-03-15,22:30,Volcamiento,HERIDO,CALLE 99 CON CARRERA 99,6.27343838,-75.60889338,90,Corregimiento de Santa Elena,SN01,Olaya Herrera
624327,2022,2022-08-15,08:10,Caida Ocupante,HERIDO,Calle 62 Con Carrera 51,6.26052633,-75.56470627,10,La Candelaria,1003,Jesús Nazareno
684760,2025,2025-01-20,09:30,Otro,HERIDO,Calle 77 Con Carrera 94,,,7,Robledo,,
694457,2025,2025-05-26,22:10,Atropello,HERIDO,Calle 71 A Con Carrera 45,6.26688237,-75.5550961,4,Aranjuez,409,Manrique Central No.1
657780,2023,2023-11-03,11:15,Atropello,HERIDO,Calle 54 Con Carrera 37,6.2471534,-75.5568793,10,La Candelaria,1016,Boston
676861,2024,2024-09-05,04:50,Choque,HERIDO,CR 080 065 066 A,,,7,Robledo,,
553597,2020,2020-11-27,15:30,Choque,SOLO DAÑOS,CALLE 14 CON CARRERA 43 B,6.21481852,-75.57084732,14,El Poblado,1403,Villa Carlota
575364,2021,2021-06-29,22:00,Choque,SOLO DAÑOS,CALLE 44 CON CARRERA 62,6.2477785,-75.57974987,10,La Candelaria,1008,La Alpujarra
654797,2023,2023-09-23,11:00,Otro,HERIDO,Calle 10 B Sur Con Carrera 52,6.19898694,-75.58935928,15,Guayabal,1511,La Colina
543283,2020,2020-08-08,16:10,Choque,HERIDO,CALLE 78 CON CARRERA 51,6.27249428,-75.56239916,4,Aranjuez,0415,Jardín Botánico
490032,2019,2019-04-04,09:00,Volcamiento,HERIDO,CALLE 9 CON CARRERA 10,6.20446622,-75.54789733,90,Corregimiento de Santa Elena,9001,Las Palmas
669627,2024,2024-05-11,16:40,Choque,HERIDO,Carrera 64 C Con Calle 79,6.27692599,-75.57205481,5,Castilla,Inst_4,Terminal de Transporte
688319,2025,2025-03-08,22:00,Volcamiento,HERIDO,Calle 86 Con Carrera 48 A,6.27927697,-75.55586749,4,Aranjuez,411,Las Esmeraldas
567260,2021,2021-04-13,17:15,Choque,HERIDO,CALLE 52 CON CARRERA 74,6.26197867,-75.58935475,11,Laureles Estadio,1115,Cuarta Brigada
480687,2019,2019-01-13,15:00,Atropello,HERIDO,CALLE 55 CON CARRERA 100,6.27248781,-75.60979583,60,Corregimiento de San Cristóbal,6097,Olaya Herrera
522687,2019,2019-12-10,20:50,Choque,SOLO DAÑOS,CALLE 50 CON CARRERA 64 B,6.25539954,-75.57940873,11,Laureles Estadio,1101,Carlos E. Restrepo
688531,2025,2025-03-11,15:30,Otro,HERIDO,Calle 93 Con Carrera 62,,,5,Castilla,,
501852,2019,2019-07-14,14:40,Choque,SOLO DAÑOS,CALLE 61 CON CARRERA 5,,,10,La Candelaria,Sin inf,Sin inf
581203,2021,2021-08-17,07:30,Choque,SOLO DAÑOS,CALLE 10 B SUR CON CARRERA 52,6.19898694,-75.58935928,15,Guayabal,1511,La Colina
529303,2020,2020-02-01,22:40,Otro,HERIDO,CALLE 76 CON CARRERA 45,6.26926004,-75.55475501,4,Aranjuez,0410,Manrique Central No. 1
578844,2021,2021-07-28,13:30,Choque,SOLO DAÑOS,CALLE 109 CON CARRERA 52,6.30066703,-75.55681694,2,Santa Cruz,0205,Andalucía
625364,2022,2022-08-23,12:30,Choque,HERIDO,Calle 80 Con Carrera 52,6.27458429,-75.5645573,4,Aranjuez,0405,Moravia
528272,2020,2020-01-25,10:00,Choque,SOLO DAÑOS,CALLE 30 CON CARRERA 51,6.23188079,-75.57442636,10,La Candelaria,1012,Perpetuo Socorro
499652,2019,2019-06-25,17:35,Choque,SOLO DAÑOS,CALLE 48 CON CARRERA 57,6.25016827,-75.57523336,10,La Candelaria,1008,Corazón de Jesús
659414,2023,2023-11-28,07:35,Choque,HERIDO,Calle 44 Con Carrera 57,6.24625198,-75.57519767,10,La Candelaria,Inst_17,Centro Administrativo
536960,2020,2020-05-07,03:50,Atropello,MUERTO,CALLE 55 CON CARRERA 61,6.25884013,-75.5736201,10,La Candelaria,1006,San Benito
490271,2019,2019-04-05,20:20,Caida Ocupante,HERIDO,CALLE 43 CON CARRERA 57,6.24641333,-75.57575454,10,La Candelaria,Inst_16,La Alpujarra
549740,2020,2020-10-19,17:10,Choque,HERIDO,CALLE 44 CON CARRERA 60,6.24740145,-75.57839634,10,La Candelaria,1008,Corazón de Jesús
608455,2022,2022-04-03,14:15,Choque,SOLO DAÑOS,Carrera 15 Con Diagonal 79,6.22064708,-75.60105056,16,Belén,1612,La Gloria
520700,2019,2019-11-26,10:30,Choque,HERIDO,CALLE 54 CON CARRERA 50,6.25304412,-75.56625863,10,La Candelaria,1019,La Candelaria
513553,2019,2019-10-05,08:32,Caida Ocupante,HERIDO,CALLE 44 CON CARRERA 64,6.248546,-75.58252215,11,Laureles Estadio,1103,Naranjal
488779,2019,2019-03-23,13:00,Choque,HERIDO,CALLE 31 CON CARRERA 84,6.23249496,-75.60761385,16,Belén,1615,Los Alpes
507040,2019,2019-08-20,11:40,Choque,HERIDO,DIAGONAL 76 CON TRANSVERSAL 39,6.2452265,-75.5966933,11,Laureles Estadio,1108,Laureles
603498,2022,2022-02-22,08:10,Choque,HERIDO,Calle 17 Con Carrera 83,6.22275161,-75.60588735,16,Belén,1612,La Gloria
496416,2019,2019-05-29,06:40,Otro,HERIDO,CALLE 41 CON CARRERA 36,6.23839782,-75.56033859,9,Buenos Aires,0911,El Salvador
492109,2019,2019-04-23,06:00,Otro,HERIDO,CALLE 65 CON CARRERA 62,,,10,La Candelaria,Sin inf,Sin inf
690894,2025,2025-04-10,10:00,Otro,HERIDO,Calle 1 Con Carrera 70,6.24458551,-75.58939918,11,Laureles Estadio,1107,Bolivariana
609725,2022,2022-04-13,23:00,Otro,HERIDO,Calle 53 Con Avenida 80,,,12,La América,,
691131,2025,2025-04-13,05:30,Atropello,HERIDO,Calle 92 Con Carrera 45 A,6.2832908,-75.55273484,3,Manrique,301,La Salle
672920,2024,2024-07-06,15:00,Otro,HERIDO,CR 102 070,,,7,Robledo,,
570582,2021,2021-05-20,11:50,Choque,SOLO DAÑOS,CALLE 78 CON CARRERA 80,6.28138379,-75.58664547,7,Robledo,0711,El Diamante
634422,2022,2022-11-25,19:30,Otro,HERIDO,Calle 19 Con Carrera 34,6.22323525,-75.56356765,9,Buenos Aires,0915,Asomadera No. 2
654980,2023,2023-09-26,02:05,Atropello,HERIDO,Calle 42 Con Carrera 63,6.24716355,-75.58205641,11,Laureles Estadio,1104,San Joaquín
496692,2019,2019-05-31,17:30,Choque,HERIDO,CALLE 49 CON CARRERA 46,6.24757839,-75.565918,10,La Candelaria,1019,La Candelaria
512345,2019,2019-09-26,18:00,Otro,HERIDO,CALLE 10 CON CARRERA 80,,,16,Belén,Sin inf,Sin inf
699586,2025,2025-07-29,08:20,Otro,HERIDO,Calle 32 F Con Carrera 66 C,6.23845586,-75.58801768,16,Belén,1602,Rosales
612894,2022,2022-05-11,11:30,Caida Ocupante,HERIDO,Calle 71 Con Carrera 91 B,6.28304495,-75.59764906,7,Robledo,0716,Palenque
678865,2024,2024-10-06,14:30,Choque,HERIDO,CL 088 045,6.28047153,-75.55276348,4,Aranjuez,411,Las Esmeraldas
611538,2022,2022-04-30,08:30,Choque,HERIDO,Calle 50 Con Carrera 63,6.25430926,-75.57757397,11,Laureles Estadio,1102,Suramericana
613317,2022,2022-05-14,18:30,Atropello,HERIDO,Calle 107 Con Carrera 28,6.29483836,-75.54109352,1,Popular,0102,La Avanzada
531266,2020,2020-02-16,12:00,Atropello,HERIDO,CALLE 55 A CON CARRERA 59,6.25397463,-75.57678974,10,La Candelaria,1006,San Benito
697116,2025,2025-06-29,05:00,Otro,HERIDO,Calle 17 Con Carrera 22,,,N/D,N/D,,
603564,2022,2022-02-22,18:00,Choque,HERIDO,Calle 47 Con Carrera 73,6.25320434,-75.59183092,11,Laureles Estadio,1117,Florida Nueva
552705,2020,2020-11-19,12:30,Caida Ocupante,HERIDO,CALLE 75 CON CARRERA 64 C,6.27324457,-75.5731657,5,Castilla,0517,Caribe
501128,2019,2019-07-09,10:00,Otro,HERIDO,CALLE 49 CON CARRERA 25,6.23870325,-75.54868914,9,Buenos Aires,0905,Miraflores
492545,2019,2019-04-26,15:30,Choque,SOLO DAÑOS,CALLE 88 CON CARRERA 53 A,6.28033574,-75.56532897,4,Aranjuez,0404,Bermejal-Los Alamos
552950,2020,2020-11-21,13:30,Choque,SOLO DAÑOS,CALLE 999 CON CARRERA 65,,,11,Laureles Estadio,,
547692,2020,2020-09-28,20:04,Choque,SOLO DAÑOS,CALLE 102 A CON CARRERA 82,6.3029683,-75.57970586,6,Doce de Octubre,0602,Doce de Octubre No.1
654180,2023,2023-09-14,13:53,Choque,HERIDO,Calle 48 A Con Carrera 102,6.25978761,-75.61711512,13,San Javier,1319,El Socorro
525848,2020,2020-01-05,15:40,Choque,SOLO DAÑOS,CALLE 48 CON CARRERA 63,6.25159371,-75.57924808,11,Laureles Estadio,1102,Suramericana
553832,2020,2020-11-29,14:40,Choque,HERIDO,CALLE 47 CON CARRERA 20 B,6.23642144,-75.54787844,9,Buenos Aires,0908,Miraflores
587231,2021,2021-10-03,21:30,Otro,HERIDO,CALLE 102 B CON CARRERA 31 A,6.29228097,-75.5420435,1,Popular,0110,La Esperanza No. 2
587451,2021,2021-10-05,13:40,Choque,SOLO DAÑOS,CALLE 4 SUR CON CARRERA 43 C,6.20107839,-75.57560718,14,El Poblado,1422,La Aguacatala
609048,2022,2022-04-07,18:15,Atropello,HERIDO,Calle 86 Con Carrera 58,6.27965105,-75.56674497,4,Aranjuez,0405,Moravia
698794,2025,2025-07-19,22:34,Choque,HERIDO,Calle 45 Con Carrera 65,6.25067965,-75.58299253,11,Laureles Estadio,1103,Naranjal
530918,2020,2020-02-13,19:41,Choque,SOLO DAÑOS,CALLE 37 CON CARRERA 48,6.23785828,-75.57168244,10,La Candelaria,1013,Barrio Colón
592218,2021,2021-11-14,14:20,Choque,HERIDO,CALLE 58 CON CARRERA 99,6.27418981,-75.60892527,7,Robledo,0722,Olaya Herrera
697392,2025,2025-07-02,19:00,Otro,HERIDO,Calle 18 Con Carrera 90,6.22301601,-75.61412852,70,Corregimiento de Altavista,7005,Altavista Sector Central
547589,2020,2020-09-28,00:20,Choque,HERIDO,CALLE 41 CON CARRERA 30,6.23538201,-75.55580974,9,Buenos Aires,0910,La Milagrosa
488838,2019,2019-03-23,21:30,Choque,SOLO DAÑOS,CALLE 30 CON CARRERA 80,6.23123883,-75.60064487,16,Belén,1603,Belén
661533,2024,2024-01-07,16:10,Choque,HERIDO,Carrera 60 Con Calle 43,6.24615392,-75.57913731,10,La Candelaria,Inst_16,La Alpujarra
519848,2019,2019-11-20,06:40,Otro,HERIDO,CALLE 54 CON CARRERA 51,6.25405984,-75.56735785,10,La Candelaria,1019,La Candelaria
501971,2019,2019-07-15,15:00,Caida Ocupante,HERIDO,CALLE 47 A CON CARRERA 39,6.24340004,-75.56074736,10,La Candelaria,1015,Bomboná No. 1
621288,2022,2022-07-22,21:00,Caida Ocupante,HERIDO,Tramo 1 Con Kilometro 1,,,60,Corregimiento de San Cristóbal,,
635491,2022,2022-12-11,22:15,Choque,HERIDO,Calle 44 Con Carrera 63,6.24903667,-75.58094499,11,Laureles Estadio,1103,Naranjal
493063,2019,2019-05-02,06:40,Choque,HERIDO,CALLE 999 CON CARRERA 999,,,60,Corregimiento de San Cristóbal,Sin inf,Sin inf
643520,2023,2023-04-19,20:20,Atropello,HERIDO,Calle 59 Con Carrera 51,6.25771315,-75.56596166,10,La Candelaria,1003,Jesús Nazareno
549756,2020,2020-10-19,19:35,Choque,SOLO DAÑOS,CALLE 67 B CON TRANSVERSAL 51 A,6.25795315,-75.58349651,11,Laureles Estadio,1101,Carlos E. Restrepo
652890,2023,2023-08-26,19:50,Choque,HERIDO,Calle 46 Con Carrera 10,6.22995067,-75.54120009,9,Buenos Aires,0904,Los Cerros El Vergel
643907,2023,2023-04-25,15:15,Choque,HERIDO,Calle 53 Con Carrera 45,6.25058805,-75.56383557,10,La Candelaria,1019,La Candelaria
674043,2024,2024-07-24,00:00,Atropello,HERIDO,CL 054 057,6.2557386,-75.5737517,10,La Candelaria,1006,San Benito
508380,2019,2019-08-30,11:10,Choque,SOLO DAÑOS,CALLE 16 CON DIAGONAL 28,6.21457648,-75.5576555,14,El Poblado,1408,Altos del Poblado
514183,2019,2019-10-09,19:25,Choque,SOLO DAÑOS,CALLE 46 CON CARRERA 49,6.24673526,-75.56823255,10,La Candelaria,1013,Barrio Colón
487580,2019,2019-03-13,12:00,Choque,HERIDO,CALLE 6 SUR CON CARRERA 43 A,6.19914661,-75.57360521,14,El Poblado,1415,Los Balsos No.2
515511,2019,2019-10-19,13:00,Choque,SOLO DAÑOS,CALLE 53 CON CARRERA 70,6.2604722,-75.58504062,11,Laureles Estadio,1115,Cuarta Brigada
688358,2025,2025-03-09,12:45,Atropello,HERIDO,Calle 53 Con Carrera 54,6.25443089,-75.57163943,10,La Candelaria,1006,San Benito
696750,2025,2025-06-24,10:30,Otro,HERIDO,Calle 65 C Con Carrera 90,6.27840367,-75.59935436,7,Robledo,717,Robledo
505132,2019,2019-08-06,17:20,Choque,HERIDO,CALLE 101 CON CARRERA 63,6.29332708,-75.56421215,5,Castilla,0510,Tricentenario
554428,2020,2020-12-04,13:35,Choque,SOLO DAÑOS,CALLE 47 CON CARRERA 32,6.23984011,-75.55521878,9,Buenos Aires,0907,Buenos Aires
621386,2022,2022-07-23,17:30,Otro,HERIDO,Calle 12  Sur Con Carrera 43,6.19346482,-75.57639533,14,El Poblado,1414,El Castillo
500873,2019,2019-07-06,16:00,Choque,SOLO DAÑOS,CALLE 29 CON CARRERA 43 A,6.22759476,-75.56945514,14,El Poblado,1401,Barrio Colombia
531367,2020,2020-02-17,11:45,Choque,SOLO DAÑOS,CALLE 89 CON CARRERA 48,6.28094995,-75.55562797,4,Aranjuez,0412,La Piñuela
505823,2019,2019-08-11,20:30,Choque,SOLO DAÑOS,CALLE 72 CON CARRERA 45,6.26738555,-75.55503787,4,Aranjuez,0409,Manrique Central No. 1
682480,2024,2024-12-04,13:00,Otro,HERIDO,CL 030 043 B 043,,,10,La Candelaria,,
665835,2024,2024-03-12,14:00,Otro,HERIDO,Calle 80 Con Carrera 78,6.27089227,-75.53965586,3,Manrique,311,La Cruz
566179,2021,2021-03-30,15:30,Choque,HERIDO,CALLE 44 CON CARRERA 46,6.24508944,-75.56771748,10,La Candelaria,1013,Barrio Colón
489405,2019,2019-03-29,15:30,Choque,HERIDO,CALLE 6 SUR CON CARRERA 50,6.20114427,-75.58022819,15,Guayabal,1510,Guayabal
695297,2025,2025-06-06,09:59,Choque,HERIDO,Calle 67 Con Carrera 53,6.26454434,-75.56745003,4,Aranjuez,407,Sevilla
591772,2021,2021-11-10,23:30,Atropello,HERIDO,CALLE 78 CON CARRERA 45,6.27107891,-75.55443721,3,Manrique,0303,Campo Valdés No. 1
510612,2019,2019-09-15,00:30,Volcamiento,HERIDO,CALLE 12 CON CARRERA 999,,,N/D,N/D,Sin inf,Sin inf
610528,2022,2022-04-22,09:00,Caida Ocupante,HERIDO,Calle 44 Con Carrera 49,6.24485737,-75.56958304,10,La Candelaria,1007,Guayaquil
572023,2021,2021-06-01,18:50,Choque,SOLO DAÑOS,CALLE 41 SUR CON CARRERA 80,6.18536549,-75.65671733,80,Corregimiento de San Antonio de Prado,8000,Cabecera San Antonio de Prado
653437,2023,2023-09-03,22:00,Atropello,HERIDO,Calle 37 Con Carrera 51,6.23846369,-75.57304604,10,La Candelaria,1011,Calle Nueva
685712,2025,2025-02-03,18:15,Atropello,HERIDO,Calle 30 A Con Carrera 76,6.23213838,-75.59628039,16,Belén,1603,Belén
606628,2022,2022-03-18,19:45,Choque,SOLO DAÑOS,Calle 82 Con Carrera 45,6.27448941,-75.55383481,3,Manrique,0303,Campo Valdés No. 1
577911,2021,2021-07-21,11:00,Choque,SOLO DAÑOS,CALLE 78 CON CARRERA 64 C,6.27699394,-75.57266359,5,Castilla,Inst_4,Terminal de Transporte
501942,2019,2019-07-15,11:15,Choque,SOLO DAÑOS,CALLE 72 CON CARRERA 64 C,6.27042387,-75.57392493,5,Castilla,0517,Caribe
611490,2022,2022-04-29,20:45,Choque,SOLO DAÑOS,Calle 58 Con Carrera 62,6.26035459,-75.57318834,10,La Candelaria,1004,El Chagualo
654723,2023,2023-09-22,13:05,Choque,HERIDO,Calle 93 Con Carrera 72 A,6.28845458,-75.57648968,5,Castilla,0514,La Esperanza
565897,2021,2021-03-27,16:00,Volcamiento,HERIDO,CALLE 10 SUR CON CARRERA 49,6.19735856,-75.58024927,14,El Poblado,1422,La Aguacatala
622079,2022,2022-07-29,15:00,Choque,HERIDO,Calle 6  Sur Con Carrera 43 A,6.19918154,-75.57369812,14,El Poblado,1422,La Aguacatala
570707,2021,2021-05-21,14:00,Otro,HERIDO,CALLE 78 CON CARRERA 35,6.2697317,-75.54586774,3,Manrique,0305,El Raizal
538861,2020,2020-06-06,22:30,Choque,HERIDO,CALLE 40 A CON CARRERA 26,6.23358071,-75.55349045,9,Buenos Aires,0910,La Milagrosa
642641,2023,2023-04-04,19:55,Atropello,HERIDO,Calle 44 Con Carrera 62,6.2477785,-75.57974987,10,La Candelaria,1008,La Alpujarra
619616,2022,2022-07-09,07:50,Choque,SOLO DAÑOS,Calle 95 Con Carrera 64 C,6.28843415,-75.56943439,5,Castilla,0510,Tricentenario
506465,2019,2019-08-16,08:15,Choque,SOLO DAÑOS,CALLE 33 CON CARRERA 78,6.23884551,-75.59834819,16,Belén,1620,El Nogal-Los Almendros
507388,2019,2019-08-22,17:20,Choque,HERIDO,CALLE 44 CON CARRERA 63,6.24854018,-75.58088972,11,Laureles Estadio,1103,Naranjal
606087,2022,2022-03-14,17:00,Choque,HERIDO,Calle 9 A Con Carrera 25,6.20714261,-75.55495847,14,El Poblado,1407,Las Lomas No.2
551076,2020,2020-11-02,13:10,Choque,SOLO DAÑOS,CALLE 49 B CON CARRERA 65,6.25555835,-75.58125579,11,Laureles Estadio,1102,Suramericana
588165,2021,2021-10-11,06:00,Otro,HERIDO,CALLE 30 CON CARRERA 50,6.23187752,-75.57442722,10,La Candelaria,1012,Perpetuo Socorro
502586,2019,2019-07-19,15:40,Choque,HERIDO,CALLE 54 CON CARRERA 47,6.25183907,-75.56433884,10,La Candelaria,1019,La Candelaria
604447,2022,2022-03-01,13:22,Choque,HERIDO,Calle 94 Con Carrera 63,6.28804489,-75.57117403,5,Castilla,0511,Castilla
660279,2023,2023-12-10,03:20,Choque,HERIDO,Calle 94 Con Carrera 63,6.28804489,-75.57117403,5,Castilla,0511,Castilla
626754,2022,2022-09-03,16:00,Atropello,HERIDO,Calle 105 Con Carrera 74,6.30287391,-75.57156757,6,Doce de Octubre,0604,Pedregal
657225,2023,2023-10-26,23:50,Choque,MUERTO,Calle 65 B Con Carrera 36,6.25576597,-75.55030429,8,Villa Hermosa,0801,Villa Hermosa
561138,2021,2021-02-11,23:30,Volcamiento,HERIDO,CALLE 50 CON CARRERA 82,6.2642697,-75.60009512,12,La América,1202,Calasanz
494394,2019,2019-05-11,17:00,Caida Ocupante,HERIDO,CALLE 108 CON CARRERA 65,6.30444355,-75.56523544,5,Castilla,0505,Boyacá
508539,2019,2019-08-31,12:40,Choque,HERIDO,CALLE 50 CON CARRERA 64 B,6.25539954,-75.57940873,11,Laureles Estadio,1101,Carlos E. Restrepo
589074,2021,2021-10-18,20:00,Otro,HERIDO,CALLE 95 CON CARRERA 71,6.29053178,-75.57452889,5,Castilla,0511,Castilla
691144,2025,2025-04-13,08:30,Otro,HERIDO,Calle 66 Con Carrera 45,6.26175149,-75.55676398,10,La Candelaria,1001,Prado
614317,2022,2022-05-23,12:30,Choque,SOLO DAÑOS,Calle 34 A Con Carrera 81,6.2386964,-75.60404323,11,Laureles Estadio,1110,La Castellana
560936,2021,2021-02-10,06:10,Choque,HERIDO,CALLE 44 CON CARRERA 63,6.24903667,-75.58094499,11,Laureles Estadio,1103,Naranjal
602461,2022,2022-02-14,12:00,Volcamiento,HERIDO,Calle 44 Con Carrera 57,6.24625198,-75.57519767,10,La Candelaria,Inst_17,Centro Administrativo
523266,2019,2019-12-14,19:50,Choque,HERIDO,CALLE 40 A SUR CON CARRERA 72,6.18510275,-75.65156306,80,Corregimiento de San Antonio de Prado,8000,Cabecera San Antonio de Prado
673658,2024,2024-07-17,19:30,Volcamiento,HERIDO,Calle 54 Con Carrera 83,6.26913567,-75.59900146,12,La América,1213,Calasanz Parte Alta
486356,2019,2019-03-02,15:58,Choque,SOLO DAÑOS,CALLE 78 CON CARRERA 64 A,6.27606967,-75.57066,5,Castilla,0517,Terminal de Transporte
695068,2025,2025-06-03,14:59,Choque,HERIDO,Calle 46 Con Carrera 54,6.24826461,-75.57263528,10,La Candelaria,1007,Guayaquil
674845,2024,2024-08-05,07:50,Otro,HERIDO,Carrera 65 Con Calle 114,6.30945762,-75.56391499,5,Castilla,503,Florencia
590014,2021,2021-10-26,07:22,Choque,SOLO DAÑOS,CALLE 59 A CON CARRERA 18 D,6.25209034,-75.54169323,8,Villa Hermosa,0807,Los Mangos
665238,2024,2024-03-04,06:10,Choque,HERIDO,Carrera 63 B Con Calle 53,6.25562766,-75.57683855,11,Laureles Estadio,1101,Carlos E. Restrepo
493669,2019,2019-05-06,21:15,Choque,HERIDO,CALLE 36 B CON CARRERA 33,6.23390942,-75.5592523,9,Buenos Aires,0913,Loreto
560069,2021,2021-02-02,15:40,Choque,SOLO DAÑOS,CALLE 31 A CON CARRERA 81,6.23382487,-75.60219946,16,Belén,1603,Belén
647529,2023,2023-06-12,06:40,Otro,HERIDO,Calle 19 Con Carrera 103 B,6.2239801,-75.62526586,70,Corregimiento de Altavista,7005,Suburbano Altavista
593867,2021,2021-11-27,20:30,Choque,SOLO DAÑOS,CALLE 50 CON CARRERA 62,6.25384772,-75.57642315,10,La Candelaria,1006,San Benito
544008,2020,2020-08-19,08:55,Choque,SOLO DAÑOS,CALLE 7 D CON CARRERA 43 C,6.20886963,-75.57280363,14,El Poblado,1420,Astorga
501966,2019,2019-07-15,14:28,Choque,HERIDO,CALLE 60 CON CARRERA 47,6.25620099,-75.56128332,10,La Candelaria,1001,Prado
671379,2024,2024-06-10,18:15,Atropello,HERIDO,Carrera 74 Con Calle 53,6.26297647,-75.58868996,11,Laureles Estadio,1115,Cuarta Brigada
661685,2024,2024-01-10,14:50,Choque,HERIDO,Carrera 49 Con Calle 7,6.20878049,-75.57673335,14,El Poblado,1421,Patio Bonito
556609,2020,2020-12-23,13:30,Choque,SOLO DAÑOS,CALLE 2 CON CARRERA 79,6.21220416,-75.60214498,16,Belén,1610,El Rincón
613204,2022,2022-05-13,20:10,Choque,SOLO DAÑOS,Calle 9  Sur Con Carrera 60,6.20258768,-75.59662971,15,Guayabal,1511,La Colina
570108,2021,2021-05-15,23:00,Choque,HERIDO,CALLE 44 CON CARRERA 44,6.24323207,-75.56665883,10,La Candelaria,1013,Las Palmas
522882,2019,2019-12-12,09:37,Choque,SOLO DAÑOS,TRANSVERSAL 39 B CON CIRCULAR 73,6.24666432,-75.59449664,11,Laureles Estadio,1108,Laureles
625846,2022,2022-08-27,15:30,Choque,SOLO DAÑOS,Calle 30 A Con Carrera 81,6.2319638,-75.60217639,16,Belén,1603,Belén
587052,2021,2021-10-02,13:00,Otro,HERIDO,CALLE 59 A CON CARRERA 65,6.25972748,-75.57973201,7,Robledo,Inst_8,Universidad Nacional
551571,2020,2020-11-07,07:50,Otro,HERIDO,CALLE 72 CON CARRERA 64,6.26970658,-75.5716633,5,Castilla,0517,Caribe
635245,2022,2022-12-07,21:50,Choque,HERIDO,Calle 88 C Con Carrera 65,6.28103252,-75.57239212,5,Castilla,0514,Alfonso López
673849,2024,2024-07-20,19:30,Choque,HERIDO,Carrera 95 A Con Calle 80 A,6.29271016,-75.59393808,7,Robledo,712,Aures No.2
563940,2021,2021-03-08,23:55,Choque,SOLO DAÑOS,CALLE 58 CON CARRERA 46,6.25499811,-75.56292941,10,La Candelaria,1018,Villa Nueva
537417,2020,2020-05-15,09:10,Choque,SOLO DAÑOS,CALLE 16 CON CARRERA 43 F,6.21700589,-75.5721431,14,El Poblado,1403,Villa Carlota
490966,2019,2019-04-11,11:55,Choque,HERIDO,CALLE 58 CON CARRERA 63,6.26129925,-75.57404871,7,Robledo,Inst_8,Universidad Nacional
573750,2021,2021-06-16,17:50,Caida Ocupante,HERIDO,CALLE 99 CON CARRERA 99,6.27343838,-75.60889338,6,Doce de Octubre,SN01,Olaya Herrera
700986,2025,2025-08-13,21:30,Otro,HERIDO,Calle 50 Con Carrera 56 B,6.25282949,-75.57422076,10,La Candelaria,1006,San Benito
503150,2019,2019-07-23,18:30,Atropello,HERIDO,CALLE 65 CON CARRERA 36,6.2545728,-75.55061023,8,Villa Hermosa,0801,Villa Hermosa
490435,2019,2019-04-07,10:30,Choque,SOLO DAÑOS,CALLE 48 CON CARRERA 67,6.2533765,-75.58452824,11,Laureles Estadio,1102,Suramericana
562767,2021,2021-02-26,16:00,Volcamiento,HERIDO,CALLE 93 CON CARRERA 55,6.28537639,-75.56476907,4,Aranjuez,0403,Moravia
632832,2022,2022-11-02,16:30,Otro,HERIDO,Calle 94 A Con Carrera 63,6.28734235,-75.56654238,5,Castilla,0510,Tricentenario
576500,2021,2021-07-09,18:58,Caida Ocupante,HERIDO,CALLE 47 C CON CARRERA 2,6.22919988,-75.52971147,9,Buenos Aires,0901,Juan Pablo II
670092,2024,2024-05-19,06:40,Choque,HERIDO,Calle 34 B Con Carrera 107 C,6.24657842,-75.62195622,13,San Javier,1313,El Corazón
514243,2019,2019-10-10,11:00,Choque,HERIDO,CALLE 47 D CON CARRERA 80,6.25842601,-75.59777419,11,Laureles Estadio,1112,El Velódromo
544856,2020,2020-08-29,12:45,Choque,SOLO DAÑOS,CALLE 4 SUR CON CARRERA 50,6.20293397,-75.58025386,15,Guayabal,1509,Cristo Rey
585940,2021,2021-09-23,16:00,Otro,HERIDO,CALLE 77 CON CARRERA 46,6.27028317,-75.55564349,4,Aranjuez,0410,Campo Valdés No. 1
610785,2022,2022-04-24,02:30,Choque,HERIDO,Calle 98 Con Carrera 49,6.28932146,-75.55585512,2,Santa Cruz,0211,La Rosa
495596,2019,2019-05-22,06:40,Caida Ocupante,HERIDO,CALLE 80 CON CARRERA 86,6.2858995,-75.5860784,7,Robledo,0711,El Diamante
694132,2025,2025-05-22,14:00,Otro,HERIDO,Calle 27 Con Carrera 43 G,6.22732288,-75.57168127,14,El Poblado,1401,Barrio Colombia
561873,2021,2021-02-18,15:00,Choque,SOLO DAÑOS,CALLE 5 CON CARRERA 35,6.2037393,-75.56486526,14,El Poblado,1417,La Florida
486869,2019,2019-03-06,16:50,Choque,SOLO DAÑOS,CALLE 49 CON CARRERA 63,6.25265581,-75.57865747,11,Laureles Estadio,1102,Suramericana
521397,2019,2019-12-02,17:00,Choque,HERIDO,CALLE 32 CON CARRERA 73,6.23459508,-75.59374413,16,Belén,1603,Belén
661789,2024,2024-01-12,12:05,Choque,HERIDO,Calle 1 Con Diagonal 75 D,6.21101313,-75.59496393,16,Belén,1607,Diego Echavarría
559685,2021,2021-01-30,10:10,Choque,SOLO DAÑOS,CALLE 23 CON CARRERA 50,6.224068,-75.57693953,15,Guayabal,1504,Santa Fé
664617,2024,2024-02-24,07:40,Otro,HERIDO,Carrera 84 Con Calle 33 AA,6.24024905,-75.60816227,11,Laureles Estadio,1110,La Castellana
535002,2020,2020-03-15,11:15,Choque,HERIDO,CALLE 61 CON CARRERA 65,,,7,Robledo,,
629049,2022,2022-09-21,08:40,Otro,HERIDO,Calle 44 Con Carrera 57 A,6.24494435,-75.57546051,10,La Candelaria,Inst_16,La Alpujarra
624514,2022,2022-08-16,17:30,Choque,SOLO DAÑOS,Calle 32 E Con Carrera 63,6.2370608,-75.57711378,16,Belén,Inst_18,Cerro Nutibara
558971,2021,2021-01-23,15:00,Choque,SOLO DAÑOS,CALLE 43 CON CARRERA 90,6.2516534,-75.60814822,12,La América,1207,El Danubio
594264,2021,2021-12-01,07:00,Choque,SOLO DAÑOS,CALLE 56 CON CARRERA 57,6.25761249,-75.57240965,10,La Candelaria,1004,San Benito
548913,2020,2020-10-10,16:00,Choque,SOLO DAÑOS,CALLE 14 SUR CON CARRERA 52,6.19466009,-75.59112908,15,Guayabal,1511,La Colina
486131,2019,2019-02-28,16:00,Otro,HERIDO,CALLE 4 SUR CON CARRERA 50,6.20293397,-75.58025386,15,Guayabal,1509,Cristo Rey
514686,2019,2019-10-13,16:30,Otro,HERIDO,CALLE 71 A CON CARRERA 32,6.26627062,-75.5446877,3,Manrique,0309,Versalles No. 1
631829,2022,2022-10-20,07:20,Otro,HERIDO,Calle 36 Con Carrera 36 A,6.23556081,-75.56365335,9,Buenos Aires,0912,El Salvador
541122,2020,2020-07-06,16:40,Choque,SOLO DAÑOS,CALLE 18 A CON CARRERA 44,6.22114326,-75.57468689,14,El Poblado,1403,Villa Carlota
529411,2020,2020-02-02,22:05,Choque,HERIDO,CALLE 47 CON CARRERA 45,6.2455005,-75.56587986,10,La Candelaria,1013,Barrio Colón
626669,2022,2022-09-03,04:00,Choque,HERIDO,Calle 72 Con Carrera 39,6.26801175,-75.54969397,3,Manrique,0306,El Pomar
546835,2020,2020-09-19,19:45,Choque,SOLO DAÑOS,CALLE 107 D CON CARRERA 42 B,6.29608278,-75.54751078,1,Popular,0101,Santo Domingo Savio No. 1
507693,2019,2019-08-25,09:50,Choque,HERIDO,CALLE 36 CON CARRERA 81 A,6.24429714,-75.60331012,12,La América,1211,Simón Bolívar
684589,2025,2025-01-17,16:40,Otro,HERIDO,Calle 49 Con Carrera 38,6.24412997,-75.55919378,10,La Candelaria,1015,Bomboná No.1
587613,2021,2021-10-06,17:15,Choque,HERIDO,CALLE 52 CON CARRERA 63,6.25439999,-75.57752361,11,Laureles Estadio,1101,Carlos E. Restrepo
701287,2025,2025-08-17,12:05,Atropello,HERIDO,Calle 78 Con Carrera 49,6.27177242,-75.55830682,4,Aranjuez,410,Campo Valdés No.1
641520,2023,2023-03-17,09:30,Choque,HERIDO,Calle 49 A Con Carrera 63,6.25337651,-75.57847201,11,Laureles Estadio,1102,Suramericana
481882,2019,2019-01-24,07:40,Choque,SOLO DAÑOS,CALLE 87 CON CARRERA 50,6.27970328,-75.5581182,4,Aranjuez,0413,Aranjuez
669205,2024,2024-05-05,15:00,Otro,HERIDO,Carrera 48 Con Calle 24,6.22568434,-75.57504458,14,El Poblado,1401,Villa Carlota
585367,2021,2021-09-19,09:50,Otro,HERIDO,CALLE 66 CON CARRERA 41,6.25931657,-75.55308465,8,Villa Hermosa,0801,La Mansión
484597,2019,2019-02-15,21:49,Choque,HERIDO,CALLE 113 CON CARRERA 65,6.3078834,-75.56392117,5,Castilla,0502,Las Brisas
485907,2019,2019-02-26,19:30,Choque,SOLO DAÑOS,CALLE 48 CON CARRERA 70,6.25403913,-75.58842794,11,Laureles Estadio,Inst_14,U.D. Atanasio Girardot
519126,2019,2019-11-14,21:05,Choque,SOLO DAÑOS,CALLE 49 CON CARRERA 71,6.25853009,-75.58607295,11,Laureles Estadio,1101,Cuarta Brigada
657525,2023,2023-10-31,07:00,Otro,HERIDO,Calle 97 Con Carrera 65,6.29162527,-75.56944308,5,Castilla,0511,Castilla
525199,2019,2019-12-29,19:20,Choque,SOLO DAÑOS,CALLE 43 CON CARRERA 73,6.24888995,-75.59235129,11,Laureles Estadio,1111,Lorena
554853,2020,2020-12-08,09:45,Choque,HERIDO,CALLE 29 C CON CARRERA 35,6.22924741,-75.564027,9,Buenos Aires,0914,Asomadera No. 1
585462,2021,2021-09-20,07:50,Choque,SOLO DAÑOS,CALLE 4 SUR CON CARRERA 48,6.20337372,-75.57725215,14,El Poblado,1421,La Aguacatala
654743,2023,2023-09-22,19:00,Caida Ocupante,HERIDO,Calle 64 Con Carrera 80,6.27777639,-75.57295482,5,Castilla,Inst_4,Terminal de Transporte
641190,2023,2023-03-12,06:40,Otro,HERIDO,Calle 48 F Con Carrera 99 DD,6.26583392,-75.61395321,13,San Javier,1307,Juan XXIII La Quiebra
529814,2020,2020-02-05,19:50,Volcamiento,HERIDO,CALLE 77 CON CARRERA 62,6.27548757,-75.56859393,4,Aranjuez,Inst_9,Parque Norte
575992,2021,2021-07-05,14:50,Otro,HERIDO,CALLE 65 CON CARRERA 95,6.28269668,-75.60527897,7,Robledo,0723,Pajarito
490887,2019,2019-04-10,17:30,Otro,HERIDO,CALLE 89 CON CARRERA 51,6.28124306,-75.56115534,4,Aranjuez,0413,Aranjuez
487390,2019,2019-03-11,19:00,Volcamiento,HERIDO,CALLE 94 CON CARRERA 53,6.28607928,-75.56303296,4,Aranjuez,0403,Palermo
627122,2022,2022-09-06,12:45,Choque,SOLO DAÑOS,Calle 44 Con Carrera 52,6.24520865,-75.57255081,10,La Candelaria,Inst_17,Centro Administrativo
659624,2023,2023-12-01,07:00,Otro,HERIDO,Calle 95 Con Carrera 68,6.28985309,-75.57247807,5,Castilla,0511,Castilla
643472,2023,2023-04-18,19:10,Atropello,HERIDO,Calle 54 Con Carrera 53,6.25423938,-75.56927004,10,La Candelaria,1005,Estación Villa
631820,2022,2022-10-20,06:40,Atropello,HERIDO,Calle 99 Con Carrera 72,6.29583833,-75.57352369,6,Doce de Octubre,0605,La Esperanza
699922,2025,2025-08-01,20:55,Choque,HERIDO,Calle 92 Con Carrera 55,6.28484328,-75.56460454,4,Aranjuez,405,Moravia
642897,2023,2023-04-09,20:30,Atropello,HERIDO,Calle 95 A Con Carrera 36,6.2860886,-75.54605247,1,Popular,0107,San Pablo
582301,2021,2021-08-26,06:10,Choque,HERIDO,CALLE 65 CON CARRERA 64 C,6.27588526,-75.57070835,5,Castilla,0517,Caribe
565269,2021,2021-03-21,07:00,Choque,HERIDO,CALLE 34 CON CARRERA 49,6.23596968,-75.57246839,10,La Candelaria,1012,Perpetuo Socorro
577096,2021,2021-07-14,16:30,Choque,HERIDO,CALLE 78 CON CARRERA 64 C,6.27699394,-75.57266359,5,Castilla,Inst_4,Terminal de Transporte
537043,2020,2020-05-08,17:00,Otro,HERIDO,CALLE 34 CC CON CARRERA 89,6.24443804,-75.61666068,13,San Javier,1311,Belencito
695104,2025,2025-06-04,00:40,Otro,HERIDO,Calle 49 Con Carrera 14 A,6.23288914,-75.54164866,9,Buenos Aires,904,Los Cerros El Vergel
551399,2020,2020-11-05,15:00,Choque,HERIDO,CALLE 120 B CON CARRERA 48 A,6.30410851,-75.55055499,2,Santa Cruz,0201,La Isla
482942,2019,2019-02-02,12:00,Choque,SOLO DAÑOS,CALLE 50 CON CARRERA 55,6.2515259,-75.57199788,10,La Candelaria,1006,San Benito
642782,2023,2023-04-07,16:00,Otro,HERIDO,Calle 78 Con Carrera 46,6.27126625,-75.55546609,4,Aranjuez,0410,Campo Valdés No. 1
584515,2021,2021-09-13,09:00,Choque,SOLO DAÑOS,CALLE 69 CON CARRERA 44,6.26420444,-75.55417669,3,Manrique,0307,Manrique Central No. 2
697379,2025,2025-07-02,15:28,Otro,HERIDO,Calle 54 Con Carrera 31,6.24466866,-75.55251667,8,Villa Hermosa,809,Sucre
601809,2022,2022-02-08,17:45,Otro,HERIDO,Calle 24 Con Carrera 52,6.22466815,-75.57857974,15,Guayabal,1504,Santa Fé
506857,2019,2019-08-18,13:40,Choque,SOLO DAÑOS,CALLE 61 CON CARRERA 51,6.25947147,-75.56515328,10,La Candelaria,1003,Jesús Nazareno
562940,2021,2021-02-27,19:30,Choque,SOLO DAÑOS,CALLE 99 CON CARRERA 99,6.27343838,-75.60889338,90,Corregimiento de Santa Elena,SN01,Olaya Herrera
625070,2022,2022-08-20,22:00,Choque,SOLO DAÑOS,Calle 7 Con Carrera 34,6.20598672,-75.56466922,14,El Poblado,1417,La Florida
665426,2024,2024-03-07,12:50,Volcamiento,HERIDO,Calle 52 Con Carrera 14,6.23483244,-75.54011932,8,Villa Hermosa,813,Villatina
535279,2020,2020-03-17,20:26,Choque,SOLO DAÑOS,CALLE 74 CON CARRERA 66 B,6.27540582,-75.5737457,5,Castilla,0519,El Progreso
671601,2024,2024-06-14,08:45,Otro,HERIDO,Carrera 76 Con Calle 32,6.23367479,-75.59630142,16,Belén,1603,Belén
495404,2019,2019-05-20,16:12,Choque,SOLO DAÑOS,CALLE 44 CON CARRERA 57,6.24625198,-75.57519767,10,La Candelaria,Inst_17,Centro Administrativo
611871,2022,2022-05-02,21:40,Atropello,HERIDO,Calle 83 A Con Carrera 47,6.27606795,-75.55536949,4,Aranjuez,0410,Campo Valdés No. 1
492155,2019,2019-04-23,15:20,Choque,SOLO DAÑOS,CALLE 48 CON CARRERA 50,6.24788501,-75.56851003,10,La Candelaria,1019,La Candelaria
504133,2019,2019-07-31,07:40,Choque,SOLO DAÑOS,CALLE 37 CON CARRERA 77,6.24453943,-75.59877343,11,Laureles Estadio,1108,Laureles
486943,2019,2019-03-07,14:00,Choque,SOLO DAÑOS,CALLE 6 SUR CON CARRERA 51,6.20316673,-75.58520417,15,Guayabal,1510,Guayabal
684489,2025,2025-01-16,04:45,Choque,HERIDO,Calle 44 Con Carrera 80,6.25076711,-75.60248344,12,La América,1204,La América
630367,2022,2022-10-02,05:40,Choque,SOLO DAÑOS,Calle 80 Con Carrera 80,6.18661632,-75.65660126,80,Corregimiento de San Antonio de Prado,8000,Cabecera San Antonio de Prado
647444,2023,2023-06-10,20:30,Choque,HERIDO,Calle 64 Con Carrera 43,6.25766305,-75.55638982,8,Villa Hermosa,0802,La Mansión
662855,2024,2024-01-29,06:05,Atropello,HERIDO,Calle 97 Con Carrera 65,6.2916506,-75.56956706,5,Castilla,511,Castilla
680941,2024,2024-11-08,09:08,Choque,HERIDO,CL 010 035,6.20871668,-75.56556064,14,El Poblado,1418,El Poblado
684811,2025,2025-01-21,09:00,Atropello,HERIDO,Calle 31 Con Carrera 44 A,6.23187097,-75.57164773,10,La Candelaria,1012,Perpetuo Socorro
555003,2020,2020-12-09,17:20,Atropello,HERIDO,CALLE 97 CON CARRERA 80,6.29556241,-75.58142676,6,Doce de Octubre,0606,San Martín de Porres
637448,2023,2023-01-14,20:10,Volcamiento,HERIDO,Calle 48 Con Carrera 80,6.25884817,-75.5977618,12,La América,1202,Calasanz
644900,2023,2023-05-09,12:30,Otro,HERIDO,Calle 60 Con Carrera 125,6.27548645,-75.62879919,60,Corregimiento de San Cristóbal,6014,Suburbano La Loma
551760,2020,2020-11-09,08:50,Choque,SOLO DAÑOS,CALLE 77 BB CON CARRERA 85 B,6.28196982,-75.59029692,7,Robledo,0714,Bello Horizonte
565551,2021,2021-03-24,13:00,Choque,HERIDO,CALLE 64 CON CARRERA 50 D,6.26138335,-75.56366799,10,La Candelaria,1001,Prado
620656,2022,2022-07-17,16:00,Choque,SOLO DAÑOS,Calle 63 Con Carrera 106 A,6.27741649,-75.61718612,7,Robledo,0720,Santa Margarita
492924,2019,2019-04-30,12:30,Choque,SOLO DAÑOS,CALLE 34 CON CARRERA 45,6.23468979,-75.57132282,10,La Candelaria,1012,Perpetuo Socorro
690266,2025,2025-04-02,08:38,Choque,HERIDO,Calle 56 Con Carrera 46,6.25271097,-75.56278177,10,La Candelaria,1018,Villa Nueva
547954,2020,2020-10-01,13:45,Choque,SOLO DAÑOS,CALLE 32 F CON CARRERA 69 B,6.23559392,-75.59050132,16,Belén,1602,Rosales
604385,2022,2022-03-01,05:10,Choque,HERIDO,Calle 41  Sur Con Carrera 63 B,,,80,Corregimiento de San Antonio de Prado,,
590415,2021,2021-10-29,15:00,Otro,HERIDO,CALLE 70 CON CARRERA 50,6.26601558,-75.56006034,4,Aranjuez,0408,San Pedro
682983,2024,2024-12-11,18:40,Otro,HERIDO,CR 063 043 044,6.25025141,-75.58109077,11,Laureles Estadio,1103,Naranjal
586407,2021,2021-09-27,16:20,Choque,SOLO DAÑOS,CALLE 30 CON CARRERA 54,6.23165725,-75.57845926,15,Guayabal,1502,Tenche
544444,2020,2020-08-24,17:00,Choque,HERIDO,CALLE 25 CON CARRERA 59,6.22667926,-75.58265492,15,Guayabal,1503,Trinidad
491654,2019,2019-04-17,12:50,Otro,HERIDO,CALLE 47 CON CARRERA 46,6.2545337,-75.56243284,10,La Candelaria,1018,Villa Nueva
590498,2021,2021-10-30,14:20,Choque,SOLO DAÑOS,CALLE 18 CON CARRERA 49,6.22000363,-75.57667405,14,El Poblado,1403,Villa Carlota
590510,2021,2021-10-30,16:30,Choque,HERIDO,CALLE 61 CON CARRERA 45 D,6.25603471,-75.55957608,8,Villa Hermosa,0803,San Miguel
653242,2023,2023-09-01,07:00,Otro,HERIDO,Calle 68 Con Carrera 47,6.26388374,-75.55718886,4,Aranjuez,0409,Manrique Central No. 1
491659,2019,2019-04-17,13:00,Choque,SOLO DAÑOS,CALLE 54 CON CARRERA 46,6.25127197,-75.56343004,10,La Candelaria,1019,La Candelaria
574506,2021,2021-06-22,17:00,Choque,HERIDO,CALLE 79 CON CARRERA 64 C,6.27692599,-75.57205481,5,Castilla,Inst_4,Terminal de Transporte
671663,2024,2024-06-15,07:30,Otro,HERIDO,Calle 54 Con Carrera 16,6.23705726,-75.53994712,8,Villa Hermosa,813,Villatina
675172,2024,2024-08-10,07:10,Otro,HERIDO,Carrera 50 Con Calle 10  Sur,6.19933145,-75.58183652,15,Guayabal,1510,Guayabal
507318,2019,2019-08-22,09:00,Caida Ocupante,HERIDO,CALLE 20 CON CARRERA 65,6.22273184,-75.58419081,15,Guayabal,1504,Santa Fé
616373,2022,2022-06-10,14:27,Choque,SOLO DAÑOS,Calle 68 Con Carrera 88,6.27852425,-75.5961686,7,Robledo,0716,Robledo
502099,2019,2019-07-16,13:10,Choque,SOLO DAÑOS,CALLE 67 CON CARRERA 64 C,6.26572662,-75.57502301,5,Castilla,0517,Caribe
482445,2019,2019-01-29,05:50,Choque,HERIDO,CALLE 113 CC CON CARRERA 63,6.30842535,-75.55859549,5,Castilla,0501,Toscana
645280,2023,2023-05-13,22:10,Atropello,HERIDO,Calle 37 Con Carrera 50,6.23807597,-75.57248766,10,La Candelaria,1012,Perpetuo Socorro
582933,2021,2021-08-31,06:30,Otro,HERIDO,CALLE 104 A CON CARRERA 67,6.30217332,-75.56710676,5,Castilla,0504,Boyacá
571226,2021,2021-05-26,07:30,Caida Ocupante,HERIDO,CALLE 72 CON CARRERA 65,6.27188961,-75.57528034,5,Castilla,0519,El Progreso
484223,2019,2019-02-13,11:55,Choque,SOLO DAÑOS,DIAGONAL 50 CON CARRERA 80,6.26178096,-75.59884001,12,La América,1202,Calasanz
637537,2023,2023-01-16,11:40,Otro,HERIDO,Calle 97 A Con Carrera 64 C,6.29217976,-75.56826986,5,Castilla,0510,Tricentenario
692707,2025,2025-05-04,03:25,Atropello,HERIDO,Calle 33 Con Carrera 66 B,6.23913426,-75.58832789,16,Belén,1602,Rosales
519340,2019,2019-11-16,12:50,Choque,HERIDO,CALLE 50 CON CARRERA 62,6.25384772,-75.57642314,10,La Candelaria,1006,San Benito
596133,2021,2021-12-16,03:00,Choque,SOLO DAÑOS,CALLE 60 CON CARRERA 52,6.2590223,-75.56734835,10,La Candelaria,1003,Jesús Nazareno
697272,2025,2025-07-01,07:30,Otro,HERIDO,Calle 48 D Con Carrera 120 E,,,N/D,N/D,,
569395,2021,2021-05-09,16:00,Atropello,HERIDO,CALLE 99 CON CARRERA 51 A,6.29226895,-75.56127492,2,Santa Cruz,0211,La Rosa
557256,2020,2020-12-31,08:20,Choque,SOLO DAÑOS,CALLE 98 A CON CARRERA 65,6.29312435,-75.56919644,5,Castilla,0509,Girardot
583205,2021,2021-09-02,11:45,Atropello,HERIDO,CALLE 39 A CON CARRERA 109,6.25158148,-75.62187155,13,San Javier,1310,Veinte de Julio
618453,2022,2022-06-28,19:20,Choque,SOLO DAÑOS,Calle 42 Con Carrera 45,6.24168048,-75.56842098,10,La Candelaria,1013,Barrio Colón
665069,2024,2024-03-01,20:00,Choque,HERIDO,Carrera 126 Con Calle 60,6.27605648,-75.63087456,60,Corregimiento de San Cristóbal,6014,Suburbano La Loma
668984,2024,2024-05-02,07:00,Otro,HERIDO,Carrera 64 C Con Calle 75,6.27324457,-75.5731657,5,Castilla,517,Caribe
588950,2021,2021-10-17,00:30,Choque,SOLO DAÑOS,CALLE 63 CON CARRERA 133,6.2788486,-75.63767622,60,Corregimiento de San Cristóbal,6000,Cabecera Urbana San Cristobal
567057,2021,2021-04-11,11:30,Choque,HERIDO,CALLE 104 B CON CARRERA 43 B,6.29388788,-75.55037119,2,Santa Cruz,0207,Villa del Socorro
534676,2020,2020-03-12,17:10,Choque,SOLO DAÑOS,CALLE 42 CON CARRERA 108,6.25543172,-75.62169631,13,San Javier,1309,San Javier No.1
571735,2021,2021-05-30,14:30,Choque,HERIDO,CALLE 76 CON CARRERA 30,6.26884473,-75.54300866,3,Manrique,0305,El Raizal
646446,2023,2023-05-29,07:58,Choque,HERIDO,Calle 7 Con Carrera 52,6.21264231,-75.58330428,15,Guayabal,1507,Campo Amor
483613,2019,2019-02-08,07:30,Volcamiento,HERIDO,CALLE 66 CON CARRERA 44,6.2610062,-75.55580253,3,Manrique,0307,La Mansión
504098,2019,2019-07-30,21:00,Caida Ocupante,HERIDO,CALLE 86 A CON CARRERA 79 B,6.28412425,-75.58411676,7,Robledo,0711,El Diamante
574277,2021,2021-06-20,22:45,Choque,SOLO DAÑOS,CALLE 31 CON CARRERA 85,6.23246896,-75.60842376,16,Belén,1615,Los Alpes
693905,2025,2025-05-19,13:00,Atropello,HERIDO,Calle 38 A Con Carrera 107,6.25138693,-75.61991287,13,San Javier,1310,Veinte de Julio
545473,2020,2020-09-05,08:50,Choque,HERIDO,CALLE 44 CON CARRERA 73,6.24957616,-75.59226188,11,Laureles Estadio,1107,Lorena
526354,2020,2020-01-10,17:00,Choque,SOLO DAÑOS,CALLE 16 CON CARRERA 49,6.21727154,-75.57706132,14,El Poblado,1403,Villa Carlota
622003,2022,2022-07-28,20:05,Otro,HERIDO,Calle 65 Con Carrera 62,,,10,La Candelaria,,
656605,2023,2023-10-18,23:30,Choque,HERIDO,Calle 9  Sur Con Carrera 52,6.20092442,-75.58856617,15,Guayabal,1511,La Colina
606211,2022,2022-03-15,17:00,Atropello,HERIDO,Calle 57 C Con Carrera 23,6.24974219,-75.54419721,8,Villa Hermosa,0807,Los Mangos
609103,2022,2022-04-08,07:40,Otro,HERIDO,Calle 17 Con Carrera 52,6.22037945,-75.58105044,15,Guayabal,1504,Santa Fé
679968,2024,2024-10-24,08:10,Otro,HERIDO,CL 010 S 052,6.1994912,-75.58915312,15,Guayabal,1511,La Colina
592687,2021,2021-11-18,17:53,Choque,SOLO DAÑOS,CALLE 10 CON CARRERA 65,6.21706925,-75.58645654,15,Guayabal,Inst_19,Parque Juan Pablo II
598411,2022,2022-01-06,16:05,Choque,SOLO DAÑOS,Calle 44 Con Carrera 57,6.24671613,-75.57612411,10,La Candelaria,1008,Corazón de Jesús
702384,2025,2025-08-30,08:50,Atropello,HERIDO,Calle 100 Con Carrera 52,6.29296351,-75.5616794,2,Santa Cruz,210,Santa Cruz
506206,2019,2019-08-14,11:30,Choque,SOLO DAÑOS,CALLE 32 CON CARRERA 49,6.23361436,-75.57422884,10,La Candelaria,1012,Perpetuo Socorro
581712,2021,2021-08-21,08:50,Atropello,HERIDO,CALLE 88 CON CARRERA 46,6.2806639,-75.55377927,4,Aranjuez,0411,Las Esmeraldas
563992,2021,2021-03-09,13:30,Choque,HERIDO,CALLE 40 CON CARRERA 51,6.24069318,-75.57237991,10,La Candelaria,1011,Calle Nueva
493839,2019,2019-05-08,07:10,Choque,SOLO DAÑOS,CALLE 6 SUR CON CARRERA 49,6.19987748,-75.5775087,14,El Poblado,1422,La Aguacatala
619793,2022,2022-07-10,11:00,Choque,SOLO DAÑOS,Calle 91 Con Carrera 55,6.28374932,-75.56529588,4,Aranjuez,0405,Moravia
676325,2024,2024-08-28,09:30,Atropello,HERIDO,Calle 80 A Con Carrera 95 AA,6.29343099,-75.59421424,7,Robledo,712,Aures No.2
615499,2022,2022-06-02,19:20,Choque,SOLO DAÑOS,Calle 94 Con Carrera 64 C,6.2883718,-75.56960943,5,Castilla,0511,Castilla
533369,2020,2020-03-02,13:10,Caida Ocupante,HERIDO,CALLE 44 CON CARRERA 78,6.25005642,-75.59689167,11,Laureles Estadio,1111,Lorena
583258,2021,2021-09-02,18:30,Choque,HERIDO,CALLE 31 A CON CARRERA 81,6.23382487,-75.60219946,16,Belén,1603,Belén
658513,2023,2023-11-14,20:00,Choque,HERIDO,Calle 65 Con Carrera 77,6.27176725,-75.58971486,7,Robledo,0703,San Germán
647923,2023,2023-06-17,15:20,Otro,HERIDO,Calle 34 Con Carrera 62,6.24000927,-75.57802309,11,Laureles Estadio,1105,Los Conquistadores
546447,2020,2020-09-15,22:10,Volcamiento,HERIDO,CALLE 83 CON CARRERA 43,6.27498469,-75.55162375,3,Manrique,0303,Campo Valdés No. 2
628196,2022,2022-09-14,12:40,Choque,SOLO DAÑOS,Calle 37 Con Carrera 55,6.23989817,-75.57544111,10,La Candelaria,1011,La Alpujarra
515622,2019,2019-10-20,15:20,Volcamiento,HERIDO,CALLE 54 CON CARRERA 62,6.25658148,-75.5751402,10,La Candelaria,1006,San Benito
553745,2020,2020-11-28,16:52,Otro,HERIDO,CALLE 58 CON CARRERA 80,6.27064888,-75.59631337,12,La América,1201,Ferrini
482481,2019,2019-01-29,11:20,Choque,HERIDO,CALLE 27 CON CARRERA 44,6.22780076,-75.57229472,14,El Poblado,1401,Barrio Colombia
636207,2022,2022-12-22,12:26,Atropello,HERIDO,Calle 15  Sur Con Carrera 48,6.19253566,-75.58015087,14,El Poblado,1423,Santa María de Los Ángeles
631235,2022,2022-10-11,17:29,Choque,HERIDO,Calle 72 Con Carrera 63,6.27255644,-75.57342735,5,Castilla,0517,Caribe
702392,2025,2025-08-30,10:02,Atropello,HERIDO,Calle 42 C Con Carrera 81,6.24935727,-75.60240606,12,La América,1204,La América
575060,2021,2021-06-27,00:20,Otro,HERIDO,CALLE 55 CON CARRERA 36,6.24695756,-75.55508533,10,La Candelaria,1016,Boston
609082,2022,2022-04-08,05:50,Choque,SOLO DAÑOS,Calle 12  Sur Con Carrera 48,6.1948146,-75.57989822,14,El Poblado,1422,La Aguacatala
609278,2022,2022-04-09,15:00,Choque,SOLO DAÑOS,Calle 60 Con Carrera 77,6.26927402,-75.59175928,7,Robledo,0703,San Germán
575282,2021,2021-06-29,07:30,Choque,SOLO DAÑOS,CALLE 65 CON CARRERA 55,6.26309011,-75.56803813,10,La Candelaria,1004,El Chagualo
668328,2024,2024-04-21,06:42,Atropello,HERIDO,Carrera 43 Con Calle 49,6.24624027,-75.56334081,10,La Candelaria,1019,La Candelaria
674598,2024,2024-08-01,18:30,Choque,HERIDO,Carrera 66 B Con Calle 32 B,6.23654787,-75.5873778,16,Belén,1601,Fátima
534039,2020,2020-03-07,11:40,Volcamiento,HERIDO,CALLE 85 CON CARRERA 95,6.29378363,-75.5923986,7,Robledo,0712,Aures No. 2
487816,2019,2019-03-15,12:20,Choque,SOLO DAÑOS,CALLE 15 A CON CARRERA 84 B,6.22143395,-75.60734204,16,Belén,1612,La Gloria
577611,2021,2021-07-18,15:00,Choque,HERIDO,CALLE 57 CON CARRERA 30,6.24706773,-75.55132163,8,Villa Hermosa,0808,Enciso
561832,2021,2021-02-18,08:30,Caida Ocupante,HERIDO,CALLE 10 CON CARRERA 49,6.21362121,-75.57760421,14,El Poblado,1419,Manila
644195,2023,2023-04-29,18:00,Otro,HERIDO,Calle 54 A Con Carrera 28,6.24298321,-75.54889345,8,Villa Hermosa,0810,El Pinal
526317,2020,2020-01-10,11:30,Choque,SOLO DAÑOS,CALLE 32 D CON CARRERA 65 D,6.23755791,-75.58525436,16,Belén,1601,Fátima
635549,2022,2022-12-12,18:10,Atropello,HERIDO,Calle 42 Con Carrera 38 C,6.23903673,-75.56308283,10,La Candelaria,1014,Las Palmas
654758,2023,2023-09-22,21:30,Volcamiento,HERIDO,Calle 30 Con Carrera 66 B,6.23167102,-75.58727328,16,Belén,1601,Rosales
698847,2025,2025-07-20,13:15,Choque,HERIDO,Calle 49 Con Carrera 43,6.2471626,-75.56281109,10,La Candelaria,1016,Boston
609993,2022,2022-04-17,23:10,Choque,HERIDO,Calle 104 Con Carrera 74,6.30162351,-75.57259415,6,Doce de Octubre,0604,Pedregal
583024,2021,2021-08-31,18:40,Choque,HERIDO,CALLE 30 CON CARRERA 48,6.23188079,-75.57442636,10,La Candelaria,1012,Perpetuo Socorro
701419,2025,2025-08-19,07:55,Choque,HERIDO,Calle 11 C Con Carrera 48,,,N/D,N/D,,
656823,2023,2023-10-21,15:00,Atropello,HERIDO,Calle 94 CC Con Carrera 83 D,6.29510203,-75.58562915,6,Doce de Octubre,0608,Picacho
598482,2022,2022-01-07,11:00,Choque,SOLO DAÑOS,Calle 1  Sur Con Carrera 75 DA,6.21082518,-75.59836607,16,Belén,1608,La Mota
632480,2022,2022-10-29,02:30,Otro,HERIDO,Calle 94 Con Carrera 63,6.28804489,-75.57117403,5,Castilla,0511,Castilla
539204,2020,2020-06-11,20:00,Caida Ocupante,HERIDO,CALLE 84 CON CARRERA 23,6.2771916,-75.53599304,90,Corregimiento de Santa Elena,9003,Piedras Blancas
694989,2025,2025-06-02,16:16,Atropello,HERIDO,Calle 83 Con Carrera 43,6.27512153,-75.55167228,3,Manrique,303,Campo Valdés No.2
568725,2021,2021-05-01,06:30,Choque,HERIDO,CALLE 47 CON CARRERA 16 AA,6.2342849,-75.54423668,9,Buenos Aires,0904,Los Cerros El Vergel
519383,2019,2019-11-16,18:00,Caida Ocupante,HERIDO,CALLE 63 CON CARRERA 144,6.2805967,-75.64304493,60,Corregimiento de San Cristóbal,6016,Suburbano Travesias
640377,2023,2023-03-01,15:00,Choque,HERIDO,Calle 42 C Con Carrera 90,6.2512815,-75.60861154,12,La América,1207,El Danubio
584195,2021,2021-09-10,13:50,Choque,SOLO DAÑOS,CALLE 40 CON CARRERA 36 A,6.23783236,-75.5615981,9,Buenos Aires,0912,El Salvador
695538,2025,2025-06-09,07:38,Otro,HERIDO,Calle 19 A Con Carrera 49,,,N/D,N/D,,
683266,2024,2024-12-15,21:30,Otro,HERIDO,CL  049 A  014  026 00000,6.23349019,-75.54123612,9,Buenos Aires,905,Alejandro Echavarría
498915,2019,2019-06-19,07:00,Choque,SOLO DAÑOS,CALLE 29 CON CARRERA 55,6.22881938,-75.58014094,15,Guayabal,1502,Trinidad
491498,2019,2019-04-15,20:20,Choque,SOLO DAÑOS,CALLE 37 CON CARRERA 86 A,6.24610793,-75.60952566,12,La América,1210,Barrio Cristóbal
557907,2021,2021-01-12,08:00,Choque,SOLO DAÑOS,CALLE 57 CON CARRERA 63,6.25926259,-75.57506931,11,Laureles Estadio,1101,Carlos E. Restrepo
678995,2024,2024-10-08,14:19,Atropello,MUERTO,CL 078 064 B 064,,,5,Castilla,,
693441,2025,2025-05-13,19:10,Atropello,HERIDO,Calle 1 Con Carrera 70,6.24458551,-75.58939918,11,Laureles Estadio,1107,Bolivariana
577023,2021,2021-07-14,06:45,Choque,HERIDO,CALLE 78 CON CARRERA 64 C,6.27699394,-75.57266359,5,Castilla,Inst_4,Terminal de Transporte
519616,2019,2019-11-18,14:20,Choque,SOLO DAÑOS,CALLE 103 D CON CARRERA 49,6.29467406,-75.5550434,2,Santa Cruz,0207,Villa del Socorro
549281,2020,2020-10-14,19:00,Choque,SOLO DAÑOS,CALLE 50 CON CARRERA 63,6.25439574,-75.57831338,11,Laureles Estadio,1102,Suramericana
609649,2022,2022-04-13,08:40,Otro,HERIDO,Calle 95 Con Carrera 40 A,6.28613037,-75.54948473,1,Popular,0106,Villa Guadalupe
499686,2019,2019-06-26,05:45,Atropello,HERIDO,CALLE 67 CON CARRERA 52,6.26422643,-75.56633632,10,La Candelaria,Inst_12,Hospital San Vicente de Paúl
621932,2022,2022-07-28,11:30,Choque,SOLO DAÑOS,Calle 70 Con Carrera 64 C,6.2696323,-75.57618452,5,Castilla,0519,B. Cerro  El Volador
625963,2022,2022-08-28,16:10,Choque,HERIDO,Calle 55  Sur Con Carrera 55 B,6.17520173,-75.63759579,80,Corregimiento de San Antonio de Prado,AUC2,San Antonio de Prado
626858,2022,2022-09-04,12:05,Choque,SOLO DAÑOS,Calle 44 Con Carrera 30,6.23736567,-75.55475427,9,Buenos Aires,0910,La Milagrosa
618534,2022,2022-06-29,13:30,Otro,HERIDO,Calle 64 E Con Carrera 28,,,8,Villa Hermosa,,
693437,2025,2025-05-13,18:15,Choque,HERIDO,Calle 31 B Con Carrera 89 B,6.23420303,-75.61372014,16,Belén,1616,Las Violetas
681630,2024,2024-11-20,00:30,Choque,HERIDO,CL 037 080 B,6.24501645,-75.6018105,11,Laureles Estadio,1109,Las Acacias
604465,2022,2022-03-01,16:50,Choque,HERIDO,Calle 4  Sur Con Carrera 50,6.2033286,-75.58128258,15,Guayabal,1509,Cristo Rey
548774,2020,2020-10-09,12:40,Otro,HERIDO,CALLE 97 A CON CARRERA 81,6.29642405,-75.58238787,6,Doce de Octubre,0606,Picacho
511065,2019,2019-09-18,08:30,Volcamiento,HERIDO,CALLE 114 C CON CARRERA 63,6.30913829,-75.55819818,5,Castilla,0501,Toscana
497024,2019,2019-06-04,06:00,Choque,SOLO DAÑOS,CALLE 38 CON CARRERA 77,6.24540425,-75.59878807,11,Laureles Estadio,1108,Laureles
621503,2022,2022-07-24,22:00,Choque,HERIDO,Calle 68 Con Carrera 37,6.26289719,-75.54878453,3,Manrique,0308,Manrique Oriental
630365,2022,2022-10-02,05:30,Choque,HERIDO,Calle 64 Con Carrera 97 AC,6.28165923,-75.60794666,7,Robledo,0723,Pajarito
646164,2023,2023-05-25,08:30,Otro,HERIDO,Calle 46 Con Carrera 52,6.24756323,-75.57058386,10,La Candelaria,1019,La Candelaria
560279,2021,2021-02-04,12:40,Atropello,HERIDO,CALLE 12 SUR CON CARRERA 48,6.19447072,-75.57843305,14,El Poblado,1423,La Aguacatala
514232,2019,2019-10-10,09:30,Choque,SOLO DAÑOS,CALLE 76 CON CARRERA 50 B,6.27029873,-75.56072327,4,Aranjuez,0414,San Pedro
592831,2021,2021-11-19,19:00,Atropello,HERIDO,CALLE 89 B CON CARRERA 71 A,6.28393088,-75.57821884,5,Castilla,0514,Alfonso López
664700,2024,2024-02-25,11:30,Atropello,HERIDO,Calle 25 Con Carrera 65,6.22662391,-75.58358775,15,Guayabal,1503,Trinidad
480281,2019,2019-01-09,09:30,Choque,SOLO DAÑOS,CALLE 34 CON CARRERA 45,6.23468979,-75.57132282,10,La Candelaria,1012,Perpetuo Socorro
489197,2019,2019-03-27,19:00,Choque,SOLO DAÑOS,CALLE 93 CON CARRERA 49 A,6.28455643,-75.55669485,4,Aranjuez,0401,Berlin
524914,2019,2019-12-26,20:00,Atropello,HERIDO,CALLE 80 CON CARRERA 55,6.2748229,-75.56586676,4,Aranjuez,0405,Moravia
660881,2023,2023-12-18,10:30,Otro,HERIDO,Calle 48 Con Carrera 120 ED,,,13,San Javier,,
640753,2023,2023-03-06,08:30,Choque,HERIDO,Calle 30 Con Carrera 32 A,6.22834243,-75.56150812,9,Buenos Aires,0914,Asomadera No. 1
522072,2019,2019-12-06,16:15,Choque,SOLO DAÑOS,CALLE 55 CON CARRERA 65,6.25866798,-75.58014181,11,Laureles Estadio,1101,Carlos E. Restrepo
483504,2019,2019-02-07,12:00,Atropello,HERIDO,CALLE 56 B CON CARRERA 15,6.24030457,-75.53916792,8,Villa Hermosa,0813,Villatina
570610,2021,2021-05-20,15:30,Caida Ocupante,HERIDO,CALLE 64 AC CON CARRERA 97 AB,6.28252602,-75.60758866,7,Robledo,0723,Pajarito
698579,2025,2025-07-17,10:00,Otro,HERIDO,Calle 95 Con Carrera 74,6.2923968,-75.57758609,6,Doce de Octubre,605,La Esperanza
673119,2024,2024-07-10,00:00,Choque,HERIDO,Carrera 89 Con Calle 40,6.24986871,-75.60909354,12,La América,1210,Barrio Cristóbal
634840,2022,2022-12-02,05:30,Otro,HERIDO,Calle 97 Con Carrera 86,6.29833879,-75.58616115,6,Doce de Octubre,0609,Picachito
616440,2022,2022-06-11,07:00,Choque,SOLO DAÑOS,Calle 61 Con Carrera 45,6.25556321,-75.55889355,8,Villa Hermosa,0803,San Miguel
674381,2024,2024-07-29,12:52,Choque,HERIDO,CR 062 062 074,,,10,La Candelaria,,
494546,2019,2019-05-13,09:40,Atropello,HERIDO,CALLE 30 A CON CARRERA 66 B,6.2324185,-75.58729876,16,Belén,1601,Rosales
574441,2021,2021-06-22,08:50,Choque,SOLO DAÑOS,CALLE 73 CON CARRERA 51 C,6.26833682,-75.56356816,4,Aranjuez,0407,Sevilla
665468,2024,2024-03-08,06:33,Atropello,HERIDO,Calle 104 B Con Carrera 78 B,6.30458639,-75.5769343,6,Doce de Octubre,601,Santander
639052,2023,2023-02-09,00:10,Choque,HERIDO,Calle 75 Con Carrera 64 C,6.27324457,-75.5731657,5,Castilla,0517,Caribe
637195,2023,2023-01-11,01:15,Choque,HERIDO,Calle 48 Con Carrera 63,6.25159371,-75.57924808,11,Laureles Estadio,1102,Suramericana
693059,2025,2025-05-08,21:10,Volcamiento,HERIDO,Calle 73 Con Carrera 39 B,6.2419278,-75.5612375,N/D,N/D,,
504247,2019,2019-08-01,09:00,Choque,SOLO DAÑOS,CALLE 50 E SUR CON CARRERA 75,6.17591928,-75.65264773,80,Corregimiento de San Antonio de Prado,8000,Cabecera San Antonio de Prado
627112,2022,2022-09-06,11:00,Otro,HERIDO,Calle 34 Con Carrera 62,6.24000927,-75.57802309,11,Laureles Estadio,1105,Los Conquistadores
491097,2019,2019-04-12,12:30,Choque,SOLO DAÑOS,CALLE 11 A CON CARRERA 43 A,6.21166037,-75.57003972,14,El Poblado,1418,El Poblado
577032,2021,2021-07-14,08:30,Choque,HERIDO,CALLE 111 B CON CARRERA 69,6.30746811,-75.56843763,5,Castilla,0504,Tejelo
662585,2024,2024-01-25,06:30,Atropello,HERIDO,Calle 56 A Con Carrera 25 A,6.24444432,-75.54548132,8,Villa Hermosa,810,El Pinal
639670,2023,2023-02-18,14:40,Choque,HERIDO,Calle 48 Con Carrera 31,6.24045085,-75.55399489,9,Buenos Aires,0907,Buenos Aires
590807,2021,2021-11-02,21:00,Otro,HERIDO,CALLE 73 CON CARRERA 91 D,6.28402396,-75.59733554,7,Robledo,0716,Palenque
572566,2021,2021-06-06,17:20,Choque,HERIDO,CALLE 50 A CON CARRERA 82,6.26454251,-75.60035066,12,La América,1202,Calasanz Parte Alta
506294,2019,2019-08-14,22:15,Choque,HERIDO,CALLE 110 A CON CARRERA 63 A,6.30227443,-75.55839238,5,Castilla,0507,Héctor Abad Gómez
593995,2021,2021-11-29,07:15,Choque,SOLO DAÑOS,CALLE 81 CON CARRERA 39,6.27269677,-75.54867355,3,Manrique,0304,Santa Inés
592005,2021,2021-11-12,17:30,Atropello,HERIDO,CALLE 49 CON CARRERA 96 A,6.2617814,-75.61033225,13,San Javier,1306,La Pradera
532149,2020,2020-02-22,08:00,Choque,SOLO DAÑOS,CALLE 73 CON CARRERA 73,6.26847755,-75.55981598,4,Aranjuez,0408,San Pedro
545959,2020,2020-09-10,08:50,Choque,HERIDO,CALLE 52 SUR CON CARRERA 66,6.17580701,-75.64711133,80,Corregimiento de San Antonio de Prado,8000,Cabecera San Antonio de Prado
672965,2024,2024-07-07,12:00,Otro,HERIDO,Calle 34 B Con Carrera 110 A,6.24676131,-75.62238962,13,San Javier,1313,El Corazón
671309,2024,2024-06-09,11:57,Otro,HERIDO,Carrera 52 Con Calle 11 A Sur,6.19843372,-75.58958546,15,Guayabal,1511,La Colina
491791,2019,2019-04-19,12:00,Choque,SOLO DAÑOS,CALLE 57 FF CON CARRERA 92 DD,6.27415665,-75.6050135,13,San Javier,1302,Blanquizal
696395,2025,2025-06-19,17:00,Choque,HERIDO,Calle 44 Con Carrera 57,6.2468405,-75.57522156,10,La Candelaria,1007,Guayaquil
489681,2019,2019-04-01,16:10,Atropello,HERIDO,CALLE 52 CON CARRERA 46,6.2492965,-75.564548,10,La Candelaria,1019,La Candelaria
565604,2021,2021-03-24,19:30,Atropello,HERIDO,CALLE 94 CON CARRERA 77,6.29161171,-75.58187656,6,Doce de Octubre,0607,Kennedy
580304,2021,2021-08-09,17:50,Atropello,HERIDO,CALLE 46 CON CARRERA 44,6.24462408,-75.56607273,10,La Candelaria,1013,Barrio Colón
591624,2021,2021-11-09,19:30,Otro,HERIDO,CALLE 64 CON CARRERA 42,6.25712745,-75.55565547,8,Villa Hermosa,0802,La Mansión
597758,2021,2021-12-30,06:00,Choque,HERIDO,CALLE 100 B CON CARRERA 52,6.29384297,-75.56112592,2,Santa Cruz,0210,Santa Cruz
555312,2020,2020-12-12,09:20,Choque,SOLO DAÑOS,CALLE 18 CON CARRERA 23,6.21687292,-75.55626533,14,El Poblado,1408,Altos del Poblado
608234,2022,2022-04-01,16:40,Caida Ocupante,HERIDO,Calle 102 AA Con Carrera 68,6.29632602,-75.5696388,5,Castilla,0509,Girardot
529597,2020,2020-02-04,09:00,Choque,SOLO DAÑOS,CALLE 3 SUR CON CARRERA 51,6.20520526,-75.58438729,15,Guayabal,1509,Cristo Rey
639439,2023,2023-02-15,08:00,Otro,HERIDO,Calle 66 A Con Carrera 80,6.27341491,-75.59308412,7,Robledo,Inst_5,Facultad de Minas U. Nacional
675621,2024,2024-08-17,00:00,Atropello,HERIDO,Calle 60 Con Carrera 74,6.26647563,-75.5880517,7,Robledo,703,San Germán
614604,2022,2022-05-25,21:07,Choque,HERIDO,Calle 42 B Con Carrera 117 A,6.25633101,-75.62767202,13,San Javier,1316,El Salado
507859,2019,2019-08-26,15:50,Choque,SOLO DAÑOS,CALLE 44 CON CARRERA 52,6.24520865,-75.57255081,10,La Candelaria,Inst_17,Centro Administrativo
695281,2025,2025-06-06,07:40,Choque,HERIDO,Calle 49 Con Carrera 70,6.25737057,-75.58655368,11,Laureles Estadio,1102,Suramericana
578592,2021,2021-07-26,13:00,Choque,SOLO DAÑOS,CALLE 4 SUR CON CARRERA 48,6.20282469,-75.57731639,14,El Poblado,1422,La Aguacatala
499763,2019,2019-06-26,16:00,Otro,HERIDO,CALLE 86 CON CARRERA 44,6.27857895,-75.55204126,3,Manrique,0302,Las Granjas
528752,2020,2020-01-29,07:00,Choque,SOLO DAÑOS,CALLE 31 CON CARRERA 76,6.23283426,-75.59631819,16,Belén,1603,Belén
501429,2019,2019-07-11,11:40,Choque,SOLO DAÑOS,CALLE 14 CON CARRERA 48 A,6.2150935,-75.57723631,14,El Poblado,1403,Villa Carlota
505224,2019,2019-08-07,13:00,Caida Ocupante,HERIDO,CALLE 92 CON CARRERA 62,,,4,Aranjuez,Sin inf,Sin inf
657267,2023,2023-10-27,12:45,Choque,HERIDO,Calle 32 F Con Carrera 81,6.2381448,-75.60308952,11,Laureles Estadio,1110,La Castellana
668649,2024,2024-04-26,07:20,Choque,HERIDO,Carrera 37 Con Calle 55,6.24780261,-75.55646415,10,La Candelaria,1016,Boston
668138,2024,2024-04-18,16:05,Otro,HERIDO,Carrera 43 A Con Calle 34,6.23458467,-75.57008222,10,La Candelaria,1020,San Diego
641493,2023,2023-03-16,19:45,Atropello,HERIDO,Calle 58 Con Carrera 64,6.2611776,-75.57398218,7,Robledo,Inst_8,Universidad Nacional
579137,2021,2021-07-30,16:10,Atropello,HERIDO,TRAMO 18 CON KILOMETRO 0,,,80,Corregimiento de San Antonio de Prado,,
609551,2022,2022-04-12,12:40,Choque,HERIDO,Calle 67 Con Carrera 52,6.26427615,-75.56638867,10,La Candelaria,Inst_12,Hospital San Vicente de Paúl
569304,2021,2021-05-08,06:30,Choque,HERIDO,CALLE 90 CON CARRERA 80,6.28699087,-75.58424156,7,Robledo,0710,Kennedy
540254,2020,2020-06-25,21:30,Otro,HERIDO,CALLE 43 CON CARRERA 68 A,6.24823091,-75.58683142,11,Laureles Estadio,1104,San Joaquín
602711,2022,2022-02-16,09:30,Choque,HERIDO,Calle 10 Con Carrera 30 A,6.2089409,-75.55968471,14,El Poblado,1406,Las Lomas No.1
648423,2023,2023-06-23,17:20,Otro,HERIDO,Calle 107 B Con Carrera 29 A,6.29621225,-75.54115511,1,Popular,0101,Santo Domingo Savio No. 1
586048,2021,2021-09-24,13:00,Otro,HERIDO,CALLE 70 CON CARRERA 37,6.26468209,-75.54812559,3,Manrique,0308,Manrique Oriental
629170,2022,2022-09-22,08:10,Choque,SOLO DAÑOS,Calle 94 Con Carrera 53,6.28607928,-75.56303296,4,Aranjuez,0403,Palermo
497613,2019,2019-06-08,13:00,Choque,SOLO DAÑOS,CALLE 30 CON CARRERA 78,6.2313019,-75.59816969,16,Belén,1603,Belén
694924,2025,2025-06-01,15:00,Otro,HERIDO,Via 12 Con Kilometro 45,,,N/D,N/D,,
503409,2019,2019-07-25,16:50,Choque,SOLO DAÑOS,CALLE 29 CON CARRERA 83,6.23009793,-75.60537093,16,Belén,1615,Los Alpes
650179,2023,2023-07-18,21:45,Choque,HERIDO,Calle 49 Con Carrera 42,6.24570847,-75.56231316,10,La Candelaria,1015,Bomboná No. 1
578745,2021,2021-07-27,17:55,Choque,SOLO DAÑOS,CALLE 37 CON CARRERA 62,6.23119464,-75.57527306,14,El Poblado,1401,Barrio Colombia
635050,2022,2022-12-04,19:20,Choque,HERIDO,Calle 37 Con Carrera 55,6.23981003,-75.57599242,10,La Candelaria,Inst_16,La Alpujarra
537879,2020,2020-05-22,19:00,Choque,SOLO DAÑOS,CALLE 36 CON CARRERA 94,6.25000471,-75.61493264,13,San Javier,1311,Belencito
506110,2019,2019-08-13,16:30,Choque,SOLO DAÑOS,CALLE 54 CON CARRERA 43,6.24999563,-75.56141515,10,La Candelaria,1019,La Candelaria
577055,2021,2021-07-14,10:10,Choque,SOLO DAÑOS,CALLE 30 CON CARRERA 69,6.23146117,-75.58926915,15,Guayabal,Inst_19,Parque Juan Pablo II
609976,2022,2022-04-17,18:30,Caida Ocupante,HERIDO,Calle 68 Con Carrera 30,6.26179747,-75.54364993,3,Manrique,0309,Versalles No. 1
698269,2025,2025-07-13,08:06,Choque,HERIDO,Calle 95 Con Carrera 68,6.28693164,-75.60153146,7,Robledo,724,Monteclaro
677120,2024,2024-09-09,02:00,Volcamiento,HERIDO,CR 103 048,,,13,San Javier,,
564554,2021,2021-03-15,07:30,Choque,SOLO DAÑOS,CALLE 55 CON CARRERA 57,6.25684564,-75.57269527,10,La Candelaria,1006,San Benito
679028,2024,2024-10-09,05:00,Volcamiento,HERIDO,CR 046 C 113,,,5,Castilla,,
586645,2021,2021-09-29,15:00,Choque,SOLO DAÑOS,CALLE 112 A CON CARRERA 67,6.30744183,-75.56502988,5,Castilla,0505,Tejelo
546600,2020,2020-09-17,14:50,Choque,HERIDO,CALLE 67 CON CARRERA 50 B,6.26383003,-75.561782,4,Aranjuez,0408,Prado
581059,2021,2021-08-15,13:40,Atropello,HERIDO,CALLE 52 CON CARRERA 62,6.2560591,-75.57542348,10,La Candelaria,1006,San Benito
644480,2023,2023-05-03,15:05,Atropello,HERIDO,Calle 19 Con Carrera 80 B,6.2243798,-75.60161637,16,Belén,1612,La Gloria
480895,2019,2019-01-15,16:40,Atropello,HERIDO,CALLE 57 CON CARRERA 23,6.24885788,-75.54328137,8,Villa Hermosa,0807,Los Mangos
535424,2020,2020-03-19,11:30,Otro,HERIDO,CALLE 4 CON CARRERA 49,6.20914658,-75.57938411,15,Guayabal,1507,Campo Amor
685380,2025,2025-01-29,12:55,Choque,HERIDO,Calle 105 Con Carrera 64 C,,,5,Castilla,,
633887,2022,2022-11-18,04:05,Choque,HERIDO,Calle 103 Con Carrera 64 C,6.29768239,-75.56663576,5,Castilla,0509,Girardot
511711,2019,2019-09-22,10:40,Atropello,HERIDO,CALLE 46 CON CARRERA 51,6.24728677,-75.56977401,10,La Candelaria,1019,La Candelaria
649395,2023,2023-07-07,00:00,Otro,HERIDO,Calle 30 Con Carrera 51,6.23188079,-75.57442636,10,La Candelaria,1012,Perpetuo Socorro
484713,2019,2019-02-16,19:51,Choque,SOLO DAÑOS,CALLE 70 CON CARRERA 104,6.29020491,-75.59997323,7,Robledo,0724,Monteclaro
672027,2024,2024-06-20,19:15,Otro,HERIDO,CL 065 082,,,7,Robledo,,
563875,2021,2021-03-08,12:10,Choque,SOLO DAÑOS,CALLE 10 CON CARRERA 43 C,6.21116221,-75.57195143,14,El Poblado,1419,Manila
577608,2021,2021-07-18,14:00,Otro,HERIDO,CALLE 70 D CON CARRERA 103,6.29020491,-75.59997323,7,Robledo,0724,Monteclaro
660203,2023,2023-12-09,00:30,Atropello,HERIDO,Calle 63 Con Carrera 80,6.27777639,-75.57295482,5,Castilla,Inst_4,Terminal de Transporte
654701,2023,2023-09-22,06:25,Choque,HERIDO,Calle 104 A Con Carrera 67,6.30217332,-75.56710676,5,Castilla,0504,Boyacá
539296,2020,2020-06-12,18:50,Choque,HERIDO,CALLE 56 CON CARRERA 35,6.24715468,-75.55394182,8,Villa Hermosa,0809,Sucre
639051,2023,2023-02-08,23:01,Volcamiento,HERIDO,Calle 104 Con Carrera 83,6.30557937,-75.58181932,6,Doce de Octubre,0602,Doce de Octubre No.1
654402,2023,2023-09-17,20:15,Otro,HERIDO,Calle 63 Con Carrera 127,6.27974194,-75.63246441,60,Corregimiento de San Cristóbal,6000,Cabecera Urbana San Cristobal
696887,2025,2025-06-26,00:40,Choque,HERIDO,Calle 20 Con Carrera 65,6.22280366,-75.58445436,15,Guayabal,1504,Santa Fé
627292,2022,2022-09-07,18:00,Choque,SOLO DAÑOS,Circular 1 Con Transversal 74,6.24298894,-75.59189386,11,Laureles Estadio,1107,Bolivariana
487909,2019,2019-03-16,05:50,Choque,MUERTO,CALLE 75 CON CARRERA 64 C,6.27324457,-75.5731657,5,Castilla,0517,Caribe
512380,2019,2019-09-27,06:15,Choque,HERIDO,CALLE 29 CON CARRERA 37,6.2269845,-75.56400727,9,Buenos Aires,0914,Asomadera No. 1
601064,2022,2022-02-03,05:07,Choque,HERIDO,Calle 14 Con Carrera 50,6.21701726,-75.57826529,15,Guayabal,1507,Santa Fé
489277,2019,2019-03-28,15:00,Choque,SOLO DAÑOS,CALLE 44 CON CARRERA 51,6.24480598,-75.57078042,10,La Candelaria,1007,Guayaquil
598140,2022,2022-01-03,13:40,Choque,SOLO DAÑOS,Calle 25 Con Carrera 65 B,6.22657536,-75.58449445,15,Guayabal,1503,Trinidad
632212,2022,2022-10-25,15:20,Atropello,HERIDO,Calle 45 Con Carrera 53,6.24650511,-75.57209079,10,La Candelaria,1007,Guayaquil
685276,2025,2025-01-27,19:30,Choque,HERIDO,Calle 62 Con Carrera 56 A,6.26170761,-75.57118993,10,La Candelaria,1004,El Chagualo
697199,2025,2025-06-30,05:00,Volcamiento,HERIDO,Calle 45 Con Carrera 15,6.23156993,-75.54427629,9,Buenos Aires,904,Los Cerros El Vergel
684991,2025,2025-01-23,18:18,Otro,HERIDO,Calle 55 Con Carrera 66,,,11,Laureles Estadio,,
657866,2023,2023-11-04,13:00,Otro,HERIDO,Calle 67 Con Carrera 52,6.26427615,-75.56638867,10,La Candelaria,Inst_12,Hospital San Vicente de Paúl
656109,2023,2023-10-11,13:50,Choque,HERIDO,Calle 20 A Con Carrera 80,6.22568686,-75.60037402,16,Belén,1612,La Gloria
641138,2023,2023-03-11,09:20,Otro,HERIDO,Calle 65 Con Carrera 62,,,10,La Candelaria,,
516847,2019,2019-10-29,06:30,Caida Ocupante,HERIDO,CALLE 24 CON CARRERA 57,6.22573572,-75.58133176,15,Guayabal,1503,Santa Fé
605310,2022,2022-03-08,17:00,Atropello,HERIDO,Calle 45 Con Carrera 100,6.25741472,-75.6156649,13,San Javier,1309,San Javier No.1
490409,2019,2019-04-06,22:00,Otro,HERIDO,CALLE 94 CON CARRERA 63,6.28804489,-75.57117403,5,Castilla,0511,Castilla
695954,2025,2025-06-14,08:40,Otro,HERIDO,Calle 45 E Con Carrera 80 A,6.25411174,-75.59954207,12,La América,1205,La Floresta
565883,2021,2021-03-27,14:00,Caida Ocupante,HERIDO,CALLE 58 C CON CARRERA 132,6.27487846,-75.63550513,60,Corregimiento de San Cristóbal,6014,Suburbano La Loma
536181,2020,2020-04-15,13:15,Choque,HERIDO,CALLE 110 CON CARRERA 64 C,6.30453917,-75.55788488,5,Castilla,0501,Toscana
500623,2019,2019-07-04,14:10,Choque,SOLO DAÑOS,CALLE 45 B CON CARRERA 84,6.25390787,-75.60297044,12,La América,1205,La Floresta
481552,2019,2019-01-21,14:57,Choque,SOLO DAÑOS,CALLE 52 CON CARRERA 46,6.2492965,-75.564548,10,La Candelaria,1019,La Candelaria
563795,2021,2021-03-07,20:30,Choque,HERIDO,CALLE 47 CON CARRERA 65,6.25272113,-75.58600738,11,Laureles Estadio,1103,Naranjal
603877,2022,2022-02-25,07:58,Choque,SOLO DAÑOS,Calle 35 Con Carrera 81,6.24310531,-75.60295388,11,Laureles Estadio,1110,La Castellana
637026,2023,2023-01-07,18:00,Otro,HERIDO,Calle 53 Con Carrera 45,6.24960584,-75.56303486,10,La Candelaria,1019,La Candelaria
492880,2019,2019-04-30,06:10,Caida Ocupante,HERIDO,CALLE 106 CON CARRERA 82,6.30745808,-75.57892089,6,Doce de Octubre,0602,Doce de Octubre No.1
658835,2023,2023-11-19,04:00,Atropello,HERIDO,Calle 14 Con Carrera 70,6.2204629,-75.59248999,16,Belén,1606,Las Playas
597172,2021,2021-12-24,01:45,Choque,SOLO DAÑOS,CALLE 72 CON CARRERA 44,6.26726324,-75.55383255,3,Manrique,0306,El Pomar
587577,2021,2021-10-06,12:15,Choque,SOLO DAÑOS,CALLE 58 CON CARRERA 36 A,6.24961153,-75.55440023,10,La Candelaria,1016,Boston
511562,2019,2019-09-21,07:40,Choque,SOLO DAÑOS,CALLE 28 CON CARRERA 79,6.23053602,-75.60062836,16,Belén,1614,La Palma
541748,2020,2020-07-13,22:30,Choque,SOLO DAÑOS,CALLE 48 DD CON CARRERA 99 B,6.26274982,-75.61378472,13,San Javier,1306,La Pradera
642003,2023,2023-03-25,17:33,Choque,HERIDO,Calle 45 Con Carrera 30,6.23792634,-75.55445966,9,Buenos Aires,0907,La Milagrosa
486937,2019,2019-03-07,12:50,Choque,SOLO DAÑOS,CALLE 6 SUR CON CARRERA 52,6.20336026,-75.58560136,15,Guayabal,1510,Guayabal
641677,2023,2023-03-20,01:20,Atropello,HERIDO,Calle 58 Con Carrera 57,6.26035459,-75.57318834,10,La Candelaria,1004,El Chagualo
532439,2020,2020-02-24,15:20,Choque,HERIDO,CALLE 67 CON CARRERA 51,6.2638241,-75.56341394,10,La Candelaria,Inst_12,Hospital San Vicente de Paúl
682434,2024,2024-12-03,16:30,Otro,HERIDO,CR 002 055 FF 044,,,8,Villa Hermosa,,
523763,2019,2019-12-18,10:40,Choque,SOLO DAÑOS,CALLE 16 A SUR CON CARRERA 48,6.19031648,-75.58048799,14,El Poblado,1423,Santa María de los Ángeles
657864,2023,2023-11-04,13:00,Choque,HERIDO,Calle 51 Con Carrera 64 C,6.25626709,-75.58008212,11,Laureles Estadio,1101,Carlos E. Restrepo
649311,2023,2023-07-05,18:30,Atropello,HERIDO,Calle 76 Con Carrera 40,6.26983783,-75.55038166,3,Manrique,0303,Campo Valdés No. 2
634484,2022,2022-11-26,20:30,Choque,SOLO DAÑOS,Calle 3 C Con Carrera 78 C,6.21454793,-75.6028694,16,Belén,1610,El Rincón
526136,2020,2020-01-08,17:20,Choque,SOLO DAÑOS,CALLE 58 CON CARRERA 48,6.25499811,-75.56292942,10,La Candelaria,1018,Villa Nueva
481437,2019,2019-01-20,10:30,Volcamiento,HERIDO,CALLE 65 CON CARRERA 60,,,7,Robledo,Sin inf,Sin inf
572752,2021,2021-06-08,10:30,Volcamiento,HERIDO,CALLE 69 CON CARRERA 28,6.26350797,-75.54256004,3,Manrique,0309,Versalles No. 1
603617,2022,2022-02-23,07:20,Choque,HERIDO,Calle 50 A Con Carrera 83,6.26533311,-75.60120049,12,La América,1213,Calasanz Parte Alta
615377,2022,2022-06-01,17:30,Choque,SOLO DAÑOS,Calle 49 E Con Carrera 86,6.2642244,-75.60360467,12,La América,1213,Calasanz Parte Alta
524596,2019,2019-12-24,08:10,Caida Ocupante,HERIDO,CALLE 45 CON CARRERA 31,6.23826265,-75.55499147,9,Buenos Aires,0910,La Milagrosa
602795,2022,2022-02-16,19:30,Otro,HERIDO,Calle 67 Con Carrera 64 C,6.26572662,-75.57502301,5,Castilla,0517,Caribe
498636,2019,2019-06-16,21:00,Atropello,HERIDO,CALLE 103 CON CARRERA 71,6.29931368,-75.57112142,6,Doce de Octubre,0604,Pedregal
518733,2019,2019-11-12,06:30,Choque,SOLO DAÑOS,CALLE 10 SUR CON CARRERA 48,6.19733551,-75.57862475,14,El Poblado,1422,La Aguacatala
534086,2020,2020-03-07,15:30,Choque,SOLO DAÑOS,CALLE 41 CON CARRERA 51,6.24189702,-75.57173513,10,La Candelaria,1011,Calle Nueva
632558,2022,2022-10-30,03:32,Choque,HERIDO,Calle 78 A Con Carrera 95,6.28979239,-75.59533762,7,Robledo,0713,Aures No.1
504441,2019,2019-08-02,13:30,Choque,HERIDO,CALLE 47 CON CARRERA 39,6.24280285,-75.56107999,10,La Candelaria,1015,Bomboná No. 1
589181,2021,2021-10-19,15:00,Atropello,HERIDO,CALLE 25 CON CARRERA 80,6.22690415,-75.60158733,16,Belén,1605,La Gloria
569830,2021,2021-05-13,17:15,Atropello,HERIDO,CALLE 58 CON CARRERA 65,6.25942186,-75.58069004,7,Robledo,0725,Nueva Villa de la Iguaná
521291,2019,2019-12-01,23:00,Caida Ocupante,HERIDO,CALLE 94 CON CARRERA 74,6.2904307,-75.57831934,6,Doce de Octubre,0605,La Esperanza
479826,2019,2019-01-03,16:55,Otro,HERIDO,CALLE 100 CON CARRERA 48,6.2914345,-75.55471274,2,Santa Cruz,0209,Moscú No. 1
540707,2020,2020-07-01,15:40,Choque,HERIDO,CALLE 44 CON CARRERA 50,6.24441316,-75.56983257,10,La Candelaria,1007,Guayaquil
554814,2020,2020-12-07,20:30,Choque,SOLO DAÑOS,CALLE 4 CON CARRERA 52,6.21046307,-75.58466291,15,Guayabal,1507,Campo Amor
527995,2020,2020-01-23,07:30,Caida Ocupante,HERIDO,CALLE 104 CON CARRERA 64 C,6.30339931,-75.56155025,5,Castilla,0502,Las Brisas
493587,2019,2019-05-06,11:10,Choque,HERIDO,CALLE 1 A SUR CON CARRERA 43 A,6.20282018,-75.571991,14,El Poblado,1421,Patio Bonito
536758,2020,2020-05-02,11:30,Choque,HERIDO,CALLE 42 CON CARRERA 36 A,6.23962627,-75.56039606,9,Buenos Aires,0911,Gerona
597532,2021,2021-12-27,16:50,Choque,HERIDO,CALLE 103 CON CARRERA 44 A,6.29245,-75.55103366,2,Santa Cruz,0209,Moscú No. 1
617502,2022,2022-06-20,05:50,Choque,HERIDO,Calle 30 Con Carrera 65,6.23193333,-75.58282281,16,Belén,1601,Fátima
504061,2019,2019-07-30,16:30,Choque,SOLO DAÑOS,CALLE 2 B SUR CON CARRERA 32,6.20040372,-75.56452485,14,El Poblado,1410,Los Naranjos
485676,2019,2019-02-24,18:20,Volcamiento,SOLO DAÑOS,CALLE 5 SUR CON CARRERA 25,6.19224221,-75.55970853,14,El Poblado,1410,Los Balsos No.1
553094,2020,2020-11-22,22:00,Caida Ocupante,HERIDO,CALLE 29 CON CARRERA 43 A,6.22759476,-75.56945514,14,El Poblado,1401,Barrio Colombia
496255,2019,2019-05-27,15:30,Atropello,HERIDO,CALLE 50 CON CARRERA 36,6.24373502,-75.55664452,9,Buenos Aires,0906,Barrio Caicedo
505459,2019,2019-08-09,08:00,Volcamiento,HERIDO,CALLE 10 CON CARRERA 25,6.20792361,-75.55488044,14,El Poblado,1409,Altos del Poblado
693055,2025,2025-05-08,19:48,Atropello,HERIDO,Calle 26 A Con Carrera 70,6.22902734,-75.59087806,15,Guayabal,Inst_19,Parque Juan Pablo II
590461,2021,2021-10-30,00:40,Caida Ocupante,HERIDO,CALLE 25 CON CARRERA 52,6.22592655,-75.57845009,15,Guayabal,1503,Trinidad
629749,2022,2022-09-27,13:40,Choque,HERIDO,Calle 2 B Con Carrera 79,6.21261887,-75.60266597,16,Belén,1610,El Rincón
652433,2023,2023-08-20,14:05,Choque,HERIDO,Calle 67 Con Carrera 64 C,6.26569446,-75.57490435,5,Castilla,0517,Caribe
552042,2020,2020-11-12,08:00,Atropello,HERIDO,CALLE 47 E CON CARRERA 99 A,6.25872796,-75.61444574,13,San Javier,1308,San Javier No.2
483888,2019,2019-02-10,17:00,Choque,SOLO DAÑOS,CALLE 107 CON CARRERA 49 A,6.2975525,-75.55391779,2,Santa Cruz,0206,Andalucía
573908,2021,2021-06-17,21:00,Atropello,HERIDO,CALLE 104 CON CARRERA 76,6.30271262,-75.57425466,6,Doce de Octubre,0604,Pedregal
634048,2022,2022-11-20,04:17,Choque,HERIDO,Calle 57 Con Carrera 50,6.25512813,-75.56480894,10,La Candelaria,1018,Villa Nueva
498185,2019,2019-06-13,12:50,Choque,HERIDO,CALLE 104 CON CARRERA 76,6.30271262,-75.57425466,6,Doce de Octubre,0604,Pedregal
558456,2021,2021-01-18,13:40,Choque,SOLO DAÑOS,CALLE 45 CON CARRERA 63,6.23965413,-75.57718102,10,La Candelaria,Inst_16,La Alpujarra
639942,2023,2023-02-22,23:50,Otro,HERIDO,Calle 49 Con Carrera 62,6.25154711,-75.57915609,11,Laureles Estadio,1102,Suramericana
653214,2023,2023-08-31,18:58,Atropello,HERIDO,Calle 64 Con Carrera 80,6.27777639,-75.57295482,5,Castilla,Inst_4,Terminal de Transporte
695848,2025,2025-06-13,07:01,Atropello,HERIDO,Calle 89 Con Carrera 52 C,6.28124757,-75.56464307,4,Aranjuez,404,Bermejal-Los Álamos
582916,2021,2021-08-30,20:30,Choque,SOLO DAÑOS,CALLE 9 A CON CARRERA 70,6.2178199,-75.59299044,16,Belén,1606,Las Playas
669092,2024,2024-05-03,18:40,Choque,HERIDO,Carrera 49 Con Calle 28,6.22960141,-75.57619025,15,Guayabal,1504,Santa Fé
648636,2023,2023-06-26,08:50,Otro,HERIDO,Calle 44 Con Carrera 95,6.25506128,-75.61219088,12,La América,1208,Campo Alegre
633553,2022,2022-11-12,18:23,Choque,HERIDO,Calle 110 Con Carrera 46,6.29955805,-75.54925647,1,Popular,0103,La Francia
614668,2022,2022-05-26,13:30,Choque,HERIDO,Calle 10 Con Carrera 49,6.21362121,-75.57760421,14,El Poblado,1419,Manila
555413,2020,2020-12-13,06:20,Choque,HERIDO,CALLE 67 CON CARRERA 64 C,6.26572662,-75.57502301,5,Castilla,0517,Caribe
683144,2024,2024-12-14,11:19,Atropello,HERIDO,CR  045 A  084  030 00000,6.27665059,-75.55393378,4,Aranjuez,410,Campo Valdés No.1
537876,2020,2020-05-22,18:20,Choque,SOLO DAÑOS,CALLE 104 CON CARRERA 67,6.30102582,-75.56729436,5,Castilla,0509,Tejelo
508692,2019,2019-09-01,17:55,Choque,SOLO DAÑOS,CALLE 79 CON CARRERA 83,6.28299821,-75.5860041,7,Robledo,0711,El Diamante
682520,2024,2024-12-04,23:46,Choque,HERIDO,CL 030 080,6.23108786,-75.60064103,16,Belén,1614,La Palma
697352,2025,2025-07-02,09:10,Otro,HERIDO,Calle 97 Con Carrera 73,6.29463009,-75.57531678,6,Doce de Octubre,605,La Esperanza
670881,2024,2024-06-01,10:30,Caida Ocupante,HERIDO,Transversal 78 B Con Carrera 67,6.2749495,-75.57768613,5,Castilla,519,El Progreso
601393,2022,2022-02-05,12:30,Choque,SOLO DAÑOS,Calle 31 Con Carrera 50,6.23296789,-75.57431359,10,La Candelaria,1012,Perpetuo Socorro
606239,2022,2022-03-15,22:00,Otro,HERIDO,Calle 11 A Sur Con Carrera 52,6.19843372,-75.58958546,15,Guayabal,1511,La Colina
513356,2019,2019-10-03,21:00,Otro,HERIDO,CALLE 25 CON CARRERA 52,6.22592655,-75.57845009,15,Guayabal,1503,Trinidad
560265,2021,2021-02-04,11:15,Choque,HERIDO,CALLE 29 CON CARRERA 33,6.22593622,-75.56111165,9,Buenos Aires,0914,Asomadera No. 1
485933,2019,2019-02-27,06:30,Choque,HERIDO,CALLE 106 CON CARRERA 64 C,6.30098086,-75.55881408,5,Castilla,0507,Héctor Abad Gómez
540557,2020,2020-06-29,22:00,Choque,SOLO DAÑOS,CALLE 57 CON CARRERA 46,6.25340368,-75.56238211,10,La Candelaria,1018,Villa Nueva
577443,2021,2021-07-17,06:00,Choque,HERIDO,CALLE 55 SUR CON CARRERA 65,6.17442891,-75.64889747,80,Corregimiento de San Antonio de Prado,8000,Cabecera San Antonio de Prado
570450,2021,2021-05-19,06:30,Caida Ocupante,HERIDO,CALLE 106 CON CARRERA 65,6.30276804,-75.56511307,5,Castilla,0505,Boyacá
655719,2023,2023-10-05,13:30,Otro,HERIDO,Calle 5 A Sur Con Carrera 88,,,16,Belén,,
660759,2023,2023-12-16,20:14,Choque,HERIDO,Calle 96 Con Carrera 83,6.29510612,-75.58353153,6,Doce de Octubre,0608,Picacho
601618,2022,2022-02-07,08:30,Otro,HERIDO,Calle 51 Con Carrera 74,6.26100661,-75.59006278,11,Laureles Estadio,1115,Cuarta Brigada
648905,2023,2023-06-30,14:30,Atropello,HERIDO,Calle 30 A Con Carrera 55,6.23294737,-75.57947169,15,Guayabal,1502,Tenche
623895,2022,2022-08-11,23:50,Choque,HERIDO,Calle 58 Con Carrera 47,6.25459818,-75.56231939,10,La Candelaria,1001,Villa Nueva
619601,2022,2022-07-08,23:20,Choque,HERIDO,Calle 44 B Con Carrera 80,6.25213872,-75.60164192,12,La América,1203,Los Pinos
668507,2024,2024-04-24,07:00,Volcamiento,HERIDO,Carrera 49 Con Calle 4  Sur,6.20378337,-75.57914215,14,El Poblado,1422,La Aguacatala
514134,2019,2019-10-09,14:10,Choque,SOLO DAÑOS,CALLE 44 CON CARRERA 79 D,6.25062781,-75.60166325,12,La América,1203,Los Pinos
549200,2020,2020-10-14,05:20,Choque,SOLO DAÑOS,CALLE 59 CON CARRERA 55 A,6.25732651,-75.56916593,10,La Candelaria,1005,Estación Villa
483916,2019,2019-02-11,07:05,Choque,HERIDO,CALLE 100 A CON CARRERA 64 C,6.2950363,-75.56736208,5,Castilla,0510,Tricentenario
509947,2019,2019-09-10,13:30,Choque,SOLO DAÑOS,CALLE 72 CON CARRERA 80,,,7,Robledo,Sin inf,Sin inf
566658,2021,2021-04-05,19:35,Atropello,HERIDO,CALLE 93 CON CARRERA 31,6.28475313,-75.54277152,3,Manrique,0314,San José la Cima No. 1
552644,2020,2020-11-18,19:10,Caida Ocupante,HERIDO,CALLE 34 CON CARRERA 49,6.23596968,-75.57246839,10,La Candelaria,1012,Perpetuo Socorro
503849,2019,2019-07-29,08:40,Choque,HERIDO,CALLE 2 B CON CARRERA 80,6.21204335,-75.60359803,16,Belén,1610,El Rincón
655688,2023,2023-10-05,06:39,Choque,HERIDO,Calle 9  Sur Con Carrera 48,6.19724512,-75.57802492,14,El Poblado,1422,La Aguacatala
649625,2023,2023-07-10,17:30,Atropello,HERIDO,Calle 109 Con Carrera 51,6.30042326,-75.55552761,2,Santa Cruz,0205,La Francia
489501,2019,2019-03-30,18:50,Choque,HERIDO,CALLE 57 CON CARRERA 52,6.2562824,-75.56784141,10,La Candelaria,1005,Estación Villa
525926,2020,2020-01-06,21:30,Choque,HERIDO,CALLE 44 CON CARRERA 73,6.24957616,-75.59226188,11,Laureles Estadio,1107,Lorena
575961,2021,2021-07-05,06:30,Choque,SOLO DAÑOS,CALLE 25 A CON CARRERA 65 G,6.2249253,-75.58766702,15,Guayabal,1503,Trinidad
623720,2022,2022-08-10,13:20,Choque,SOLO DAÑOS,Calle 11 Con Carrera 43,6.21282336,-75.57004262,14,El Poblado,1419,Manila
574238,2021,2021-06-20,17:10,Choque,HERIDO,CALLE 97 CON CARRERA 46,6.28845716,-75.55341108,1,Popular,0106,Villa Guadalupe
633255,2022,2022-11-08,14:40,Caida Ocupante,HERIDO,Tramo 7 Con Kilometro 2,,,90,Corregimiento de Santa Elena,,
497330,2019,2019-06-06,11:30,Choque,HERIDO,CALLE 25 CON CARRERA 80,6.22712224,-75.60180166,16,Belén,1614,San Bernardo
656471,2023,2023-10-17,09:30,Otro,HERIDO,Calle 50 Con Carrera 74,6.26047921,-75.59012075,11,Laureles Estadio,1115,Cuarta Brigada
481985,2019,2019-01-24,21:00,Caida Ocupante,HERIDO,CALLE 117 CON CARRERA 50 A,6.30352812,-75.55317654,2,Santa Cruz,0203,Pablo VI
527892,2020,2020-01-22,10:50,Choque,SOLO DAÑOS,CALLE 101 B CON CARRERA 78,6.30183138,-75.57856338,6,Doce de Octubre,0603,Doce de Octubre No.2
662196,2024,2024-01-19,07:30,Otro,HERIDO,CL 031 B 091 O 092,,,16,Belén,,
549985,2020,2020-10-22,05:30,Volcamiento,HERIDO,CALLE 99 CON CARRERA 48,6.2905094,-75.55501762,2,Santa Cruz,0209,Moscú No. 1
551044,2020,2020-11-01,20:00,Choque,SOLO DAÑOS,CALLE 104 CON CARRERA 37 AA,6.29259692,-75.54654759,1,Popular,0104,Granizal
608482,2022,2022-04-03,20:30,Otro,HERIDO,Calle 58 Con Carrera 35,6.24913864,-75.55295728,8,Villa Hermosa,0808,Enciso
533852,2020,2020-03-05,18:10,Choque,SOLO DAÑOS,CALLE 30 CON CARRERA 53,6.23166867,-75.57799397,15,Guayabal,1502,Tenche
519313,2019,2019-11-16,09:10,Choque,HERIDO,CALLE 9 CON CARRERA 32 D,6.2075783,-75.56390614,14,El Poblado,1418,Las Lomas No.1
522939,2019,2019-12-12,16:40,Choque,SOLO DAÑOS,CALLE 33 A CON CARRERA 80 C,6.23406169,-75.59989976,16,Belén,1619,Miravalle
629163,2022,2022-09-22,07:30,Choque,HERIDO,Calle 40 A Con Carrera 55,6.24184347,-75.57526596,10,La Candelaria,1011,Calle Nueva
561752,2021,2021-02-17,19:00,Otro,HERIDO,CALLE 6 CON CARRERA 28,6.20395033,-75.55916461,14,El Poblado,1409,El Tesoro
519912,2019,2019-11-20,14:00,Choque,SOLO DAÑOS,CALLE 56 CON CARRERA 56,6.24624109,-75.55245295,8,Villa Hermosa,0809,Sucre
636808,2023,2023-01-03,12:00,Otro,HERIDO,Calle 73 Con Carrera 80,6.24809238,-75.59939318,11,Laureles Estadio,1111,Lorena
485324,2019,2019-02-21,16:10,Choque,HERIDO,CALLE 44 CON CARRERA 59,6.2471508,-75.57761469,10,La Candelaria,1008,Corazón de Jesús
545180,2020,2020-09-02,06:15,Otro,HERIDO,CALLE 75 D CON CARRERA 31,6.2682281,-75.54400236,3,Manrique,0305,El Raizal
680789,2024,2024-11-05,16:38,Choque,HERIDO,CL 016 029,6.21486147,-75.55944186,9,Buenos Aires,915,Asomadera No.2
500570,2019,2019-07-03,20:00,Volcamiento,HERIDO,CALLE 71 A CON CARRERA 36,6.26669013,-75.5477897,3,Manrique,0308,Manrique Oriental
569755,2021,2021-05-13,05:30,Otro,HERIDO,CALLE 58 CON CARRERA 57,6.25749428,-75.5710408,10,La Candelaria,1005,Estación Villa
687638,2025,2025-02-28,19:20,Otro,HERIDO,Calle 95 Con Carrera 79 A,6.29321239,-75.58283759,6,Doce de Octubre,608,Picacho
527621,2020,2020-01-20,21:30,Atropello,HERIDO,CALLE 98 CON CARRERA 50,6.29041121,-75.55774675,2,Santa Cruz,0211,La Rosa
697315,2025,2025-07-01,17:20,Atropello,HERIDO,Calle 74 Con Carrera 65,6.2727912,-75.57514364,5,Castilla,519,El Progreso
600420,2022,2022-01-28,09:40,Choque,HERIDO,Calle 37 Con Avenida 80,,,11,Laureles Estadio,,
671073,2024,2024-06-04,17:00,Otro,HERIDO,Carrera 21 Con Calle 36,6.22857476,-75.5480371,9,Buenos Aires,903,Bomboná No.2
529372,2020,2020-02-02,15:40,Otro,HERIDO,CALLE 54 CON CARRERA 85,6.27139025,-75.60108805,13,San Javier,1301,El Pesebre
489928,2019,2019-04-03,14:00,Choque,SOLO DAÑOS,CALLE 20 CON CARRERA 48,6.22414852,-75.57520791,14,El Poblado,1403,Villa Carlota
642217,2023,2023-03-29,09:40,Choque,HERIDO,Calle 60 Con Carrera 80,6.27098132,-75.59495572,13,San Javier,1301,Los Colores
559809,2021,2021-01-31,11:30,Choque,HERIDO,CALLE 3 CON CARRERA 50,6.20914658,-75.57938411,15,Guayabal,1507,Campo Amor
596771,2021,2021-12-20,21:40,Choque,SOLO DAÑOS,CALLE 10 CON CARRERA 50,6.21459174,-75.57871334,15,Guayabal,1507,Campo Amor
532955,2020,2020-02-28,06:45,Choque,SOLO DAÑOS,CALLE 72 CON CARRERA 64 C,6.27037303,-75.57383519,5,Castilla,0517,Caribe
670833,2024,2024-05-31,15:15,Otro,HERIDO,Carrera 65 Con Calle 32,6.23487105,-75.58270488,16,Belén,1601,Fátima
615186,2022,2022-05-31,08:15,Otro,HERIDO,Calle 67 Con Carrera 63,6.26555613,-75.57533261,7,Robledo,Inst_8,Universidad Nacional
668827,2024,2024-04-29,15:23,Volcamiento,HERIDO,Carrera 63 Con Calle 33,6.2399959,-75.57855539,11,Laureles Estadio,1105,Los Conquistadores
614410,2022,2022-05-24,07:50,Choque,HERIDO,Calle 113 Con Carrera 67,6.30813991,-75.56447404,5,Castilla,0503,Florencia
699872,2025,2025-08-01,10:20,Atropello,HERIDO,Calle 30 Con Carrera 70 A,6.23113241,-75.59885004,16,Belén,1614,La Palma
483519,2019,2019-02-07,13:10,Otro,HERIDO,CALLE 5 SUR CON CARRERA 35,6.19693241,-75.56845979,14,El Poblado,1415,Alejandría
532386,2020,2020-02-24,09:00,Choque,HERIDO,CALLE 29 CON CARRERA 66 B,6.22878107,-75.58355185,15,Guayabal,1503,Trinidad
674901,2024,2024-08-05,23:00,Volcamiento,HERIDO,Carrera 83 Con Calle 101,6.30063121,-75.58183158,6,Doce de Octubre,603,Doce de Octubre No.2
553817,2020,2020-11-29,12:25,Choque,HERIDO,CALLE 19 CON CARRERA 49,6.22412604,-75.57501948,14,El Poblado,1403,Villa Carlota
576684,2021,2021-07-11,12:00,Choque,HERIDO,CALLE 92 F CON CARRERA 64 C,6.28557158,-75.57035779,5,Castilla,Inst_2,Oleoducto
559116,2021,2021-01-25,11:00,Choque,HERIDO,CALLE 25 CON CARRERA 81,6.22712223,-75.60180166,16,Belén,1614,La Gloria
545355,2020,2020-09-04,07:40,Volcamiento,HERIDO,CALLE 107 CON CARRERA 32,6.29463179,-75.5416031,1,Popular,0101,Santo Domingo Savio No. 1
575036,2021,2021-06-26,17:00,Otro,HERIDO,CALLE 15 SUR CON CARRERA 48,6.19253566,-75.58015087,14,El Poblado,1423,Santa María de los Ángeles
642001,2023,2023-03-25,17:00,Atropello,HERIDO,Calle 48 Con Carrera 95,6.25816159,-75.61123062,13,San Javier,1308,Santa Lucía
608702,2022,2022-04-05,13:00,Choque,SOLO DAÑOS,Calle 48 Con Carrera 46,6.24675039,-75.56630065,10,La Candelaria,1019,La Candelaria
695233,2025,2025-06-05,18:00,Atropello,HERIDO,Calle 58 Con Carrera 92 B,6.27451355,-75.60443001,13,San Javier,1302,Blanquizal
697529,2025,2025-07-04,17:45,Volcamiento,HERIDO,Calle 107 Con Carrera 28,6.29697739,-75.53845937,1,Popular,102,Santo Domingo Savio No.2
627652,2022,2022-09-10,11:11,Choque,HERIDO,Calle 14 Con Carrera 50,6.21701726,-75.57826529,15,Guayabal,1507,Santa Fé
565770,2021,2021-03-26,14:31,Choque,HERIDO,CALLE 33 CON CARRERA 84,6.23851102,-75.60871821,11,Laureles Estadio,1110,Las Mercedes
663776,2024,2024-02-10,17:00,Choque,HERIDO,Calle 40 A Con Carrera 30 A,6.23451868,-75.5564249,9,Buenos Aires,913,Loreto
513973,2019,2019-10-08,12:20,Choque,HERIDO,CALLE 94 CON CARRERA 46 A,6.28569936,-75.55418456,4,Aranjuez,0401,Berlin
650370,2023,2023-07-21,18:00,Otro,HERIDO,Calle 43 Con Carrera 97,6.25542302,-75.61464465,13,San Javier,1309,San Javier No.1
577758,2021,2021-07-19,19:30,Choque,SOLO DAÑOS,CALLE 65 CON CARRERA 98,6.288191,-75.60406154,60,Corregimiento de San Cristóbal,6098,Área de Expansión Pajarito
549947,2020,2020-10-21,18:00,Volcamiento,HERIDO,CALLE 65 C CON CARRERA 85,6.27719668,-75.59620716,7,Robledo,0717,Robledo
485844,2019,2019-02-26,11:40,Otro,HERIDO,CALLE 4 CON CARRERA 71,6.24647165,-75.59045037,11,Laureles Estadio,1107,Bolivariana
505604,2019,2019-08-10,05:30,Choque,HERIDO,CALLE 80 CON CARRERA 52,6.27458429,-75.5645573,4,Aranjuez,0405,Moravia
583676,2021,2021-09-06,11:30,Choque,SOLO DAÑOS,CALLE 44 CON CARRERA 57,6.24625198,-75.57519767,10,La Candelaria,Inst_17,Centro Administrativo
652682,2023,2023-08-23,20:00,Otro,HERIDO,Calle 111 B Con Carrera 64 C,6.30283191,-75.56107752,5,Castilla,Inst_1,Plaza de Ferias
481034,2019,2019-01-16,18:00,Choque,SOLO DAÑOS,CALLE 4 CON CARRERA 50,6.20907495,-75.57906424,15,Guayabal,1507,Campo Amor
624195,2022,2022-08-13,23:50,Choque,HERIDO,Calle 104 B Con Carrera 77 B,6.30385779,-75.57596622,6,Doce de Octubre,0601,Santander
665732,2024,2024-03-11,06:30,Volcamiento,HERIDO,Carrera 80 Con Calle 55,6.26947061,-75.59537458,12,La América,1201,Ferrini
564777,2021,2021-03-16,20:30,Volcamiento,HERIDO,CALLE 101 CON CARRERA 64 AA,6.2936258,-75.56356589,5,Castilla,0510,Tricentenario
556101,2020,2020-12-19,10:00,Choque,SOLO DAÑOS,CALLE 75 B CON CARRERA 64 A,6.27606967,-75.57066,5,Castilla,0517,Terminal de Transporte
552804,2020,2020-11-20,11:45,Choque,SOLO DAÑOS,CALLE 25 A CON CARRERA 43 A,6.22479957,-75.56916741,14,El Poblado,1404,Castropol
695823,2025,2025-06-12,20:00,Choque,HERIDO,Calle 92 Con Carrera 55,6.28484328,-75.56460454,4,Aranjuez,405,Moravia
601179,2022,2022-02-03,21:20,Caida Ocupante,HERIDO,Calle 2 Con Carrera 50,6.20739849,-75.57930939,15,Guayabal,1509,Cristo Rey
557775,2021,2021-01-08,13:50,Choque,SOLO DAÑOS,CALLE 31 A CON CARRERA 82,6.23377274,-75.60353223,16,Belén,1603,Belén
571626,2021,2021-05-29,13:30,Volcamiento,HERIDO,CALLE 49 CON CARRERA 14,6.23253046,-75.54154837,9,Buenos Aires,0904,Los Cerros El Vergel
625656,2022,2022-08-26,03:00,Choque,HERIDO,Calle 78 Con Carrera 39,6.27002944,-75.5491196,3,Manrique,0304,Santa Inés
619964,2022,2022-07-11,19:00,Atropello,HERIDO,Calle 77 B Con Carrera 82,6.27821247,-75.59104655,7,Robledo,0715,Villa Flora
658151,2023,2023-11-08,18:30,Atropello,HERIDO,Calle 48 Con Carrera 61,6.25103388,-75.57820779,10,La Candelaria,1008,Corazón de Jesús
524295,2019,2019-12-21,22:50,Choque,HERIDO,CALLE 85 CON CARRERA 44,6.27688509,-75.55234353,3,Manrique,0303,Las Granjas
664147,2024,2024-02-16,12:30,Choque,HERIDO,Carrera 46 Con Calle 53,6.25058805,-75.56383557,10,La Candelaria,1019,La Candelaria
524272,2019,2019-12-21,19:50,Choque,SOLO DAÑOS,CALLE 45 CON CARRERA 62,6.2491239,-75.57922237,10,La Candelaria,1008,Corazón de Jesús
581206,2021,2021-08-17,07:45,Choque,SOLO DAÑOS,CALLE 12 SUR CON CARRERA 52,6.19751681,-75.58995882,15,Guayabal,1511,La Colina
660877,2023,2023-12-18,09:30,Volcamiento,HERIDO,Calle 78 Con Carrera 62,,,4,Aranjuez,,
570719,2021,2021-05-21,16:30,Atropello,HERIDO,CALLE 103 EE CON CARRERA 63,6.29544509,-75.56209971,5,Castilla,0508,Héctor Abad Gómez
642166,2023,2023-03-28,16:42,Choque,HERIDO,Calle 67 Con Carrera 65,6.26810929,-75.57680893,7,Robledo,Inst_7,B. Cerro  El Volador
698223,2025,2025-07-12,21:15,Choque,HERIDO,Calle 58 Con Carrera 50 A,6.25698678,-75.56455522,10,La Candelaria,1001,Prado
580102,2021,2021-08-08,00:30,Atropello,HERIDO,CALLE 97 CON CARRERA 26 C,6.28611075,-75.54143765,3,Manrique,0314,San José la Cima No. 1
516218,2019,2019-10-24,12:00,Volcamiento,HERIDO,CALLE 93 B CON CARRERA 36,6.28489272,-75.54579833,3,Manrique,0301,La Salle
578550,2021,2021-07-26,07:30,Atropello,HERIDO,CALLE 48 CON CARRERA 57,6.25016827,-75.57523336,10,La Candelaria,1008,Corazón de Jesús
614308,2022,2022-05-23,11:50,Otro,HERIDO,Calle 26 Con Carrera 38,6.22464718,-75.56524268,9,Buenos Aires,0915,Asomadera No. 2
520554,2019,2019-11-25,11:50,Choque,SOLO DAÑOS,CALLE 49 CON CARRERA 56,6.2507844,-75.57364262,10,La Candelaria,1007,Guayaquil
645407,2023,2023-05-15,16:20,Choque,HERIDO,Calle 50 Con Carrera 46,6.24828804,-75.56510766,10,La Candelaria,1019,La Candelaria
528576,2020,2020-01-27,17:40,Choque,HERIDO,CALLE 48 SUR CON CARRERA 61 DB,6.17835038,-75.64163205,80,Corregimiento de San Antonio de Prado,8000,Cabecera San Antonio de Prado
513232,2019,2019-10-03,06:40,Choque,SOLO DAÑOS,CALLE 44 CON CARRERA 57,6.24671613,-75.57612411,10,La Candelaria,1008,Corazón de Jesús
630031,2022,2022-09-29,15:30,Atropello,HERIDO,Calle 60 Con Carrera 76,6.2685065699999996,-75.59109996,7,Robledo,0703,San Germán
591241,2021,2021-11-06,14:40,Choque,HERIDO,CALLE 39 CON CARRERA 48,6.23947621,-75.57101043,10,La Candelaria,1013,Barrio Colón
495749,2019,2019-05-23,09:00,Choque,HERIDO,CALLE 41 SUR CON CARRERA 82,6.18588666,-75.65913886,80,Corregimiento de San Antonio de Prado,8000,Cabecera San Antonio de Prado
583244,2021,2021-09-02,17:00,Otro,HERIDO,CALLE 33 CON CARRERA 50,6.23579697,-75.57408668,10,La Candelaria,1012,Perpetuo Socorro
625390,2022,2022-08-23,15:00,Otro,HERIDO,Calle 32 F Con Carrera 65 D,6.23879847,-75.5852836,16,Belén,1601,Fátima
696674,2025,2025-06-23,11:30,Choque,SOLO DAÑOS,Calle 47 Con Carrera 39,,,N/D,N/D,,
485012,2019,2019-02-19,10:40,Choque,HERIDO,CALLE 27 CON CARRERA 36 A,,,10,La Candelaria,Sin inf,Sin inf
619208,2022,2022-07-05,22:15,Choque,SOLO DAÑOS,Calle 48 Con Carrera 63,6.25159371,-75.57924808,11,Laureles Estadio,1102,Suramericana
552468,2020,2020-11-17,07:00,Otro,HERIDO,CALLE 68 CON CARRERA 64,6.2652665,-75.57266554,5,Castilla,0517,Caribe
536105,2020,2020-04-12,08:30,Otro,HERIDO,CALLE 57 CON CARRERA 45,6.25244689,-75.5610427,10,La Candelaria,1018,Villa Nueva
530878,2020,2020-02-13,15:25,Choque,SOLO DAÑOS,CALLE 49 CON CARRERA 40,6.2450437,-75.56100802,10,La Candelaria,1015,Bomboná No. 1
675296,2024,2024-08-12,11:16,Choque,HERIDO,Carrera 50 Con Calle 24,6.22535334,-75.57709734,15,Guayabal,1504,Santa Fé
559573,2021,2021-01-29,10:30,Otro,HERIDO,CALLE 45 F CON CARRERA 82,6.25556419,-75.60037735,12,La América,1205,La Floresta
702210,2025,2025-08-28,13:00,Atropello,HERIDO,Calle 98 B Con Carrera 86 B,6.30030953,-75.58577256,6,Doce de Octubre,609,Picachito
661256,2024,2024-01-02,12:30,Choque,HERIDO,Carrera 63 Con Calle 45,6.23965413,-75.57718102,10,La Candelaria,Inst_16,La Alpujarra
698115,2025,2025-07-11,14:50,Choque,HERIDO,Calle 48  Sur Con Carrera 62,6.17725782,-75.64314705,80,Corregimiento de San Antonio de Prado,AUC2,San Antonio de Prado
597089,2021,2021-12-23,11:10,Choque,SOLO DAÑOS,CALLE 17 CON CARRERA 48,6.2186388,-75.575747,14,El Poblado,1403,Villa Carlota
593735,2021,2021-11-26,22:10,Choque,HERIDO,CALLE 72 CON CARRERA 45,6.26738555,-75.55503787,4,Aranjuez,0409,Manrique Central No. 1
618235,2022,2022-06-26,13:50,Choque,SOLO DAÑOS,Calle 10 Con Carrera 30,6.20888896,-75.55923311,14,El Poblado,1406,Las Lomas No.1
519073,2019,2019-11-14,14:40,Choque,SOLO DAÑOS,CALLE 58 CON CARRERA 57,6.26035459,-75.57318834,10,La Candelaria,1004,El Chagualo
617420,2022,2022-06-19,08:00,Otro,HERIDO,Calle 44 B Con Avenida 80,,,12,La América,,
614776,2022,2022-05-27,09:30,Choque,SOLO DAÑOS,Calle 59 Con Carrera 55,6.25862715,-75.57057412,10,La Candelaria,1004,El Chagualo
618017,2022,2022-06-24,11:20,Choque,SOLO DAÑOS,Calle 4 Con Carrera 50,6.20907495,-75.57906424,15,Guayabal,1507,Campo Amor
644787,2023,2023-05-07,20:30,Atropello,HERIDO,Calle 48 A Con Carrera 49,6.29254929,-75.55503157,2,Santa Cruz,0209,Moscú No. 1
644060,2023,2023-04-28,06:30,Choque,HERIDO,Calle 81 A Con Carrera 80,6.28641813,-75.58455515,7,Robledo,0711,El Diamante
577765,2021,2021-07-19,20:35,Choque,SOLO DAÑOS,CALLE 9 SUR CON CARRERA 79 C,6.20269424,-75.60066894,16,Belén,1609,La Hondonada
516884,2019,2019-10-29,08:30,Choque,SOLO DAÑOS,CALLE 62 A CON CARRERA 55 A,6.26168166,-75.56932403,10,La Candelaria,1004,El Chagualo
494601,2019,2019-05-13,17:15,Choque,SOLO DAÑOS,CALLE 50 CON CARRERA 62,6.25384772,-75.57642314,10,La Candelaria,1006,San Benito
579339,2021,2021-08-01,11:50,Choque,HERIDO,CALLE 49 CON CARRERA 26 A,6.23947715,-75.55014197,9,Buenos Aires,0905,Miraflores
656589,2023,2023-10-18,15:50,Choque,HERIDO,Calle 65 Con Carrera 62,,,10,La Candelaria,,
530285,2020,2020-02-09,13:00,Choque,HERIDO,CALLE 37 CON CARRERA 42 B,6.23355001,-75.56726066,10,La Candelaria,1020,Asomadera No. 1
647009,2023,2023-06-05,11:30,Atropello,HERIDO,Calle 78 Con Carrera 72 A,6.27655845,-75.58178582,7,Robledo,0707,Bosques de San Pablo
666967,2024,2024-03-31,13:30,Otro,HERIDO,Carrera 36 Con Calle 89,6.28101628,-75.54575275,3,Manrique,302,Las Granjas
661320,2024,2024-01-03,17:00,Choque,HERIDO,Carrera 80 Con Calle 50,6.26362588,-75.59697998,12,La América,1202,Calasanz
641909,2023,2023-03-24,03:20,Otro,HERIDO,Calle 80 Con Carrera 62,6.27573969,-75.56926151,4,Aranjuez,0405,Moravia
517164,2019,2019-10-31,06:40,Otro,HERIDO,CALLE 61 CON CARRERA 85,6.27374877,-75.59726415,7,Robledo,0717,Robledo
583781,2021,2021-09-07,07:45,Atropello,HERIDO,CALLE 43 CON CARRERA 38,6.24068233,-75.56076824,9,Buenos Aires,0912,El Salvador
620189,2022,2022-07-13,21:00,Otro,HERIDO,Calle 47 D Con Carrera 63,6.25106264,-75.57942305,11,Laureles Estadio,1103,Naranjal
585269,2021,2021-09-18,15:05,Choque,SOLO DAÑOS,CALLE 67 CON DIAGONAL 64 E,6.26743598,-75.57668131,5,Castilla,0517,Caribe
538124,2020,2020-05-27,07:40,Choque,HERIDO,CALLE 54 CON CARRERA 47,6.25183907,-75.56433884,10,La Candelaria,1019,La Candelaria
518062,2019,2019-11-06,22:30,Choque,SOLO DAÑOS,CALLE 27 B CON CARRERA 32,6.22711736,-75.5598204,9,Buenos Aires,0913,Asomadera No. 1
499586,2019,2019-06-25,10:05,Choque,HERIDO,CARRERA 65 CON TRANSVERSAL 78,6.27540582,-75.5737457,5,Castilla,0519,El Progreso
554716,2020,2020-12-07,07:00,Choque,SOLO DAÑOS,CALLE 6 CON CARRERA 52,6.21229198,-75.5835225,15,Guayabal,1507,Campo Amor
618489,2022,2022-06-29,07:10,Otro,HERIDO,Calle 44 Con Carrera 63,6.24854018,-75.58088972,11,Laureles Estadio,1103,Naranjal
517985,2019,2019-11-06,12:00,Choque,SOLO DAÑOS,CALLE 34 CON CARRERA 66 B,6.23987327,-75.58749701,11,Laureles Estadio,1105,Los Conquistadores
569823,2021,2021-05-13,16:15,Choque,SOLO DAÑOS,CALLE 29 CON CARRERA 45,6.2303474,-75.57312175,10,La Candelaria,1012,Perpetuo Socorro
627297,2022,2022-09-07,19:20,Atropello,HERIDO,Calle 70 F Con Carrera 95,6.28720928,-75.59899367,7,Robledo,0724,Monteclaro
618513,2022,2022-06-29,11:20,Choque,SOLO DAÑOS,Calle 18 AA Sur Con Carrera 34,6.18329578,-75.57048335,14,El Poblado,1412,San Lucas
501455,2019,2019-07-11,14:14,Choque,SOLO DAÑOS,CALLE 50 CON CARRERA 73,6.2599594,-75.58903678,11,Laureles Estadio,1115,Cuarta Brigada
701007,2025,2025-08-14,06:00,Otro,HERIDO,Calle 6  Sur Con Carrera 55,,,N/D,N/D,,
580325,2021,2021-08-09,20:30,Atropello,HERIDO,CALLE 32 CON CARRERA 29 A,6.22915018,-75.55913071,9,Buenos Aires,0913,Loreto
552518,2020,2020-11-17,14:40,Choque,HERIDO,CALLE 53 CON CARRERA 71 A,6.26144667,-75.58646707,11,Laureles Estadio,1115,Cuarta Brigada
608699,2022,2022-04-05,12:30,Otro,HERIDO,Calle 92 Con Carrera 50,6.28335283,-75.55796221,4,Aranjuez,0413,Aranjuez
569738,2021,2021-05-12,22:00,Choque,HERIDO,CALLE 30 CON CARRERA 65,6.23193333,-75.58282281,16,Belén,1601,Fátima
480734,2019,2019-01-14,07:02,Choque,HERIDO,CALLE 48 CON CARRERA 42,6.24484537,-75.56275011,10,La Candelaria,1015,Bomboná No. 1
524379,2019,2019-12-22,16:20,Choque,SOLO DAÑOS,CALLE 25 CON CARRERA 46 A,6.22606164,-75.57463928,14,El Poblado,1401,Barrio Colombia
481090,2019,2019-01-17,10:15,Choque,HERIDO,CALLE 27 CON CARRERA 74 A,6.22859143,-75.59487636,16,Belén,1605,San Bernardo
484749,2019,2019-02-17,06:25,Choque,HERIDO,CALLE 7 B CON CARRERA 42 C,6.20933629,-75.57172769,14,El Poblado,1420,Astorga
670078,2024,2024-05-18,22:53,Choque,HERIDO,Carrera 57 Con Calle 54,6.2557386,-75.5737517,10,La Candelaria,1006,San Benito
490078,2019,2019-04-04,15:00,Otro,HERIDO,CALLE 12 SUR CON CARRERA 43 A,6.19477322,-75.57935806,14,El Poblado,1422,La Aguacatala
549103,2020,2020-10-13,07:30,Caida Ocupante,HERIDO,CALLE 91 CON CARRERA 70 A,6.28303646,-75.57587764,5,Castilla,0514,Alfonso López
702095,2025,2025-08-27,05:50,Choque,HERIDO,Calle 67 Con Carrera 64,6.26405684,-75.5751214,7,Robledo,Inst_8,Universidad Nacional
520226,2019,2019-11-22,20:30,Choque,SOLO DAÑOS,CALLE 49 CON CARRERA 27,6.23952132,-75.55022386,9,Buenos Aires,0905,Miraflores
678789,2024,2024-10-05,13:10,Otro,HERIDO,CL 048 D 110,6.26243975,-75.62331698,60,Corregimiento de San Cristóbal,6014,La Loma
613487,2022,2022-05-16,11:30,Otro,HERIDO,Calle 80 Con Carrera 80,6.18661632,-75.65660126,80,Corregimiento de San Antonio de Prado,8000,Cabecera San Antonio de Prado
692157,2025,2025-04-27,14:25,Otro,HERIDO,Calle 44 Con Carrera 64,6.2483482,-75.58302839,11,Laureles Estadio,1104,San Joaquín
647937,2023,2023-06-17,19:10,Choque,HERIDO,Calle 83 Con Carrera 49,6.27605518,-75.55754674,4,Aranjuez,0414,Brasilia
578596,2021,2021-07-26,13:40,Choque,HERIDO,CALLE 25 A CON CARRERA 65 C,6.22757125,-75.5853669,15,Guayabal,1503,Trinidad
609829,2022,2022-04-16,01:30,Choque,HERIDO,Calle 66 Con Carrera 44,6.2610062,-75.55580253,3,Manrique,0307,La Mansión
566576,2021,2021-04-05,07:00,Choque,SOLO DAÑOS,CALLE 50 B CON CARRERA 39,6.2462815,-75.55911496,10,La Candelaria,1016,Boston
663537,2024,2024-02-07,07:00,Otro,HERIDO,Calle 91 Con Carrera 84,6.28907825,-75.58551759,6,Doce de Octubre,607,Kennedy
543609,2020,2020-08-13,06:00,Choque,SOLO DAÑOS,CALLE 78 CON CARRERA 64 C,6.27699394,-75.57266359,5,Castilla,Inst_4,Terminal de Transporte
546498,2020,2020-09-16,13:15,Choque,SOLO DAÑOS,CALLE 69 CON CARRERA 45,6.26434181,-75.55538622,3,Manrique,0307,Manrique Central No. 1
683161,2024,2024-12-14,17:10,Volcamiento,HERIDO,CL 049 013 014,6.23252091,-75.54131374,9,Buenos Aires,905,Alejandro Echavarría
562971,2021,2021-02-28,08:50,Caida Ocupante,HERIDO,CALLE 99 CON CARRERA 99,6.27343838,-75.60889338,50,Corregimiento de San Sebastián de Palmitas,SN01,Olaya Herrera
501419,2019,2019-07-11,10:20,Choque,HERIDO,CALLE 70 CON CARRERA 49,6.26588429,-75.55933434,4,Aranjuez,0409,San Pedro
666466,2024,2024-03-22,07:30,Choque,HERIDO,Carrera 50 Con Calle 29,6.23187753,-75.57442721,10,La Candelaria,1012,Perpetuo Socorro
557192,2020,2020-12-30,15:00,Choque,HERIDO,CALLE 57 CON CARRERA 45,6.25244689,-75.5610427,10,La Candelaria,1018,Villa Nueva
552695,2020,2020-11-19,11:00,Atropello,HERIDO,CALLE 49 CON CARRERA 51,6.24895874,-75.56897723,10,La Candelaria,1019,La Candelaria
501198,2019,2019-07-09,17:40,Choque,SOLO DAÑOS,CALLE 45 GG CON CARRERA 78 A,6.25515153,-75.59688736,11,Laureles Estadio,1112,El Velódromo
516899,2019,2019-10-29,10:20,Choque,SOLO DAÑOS,CALLE 44 CON CARRERA 57,6.24625198,-75.57519767,10,La Candelaria,Inst_17,Centro Administrativo
642857,2023,2023-04-09,00:35,Choque,HERIDO,Calle 13 Con Carrera 76,6.22126606,-75.59818283,16,Belén,1606,Las Playas
490600,2019,2019-04-08,17:40,Choque,SOLO DAÑOS,CALLE 32 CON CARRERA 43 A,6.23121572,-75.569851,10,La Candelaria,1020,San Diego
544930,2020,2020-08-30,10:50,Choque,SOLO DAÑOS,CALLE 46 CON CARRERA 15 D,6.23307867,-75.54443399,9,Buenos Aires,0904,Los Cerros El Vergel
691026,2025,2025-04-11,22:00,Choque,HERIDO,Calle 97 Con Carrera 36,6.28760522,-75.54584404,1,Popular,107,San Pablo
522796,2019,2019-12-11,15:30,Choque,SOLO DAÑOS,CALLE 32 C CON CARRERA 29,6.23051866,-75.55808182,9,Buenos Aires,0913,Loreto
545303,2020,2020-09-03,14:00,Caida Ocupante,HERIDO,CALLE 64 B CON CARRERA 115,,,7,Robledo,,
499534,2019,2019-06-25,00:10,Otro,HERIDO,CALLE 74 CON CARRERA 33,6.26813366,-75.54616315,3,Manrique,0305,El Raizal
546467,2020,2020-09-16,07:30,Choque,HERIDO,CALLE 99 CON CARRERA 99,6.29022786,-75.55256781,1,Popular,0105,Moscú No. 2
670928,2024,2024-06-02,02:30,Choque,HERIDO,CL 048 006 AA 028,,,9,Buenos Aires,,
628848,2022,2022-09-19,14:21,Choque,HERIDO,Calle 51 A Con Carrera 28,6.24204535,-75.5503145,9,Buenos Aires,0906,Barrio Caicedo
591402,2021,2021-11-08,07:00,Otro,HERIDO,CALLE 79 A CON CARRERA 87,6.2860301,-75.58792457,7,Robledo,0711,El Diamante
524300,2019,2019-12-21,23:20,Choque,HERIDO,CALLE 44 CON CARRERA 43,6.24267982,-75.56514822,10,La Candelaria,1014,Las Palmas
498331,2019,2019-06-14,12:50,Choque,SOLO DAÑOS,CALLE 7 CON CARRERA 42,6.20933629,-75.57172769,14,El Poblado,1420,Astorga
555270,2020,2020-12-11,18:39,Choque,HERIDO,CALLE 14 CON CARRERA 43 A,6.21466855,-75.56989855,14,El Poblado,1404,Lalinde
701708,2025,2025-08-22,14:20,Otro,HERIDO,Calle 55 Con Carrera 76 A,,,N/D,N/D,,
535486,2020,2020-03-20,05:30,Volcamiento,HERIDO,CALLE 57 CON CARRERA 47,6.2538583,-75.56305564,10,La Candelaria,1018,Villa Nueva
575007,2021,2021-06-26,14:10,Choque,SOLO DAÑOS,CALLE 56 CON CARRERA 35,6.24715468,-75.55394182,8,Villa Hermosa,0809,Sucre
623300,2022,2022-08-07,11:40,Choque,HERIDO,Calle 55 Con Carrera 4,6.23609846,-75.53036069,8,Villa Hermosa,0816,Villa Turbay
522906,2019,2019-12-12,12:30,Volcamiento,HERIDO,CALLE 47 CON CARRERA 75,6.25349304,-75.59241649,11,Laureles Estadio,1112,El Velódromo
532400,2020,2020-02-24,11:40,Atropello,HERIDO,CALLE 27 CON CARRERA 84,6.2287336700000004,-75.60693598,16,Belén,1615,Los Alpes
641185,2023,2023-03-12,01:00,Choque,SOLO DAÑOS,Calle 60 D Con Carrera 131,6.27675103,-75.63591878,60,Corregimiento de San Cristóbal,6000,Cabecera Urbana San Cristobal
676281,2024,2024-08-27,15:48,Choque,HERIDO,Calle 33 Con Diagonal 66 A,6.23944423,-75.58705966,11,Laureles Estadio,1105,Los Conquistadores
611542,2022,2022-04-30,09:00,Choque,HERIDO,Calle 107 Con Carrera 52,6.29963024,-75.55728776,2,Santa Cruz,0206,Andalucía
620041,2022,2022-07-12,17:02,Choque,HERIDO,Calle 58 Con Carrera 57,6.26035459,-75.57318834,10,La Candelaria,1004,El Chagualo
661842,2024,2024-01-13,08:30,Otro,HERIDO,Carrera 63 Con Calle 45,6.23965413,-75.57718102,10,La Candelaria,Inst_16,La Alpujarra
560705,2021,2021-02-08,14:23,Otro,HERIDO,CALLE 58 CON CARRERA 63,6.26129925,-75.57404871,7,Robledo,Inst_8,Universidad Nacional
593356,2021,2021-11-24,07:40,Otro,HERIDO,CALLE 119 CON CARRERA 65,6.31114883,-75.5637752,5,Castilla,0503,Florencia
562366,2021,2021-02-22,18:30,Otro,HERIDO,CALLE 33 CON CARRERA 77,6.23902275,-75.59669994,11,Laureles Estadio,1108,Laureles
480331,2019,2019-01-09,20:00,Choque,SOLO DAÑOS,CALLE 67 CON DIAGONAL 75 B,6.23964294,-75.58994182,11,Laureles Estadio,Inst_15,U.P.B.
666809,2024,2024-03-27,15:15,Choque,HERIDO,Carrera 55 Con Calle 44,6.24621349,-75.57446575,10,La Candelaria,1007,Guayaquil
609009,2022,2022-04-07,14:30,Otro,HERIDO,Calle 98 C Con Carrera 39 A,6.28896194,-75.54850856,1,Popular,0105,Moscú No. 2
572969,2021,2021-06-09,21:00,Otro,HERIDO,CALLE 100 CON CARRERA 52,6.29296351,-75.5616794,2,Santa Cruz,0210,Santa Cruz
488549,2019,2019-03-21,16:45,Choque,SOLO DAÑOS,CALLE 44 A CON CARRERA 57,6.24694241,-75.57506832,10,La Candelaria,1007,Guayaquil
543605,2020,2020-08-13,05:40,Otro,HERIDO,CALLE 99 CON CARRERA 99,6.29022786,-75.55256781,1,Popular,0105,Moscú No. 2
616618,2022,2022-06-12,15:00,Atropello,HERIDO,Calle 111 Con Carrera 30,6.29981968,-75.54233809,1,Popular,0101,Santo Domingo Savio No. 1
629602,2022,2022-09-26,07:20,Choque,HERIDO,Transversal 78 Con Carrera 65,6.27540582,-75.5737457,5,Castilla,0519,El Progreso
555110,2020,2020-12-10,15:21,Choque,SOLO DAÑOS,CALLE 45 A CON CARRERA 65,6.25116697,-75.58314837,11,Laureles Estadio,1103,Naranjal
674185,2024,2024-07-26,14:00,Otro,HERIDO,CL 062 068 069,,,7,Robledo,,
595534,2021,2021-12-10,19:15,Choque,HERIDO,CALLE 45 CON CARRERA 21,6.23480414,-75.54885841,9,Buenos Aires,0909,Cataluña
520453,2019,2019-11-24,12:00,Caida Ocupante,HERIDO,CALLE 67 CON CARRERA 62,6.26518149,-75.57170278,4,Aranjuez,Inst_11,Universidad de Antioquia
526798,2020,2020-01-14,17:20,Volcamiento,HERIDO,CALLE 41 CON CARRERA 36,6.23839782,-75.56033859,9,Buenos Aires,0911,El Salvador
561853,2021,2021-02-18,11:30,Choque,SOLO DAÑOS,CALLE 53 CON CARRERA 33,6.24429069,-75.55368579,8,Villa Hermosa,0809,Sucre
693680,2025,2025-05-16,17:30,Otro,HERIDO,Calle 7 A Con Carrera 25,6.20409663,-75.55550954,14,El Poblado,1409,El Tesoro
542643,2020,2020-07-29,16:50,Choque,SOLO DAÑOS,CALLE 50 B CON CARRERA 38,6.2458006,-75.55824939,10,La Candelaria,1016,Boston
597565,2021,2021-12-28,05:30,Otro,HERIDO,CALLE 80 CON CARRERA 80,6.18661632,-75.65660126,80,Corregimiento de San Antonio de Prado,8000,Cabecera San Antonio de Prado
522597,2019,2019-12-10,12:00,Choque,SOLO DAÑOS,CALLE 95 CON CARRERA 65,6.29039152,-75.56997746,5,Castilla,0511,Castilla
549080,2020,2020-10-12,21:45,Choque,SOLO DAÑOS,CALLE 81 CON CARRERA 49,6.27433643,-75.55785055,4,Aranjuez,0410,Brasilia
674501,2024,2024-07-31,07:30,Caida Ocupante,HERIDO,CR 063 082 083,,,5,Castilla,,
568870,2021,2021-05-03,14:00,Volcamiento,HERIDO,CALLE 102 CON CARRERA 42 B,6.29177658,-75.5489141,1,Popular,0105,Moscú No. 2
482845,2019,2019-02-01,16:00,Caida Ocupante,HERIDO,CALLE 54 CON CARRERA 57,6.25562284,-75.57354726,10,La Candelaria,1006,San Benito
653336,2023,2023-09-02,13:45,Choque,HERIDO,Calle 62 Con Carrera 47,6.25759445,-75.56037636,10,La Candelaria,1001,Prado
513763,2019,2019-10-07,06:15,Otro,HERIDO,CALLE 9 CON DIAGONAL 79,6.21941443,-75.59925866,16,Belén,1606,Loma de los Bernal
619408,2022,2022-07-07,14:10,Atropello,HERIDO,Calle 112 Con Carrera 52,6.3036062,-75.55615552,2,Santa Cruz,0204,La Frontera
577700,2021,2021-07-19,11:30,Choque,HERIDO,CALLE 103 F CON CARRERA 63,6.29942377,-75.55942614,5,Castilla,0507,Héctor Abad Gómez
488586,2019,2019-03-21,19:40,Choque,SOLO DAÑOS,CALLE 33 CON CARRERA 54,6.23483205,-75.57528788,10,La Candelaria,1012,Perpetuo Socorro
681131,2024,2024-11-11,15:00,Choque,HERIDO,CL 101 050,6.29290392,-75.55700568,2,Santa Cruz,210,Santa Cruz
552239,2020,2020-11-14,02:22,Otro,HERIDO,CALLE 78 CON CARRERA 65,6.27540582,-75.5737457,5,Castilla,0519,El Progreso
661415,2024,2024-01-05,09:50,Choque,HERIDO,Carrera 53 Con Calle 31,6.23286753,-75.57789995,16,Belén,Inst_18,Cerro Nutibara
518095,2019,2019-11-07,09:30,Caida Ocupante,HERIDO,CALLE 999 CON CARRERA 999,,,90,Corregimiento de Santa Elena,Sin inf,Sin inf
617265,2022,2022-06-17,21:28,Choque,SOLO DAÑOS,Calle 76 Con Carrera 96 A,6.28864119,-75.59671168,7,Robledo,0713,Aures No.1
616385,2022,2022-06-10,16:00,Otro,HERIDO,Calle 59 Con Carrera 80,6.27147605,-75.59435553,11,Laureles Estadio,1114,Los Colores
571235,2021,2021-05-26,09:20,Choque,SOLO DAÑOS,CALLE 66 G CON CARRERA 37,6.26112302,-75.5484261,8,Villa Hermosa,0805,Batallón Girardot
652718,2023,2023-08-24,11:51,Atropello,HERIDO,Calle 65 Con Carrera 77 A,6.2729682,-75.59215092,7,Robledo,Inst_5,Facultad de Minas U. Nacional
495861,2019,2019-05-24,07:00,Choque,HERIDO,CALLE 58 CON CARRERA 43,6.2527439,-75.55990303,10,La Candelaria,1018,Villa Nueva
535862,2020,2020-04-02,11:50,Choque,SOLO DAÑOS,CALLE 47 CON CARRERA 34,6.24060754,-75.55678402,9,Buenos Aires,0907,Buenos Aires
623311,2022,2022-08-07,14:05,Choque,HERIDO,Calle 44 Con Carrera 52,6.24520865,-75.57255081,10,La Candelaria,Inst_17,Centro Administrativo
555642,2020,2020-12-15,12:21,Choque,HERIDO,CALLE 59 CON CARRERA 51 D,6.25785771,-75.56654086,10,La Candelaria,1003,Jesús Nazareno
557442,2021,2021-01-04,07:20,Choque,HERIDO,CALLE 25 CON CARRERA 52,6.22592655,-75.57845009,15,Guayabal,1503,Trinidad
494661,2019,2019-05-14,07:50,Choque,SOLO DAÑOS,CALLE 30 CON CARRERA 80,6.23123883,-75.60064487,16,Belén,1603,Belén
498669,2019,2019-06-17,07:05,Choque,SOLO DAÑOS,CALLE 54 CON CARRERA 43,6.24999563,-75.56141515,10,La Candelaria,1019,La Candelaria
481438,2019,2019-01-20,10:50,Otro,HERIDO,CALLE 82 CON CARRERA 51,6.27604041,-75.56248872,4,Aranjuez,0415,Miranda
667283,2024,2024-04-04,14:40,Otro,HERIDO,Carrera 63 Con Calle 33,6.2399959,-75.57855539,11,Laureles Estadio,1105,Los Conquistadores
546509,2020,2020-09-16,15:45,Choque,SOLO DAÑOS,CALLE 67 CON CARRERA 51,6.26408278,-75.56326166,4,Aranjuez,0407,Sevilla
636004,2022,2022-12-19,07:40,Choque,HERIDO,Calle 50 A Con Carrera 83 A,6.26561162,-75.60169096,12,La América,1213,Calasanz Parte Alta
695617,2025,2025-06-10,06:30,Otro,HERIDO,Calle 33 Con Carrera 55,,,N/D,N/D,,
629787,2022,2022-09-27,18:20,Choque,SOLO DAÑOS,Calle 5  Sur Con Carrera 48,6.20181568,-75.57740897,14,El Poblado,1422,La Aguacatala
486938,2019,2019-03-07,13:00,Choque,SOLO DAÑOS,CALLE 1 A SUR CON CARRERA 25,6.1958431,-75.55958884,14,El Poblado,1410,Los Naranjos
495784,2019,2019-05-23,14:00,Volcamiento,HERIDO,CALLE 39 B CON CARRERA 109,6.2519662,-75.62199802,13,San Javier,1310,Veinte de Julio
544825,2020,2020-08-29,04:45,Choque,SOLO DAÑOS,CALLE 60 CON CARRERA 125,6.27548645,-75.62879919,60,Corregimiento de San Cristóbal,6014,Suburbano La Loma
552808,2020,2020-11-20,12:00,Choque,SOLO DAÑOS,CALLE 7 D CON CARRERA 43 A,6.20835182,-75.57131796,14,El Poblado,1420,Astorga
591899,2021,2021-11-11,20:45,Choque,SOLO DAÑOS,CALLE 2 SUR CON CARRERA 50,6.20431082,-75.57979001,15,Guayabal,1509,Cristo Rey
602837,2022,2022-02-17,07:55,Atropello,MUERTO,Calle 94 Con Carrera 51 A,6.28606797,-75.56150734,4,Aranjuez,0402,San Isidro
665035,2024,2024-03-01,10:00,Volcamiento,HERIDO,Carrera 44 Con Calle 43,6.24207799,-75.56725133,10,La Candelaria,1014,Las Palmas
684236,2025,2025-01-10,17:00,Otro,HERIDO,Calle 44 Con Carrera 57,6.2468405,-75.57522156,10,La Candelaria,1007,Guayaquil
516901,2019,2019-10-29,10:30,Choque,HERIDO,CALLE 11 SUR CON CARRERA 52,6.19860781,-75.58938349,15,Guayabal,1510,Guayabal
688474,2025,2025-03-10,21:03,Choque,HERIDO,Calle 51 A Con Carrera 28,6.24204536,-75.55031449,9,Buenos Aires,906,Barrio Caicedo
626826,2022,2022-09-04,06:15,Atropello,HERIDO,Calle 92 Con Carrera 66,6.28453714,-75.57199051,5,Castilla,0513,Francisco Antonio Zea
594607,2021,2021-12-03,12:40,Choque,SOLO DAÑOS,CALLE 37 CON CARRERA 50,6.23818958,-75.57244464,10,La Candelaria,1011,Calle Nueva
682558,2024,2024-12-05,14:50,Otro,HERIDO,CL 033 080 081,6.23881189,-75.60093672,11,Laureles Estadio,1109,Las Acacias
519751,2019,2019-11-19,11:15,Choque,SOLO DAÑOS,CALLE 45 CON CARRERA 53,6.24650511,-75.57209079,10,La Candelaria,1007,Guayaquil
603730,2022,2022-02-23,21:00,Choque,SOLO DAÑOS,Calle 60 Con Carrera 77 A,6.27030576,-75.59254412,7,Robledo,0703,San Germán
601194,2022,2022-02-04,05:30,Choque,HERIDO,Calle 67 A Con Carrera 52,6.26531089,-75.5662163,4,Aranjuez,0407,Sevilla
696039,2025,2025-06-15,05:30,Volcamiento,HERIDO,Calle 39 Con Carrera 92,6.25114014,-75.6112063,12,La América,1209,Santa Mónica
509619,2019,2019-09-07,19:20,Choque,SOLO DAÑOS,CALLE 48 CON CARRERA 65,6.2532254,-75.58230795,11,Laureles Estadio,1102,Suramericana
689798,2025,2025-03-27,18:30,Volcamiento,HERIDO,Calle 67 Con Carrera 64 C,6.26583296,-75.57516603,5,Castilla,517,Caribe
618465,2022,2022-06-28,22:00,Choque,HERIDO,Calle 17 Con Carrera 48,6.2186388,-75.575747,14,El Poblado,1403,Villa Carlota
508739,2019,2019-09-02,07:20,Choque,SOLO DAÑOS,CALLE 29 CON CARRERA 38,6.22650687,-75.5649106,9,Buenos Aires,0914,Asomadera No. 1
568856,2021,2021-05-03,12:40,Choque,SOLO DAÑOS,CALLE 42 C CON CARRERA 63 C,6.24675402,-75.5831725,11,Laureles Estadio,1104,San Joaquín
494685,2019,2019-05-14,11:20,Choque,SOLO DAÑOS,CALLE 40 CON CARRERA 46,6.24110913,-75.56975431,10,La Candelaria,1013,Barrio Colón
552166,2020,2020-11-13,11:30,Choque,HERIDO,CALLE 40 A CON CARRERA 55,6.24184347,-75.57526596,10,La Candelaria,1011,Calle Nueva
698654,2025,2025-07-18,10:40,Atropello,HERIDO,Calle 24 Con Carrera 43 A,6.22415706,-75.5690941,14,El Poblado,1404,Castropol
534826,2020,2020-03-13,23:20,Otro,HERIDO,CALLE 48 A CON CARRERA 82,6.25986953,-75.60055373,12,La América,1202,Los Alcázares
529381,2020,2020-02-02,17:10,Atropello,HERIDO,CALLE 104 CON CARRERA 68,6.29966656,-75.56845579,5,Castilla,0509,Girardot
543919,2020,2020-08-18,12:00,Atropello,HERIDO,CALLE 107 B CON CARRERA 42 B,6.29531398,-75.54786207,1,Popular,0103,Popular
532496,2020,2020-02-25,06:30,Choque,SOLO DAÑOS,CALLE 49 CON CARRERA 87,6.26074093,-75.60503639,13,San Javier,1304,Los Alcázares
565353,2021,2021-03-22,12:00,Choque,SOLO DAÑOS,CALLE 50 CON CARRERA 62,6.25384772,-75.57642315,10,La Candelaria,1006,San Benito
628371,2022,2022-09-15,18:30,Choque,SOLO DAÑOS,Calle 32 C Con Carrera 65 A,6.23717131,-75.58337358,16,Belén,1601,Fátima
629700,2022,2022-09-27,05:55,Choque,SOLO DAÑOS,Calle 39 A Con Carrera 35,6.23638333,-75.56064436,9,Buenos Aires,0912,El Salvador
572014,2021,2021-06-01,17:30,Choque,HERIDO,CALLE 75 CON CARRERA 72 B,6.27490413,-75.58312756,7,Robledo,0706,La Pilarica
620806,2022,2022-07-18,22:30,Choque,HERIDO,Calle 30 Con Carrera 51,6.23188079,-75.57442636,10,La Candelaria,1012,Perpetuo Socorro
561345,2021,2021-02-13,17:00,Choque,SOLO DAÑOS,CALLE 4 CON CARRERA 25,6.19973891,-75.55568954,14,El Poblado,1409,El Tesoro
666376,2024,2024-03-20,18:15,Volcamiento,HERIDO,Calle 77 EE Con Carrera 91,6.28636803,-75.59232759,7,Robledo,713,Aures No.1
633912,2022,2022-11-18,10:00,Otro,HERIDO,Calle 41  Sur Con Carrera 77,6.18518492,-75.65465916,80,Corregimiento de San Antonio de Prado,AUC2,San Antonio de Prado
534594,2020,2020-03-11,21:40,Choque,SOLO DAÑOS,CALLE 103 D CON CARRERA 65,6.2981026,-75.56694287,5,Castilla,0509,Girardot
683644,2024,2024-12-23,10:30,Otro,HERIDO,CL 044 080 081,6.25066851,-75.60318079,12,La América,1204,La América
594475,2021,2021-12-02,16:05,Choque,SOLO DAÑOS,CALLE 12 A SUR CON CARRERA 48,6.19410744,-75.57767912,14,El Poblado,1423,La Aguacatala
492281,2019,2019-04-24,17:15,Choque,HERIDO,CALLE 37 CON CARRERA 45,6.2376202,-75.57007407,10,La Candelaria,1020,Barrio Colón
673761,2024,2024-07-19,13:10,Caida Ocupante,HERIDO,Carrera 51 Con Calle 46,6.24728677,-75.569774,10,La Candelaria,1019,La Candelaria
699628,2025,2025-07-29,20:30,Otro,HERIDO,Calle 5 Con Carrera 80 C,6.21732364,-75.60280781,16,Belén,1611,La Loma de Los Bernal
651766,2023,2023-08-11,13:50,Otro,HERIDO,Calle 24 Con Carrera 51 A,,,15,Guayabal,,
541493,2020,2020-07-10,16:15,Choque,SOLO DAÑOS,CALLE 57 CON CARRERA 50,6.25512813,-75.56480894,10,La Candelaria,1018,Villa Nueva
641448,2023,2023-03-16,05:06,Choque,HERIDO,Calle 93 Con Carrera 65,6.28917835,-75.57043284,5,Castilla,0511,Castilla
560392,2021,2021-02-05,15:00,Otro,HERIDO,CALLE 118 CON CARRERA 46,6.30258323,-75.54875556,2,Santa Cruz,0201,La Isla
519804,2019,2019-11-19,17:00,Caida Ocupante,HERIDO,CALLE 35 CON CARRERA 80,6.24268065,-75.60016784,11,Laureles Estadio,1109,Las Acacias
695002,2025,2025-06-02,20:00,Otro,HERIDO,Calle 32 Con Carrera 65 CC,,,N/D,N/D,,
552214,2020,2020-11-13,18:50,Choque,HERIDO,CALLE 44 CON CARRERA 57,6.24625198,-75.57519767,10,La Candelaria,Inst_17,Centro Administrativo
601049,2022,2022-02-02,19:10,Choque,SOLO DAÑOS,Calle 53 Con Carrera 46,6.25058805,-75.56383557,10,La Candelaria,1019,La Candelaria
607826,2022,2022-03-29,10:15,Choque,SOLO DAÑOS,Calle 61 Con Carrera 52,6.25981785,-75.56720065,10,La Candelaria,1003,Jesús Nazareno
552669,2020,2020-11-19,06:30,Otro,HERIDO,CALLE 57 CON CARRERA 92 DD,6.275928,-75.60575835,13,San Javier,1302,Blanquizal
602884,2022,2022-02-17,15:15,Choque,HERIDO,Calle 67 Con Carrera 51,6.2638241,-75.56341394,10,La Candelaria,Inst_12,Hospital San Vicente de Paúl
508774,2019,2019-09-02,12:40,Choque,SOLO DAÑOS,CALLE 58 CON CARRERA 50,6.25576738,-75.56428522,10,La Candelaria,1018,Villa Nueva
699163,2025,2025-07-24,12:17,Choque,HERIDO,Calle 16 A Con Carrera 43 F,6.21768294,-75.57177806,14,El Poblado,1403,Villa Carlota
626486,2022,2022-09-01,18:10,Otro,HERIDO,Calle 4  Sur Con Carrera 49,6.20378337,-75.57914214,14,El Poblado,1422,La Aguacatala
651723,2023,2023-08-10,22:20,Otro,HERIDO,Calle 44 Con Carrera 72,6.24944772,-75.59123418,11,Laureles Estadio,1107,Bolivariana
691385,2025,2025-04-16,17:40,Choque,HERIDO,Calle 33 Con Carrera 57,6.3208742,-75.5632602,N/D,N/D,Sin inf,Sin inf
615595,2022,2022-06-03,15:30,Choque,SOLO DAÑOS,Calle 93 Con Carrera 51 A,6.28479833,-75.56156196,4,Aranjuez,0402,San Isidro
600040,2022,2022-01-24,17:00,Choque,SOLO DAÑOS,Calle 50 Con Carrera 46,6.24835577,-75.56533701,10,La Candelaria,1019,La Candelaria
609044,2022,2022-04-07,17:55,Choque,SOLO DAÑOS,Calle 44 Con Carrera 76,6.24993459,-75.59526947,11,Laureles Estadio,1111,Lorena
648358,2023,2023-06-23,05:00,Choque,HERIDO,Calle 44 Con Carrera 78,6.25005642,-75.59689167,11,Laureles Estadio,1111,Lorena
573071,2021,2021-06-10,18:10,Choque,SOLO DAÑOS,CALLE 51 CON CARRERA 62,6.25470287,-75.57604207,10,La Candelaria,1006,San Benito
538114,2020,2020-05-27,05:35,Otro,HERIDO,CALLE 115 CON CARRERA 46,6.30155206,-75.54868841,2,Santa Cruz,0201,La Isla
635793,2022,2022-12-16,07:20,Choque,HERIDO,Calle 47 D Con Carrera 70,6.25313288,-75.58780397,11,Laureles Estadio,Inst_14,Florida Nueva
534155,2020,2020-03-08,03:30,Choque,SOLO DAÑOS,CALLE 101 B CON CARRERA 78,6.30183138,-75.57856338,6,Doce de Octubre,0603,Doce de Octubre No.2
507727,2019,2019-08-25,15:30,Choque,SOLO DAÑOS,CALLE 112 B CON CARRERA 65,6.30755134,-75.56394029,5,Castilla,0502,Las Brisas
492424,2019,2019-04-25,18:00,Choque,SOLO DAÑOS,CALLE 50 CON CARRERA 80,6.26362588,-75.59697998,12,La América,1202,Calasanz
547335,2020,2020-09-25,09:15,Choque,SOLO DAÑOS,CALLE 63 A CON CARRERA 48,6.25942097,-75.56007816,10,La Candelaria,1001,Prado
594596,2021,2021-12-03,11:30,Atropello,HERIDO,CALLE 30 CON CARRERA 65,6.23193333,-75.58282281,16,Belén,1601,Fátima
682543,2024,2024-12-05,10:30,Volcamiento,HERIDO,CL  042   080 B 095 00000,6.24870704,-75.60186507,11,Laureles Estadio,1111,Lorena
524511,2019,2019-12-23,14:50,Choque,HERIDO,CALLE 50 CON CARRERA 56 C,6.25297226,-75.57457551,10,La Candelaria,1006,San Benito
591837,2021,2021-11-11,14:20,Choque,SOLO DAÑOS,CALLE 102 CON CARRERA 29,6.29087235,-75.54116319,1,Popular,0110,La Esperanza No. 2
602263,2022,2022-02-12,14:10,Choque,SOLO DAÑOS,Calle 49 Con Carrera 31,6.24121262,-75.55354158,9,Buenos Aires,0907,Buenos Aires
491871,2019,2019-04-20,19:00,Atropello,HERIDO,CALLE 73 CON CARRERA 51,6.26798828,-75.56186455,4,Aranjuez,0407,Sevilla
634991,2022,2022-12-03,20:18,Choque,HERIDO,Calle 31 Con Carrera 43 A,6.23123293,-75.56997147,10,La Candelaria,1012,Perpetuo Socorro
591393,2021,2021-11-08,06:00,Volcamiento,HERIDO,CALLE 40 CON CARRERA 44,6.23951443,-75.56801538,10,La Candelaria,1020,San Diego
643973,2023,2023-04-26,15:20,Otro,HERIDO,Calle 7 Con Carrera 52,6.21264231,-75.58330428,15,Guayabal,1507,Campo Amor
500517,2019,2019-07-03,12:30,Choque,HERIDO,CALLE 34 CC CON CARRERA 92,6.24521567,-75.61732584,13,San Javier,1311,Belencito
682336,2024,2024-12-02,04:00,Choque,HERIDO,CL 017 035 036,,,9,Buenos Aires,,
553996,2020,2020-12-01,00:10,Choque,SOLO DAÑOS,CALLE 99 CON CARRERA 99,6.27343838,-75.60889338,14,El Poblado,SN01,Olaya Herrera
561320,2021,2021-02-13,14:50,Choque,SOLO DAÑOS,CALLE 78 CON CARRERA 51,6.27249428,-75.56239916,4,Aranjuez,0415,Jardín Botánico
677015,2024,2024-09-07,06:50,Otro,HERIDO,Carrera 65 Con Calle 28,6.22893387,-75.58281418,15,Guayabal,1503,Trinidad
518514,2019,2019-11-09,22:00,Choque,HERIDO,CALLE 98 CC CON CARRERA 83,6.29954351,-75.58205845,6,Doce de Octubre,0608,Picacho
599976,2022,2022-01-24,07:00,Choque,SOLO DAÑOS,Calle 47 Con Carrera 46,6.2545337,-75.56243284,10,La Candelaria,1018,Villa Nueva
663778,2024,2024-02-10,18:00,Choque,HERIDO,Calle 55 Con Carrera 65,6.25866798,-75.58014181,11,Laureles Estadio,1101,Carlos E. Restrepo
684439,2025,2025-01-15,06:45,Choque,HERIDO,Calle 24 Con Carrera 50,6.22535334,-75.57709734,15,Guayabal,1504,Santa Fé
586388,2021,2021-09-27,14:40,Choque,HERIDO,CALLE 8 CON CARRERA 10,6.17570566,-75.54352425,90,Corregimiento de Santa Elena,9001,Las Palmas
686743,2025,2025-02-17,10:40,Choque,HERIDO,Calle 58 Con Carrera 49,6.25551586,-75.56337714,10,La Candelaria,1001,Prado
677214,2024,2024-09-10,15:00,Caida Ocupante,HERIDO,Carrera 45 Con Calle 47,6.24550051,-75.56587986,10,La Candelaria,1013,Barrio Colón
530073,2020,2020-02-07,17:50,Choque,HERIDO,CALLE 10 CON CARRERA 43 A,6.21062441,-75.57052713,14,El Poblado,1420,Astorga
503651,2019,2019-07-27,13:30,Choque,HERIDO,CALLE 67 CON CARRERA 55,6.26460605,-75.56815425,4,Aranjuez,Inst_11,Universidad de Antioquia
536196,2020,2020-04-15,17:00,Choque,SOLO DAÑOS,CALLE 42 CON CARRERA 80,6.24986181,-75.59968791,11,Laureles Estadio,1111,Lorena
621330,2022,2022-07-23,09:30,Otro,HERIDO,Calle 104 Con Carrera 73,6.30076644,-75.57397698,6,Doce de Octubre,0604,Pedregal
486710,2019,2019-03-05,14:00,Choque,HERIDO,CALLE 105 CON CARRERA 64,6.30082119,-75.55985746,5,Castilla,0507,Héctor Abad Gómez
663806,2024,2024-02-11,05:15,Choque,HERIDO,Carrera 38 Con Calle 56,6.2489019,-75.55669695,10,La Candelaria,1016,Boston
563941,2021,2021-03-09,00:05,Choque,HERIDO,CALLE 67 CON CARRERA 63,6.26555613,-75.57533261,7,Robledo,Inst_8,Universidad Nacional
654161,2023,2023-09-14,07:10,Otro,HERIDO,Calle 52 Con Carrera 63 A,6.25562766,-75.57683855,11,Laureles Estadio,1101,Carlos E. Restrepo
596984,2021,2021-12-22,16:07,Choque,SOLO DAÑOS,CALLE 58 CON CARRERA 39,6.25007332,-75.55687787,10,La Candelaria,1016,Boston
674190,2024,2024-07-26,15:00,Atropello,HERIDO,CL 073 073 073 A,6.27293212,-75.58479781,7,Robledo,706,La Pilarica
693124,2025,2025-05-09,19:10,Choque,HERIDO,Calle 60 Con Carrera 73,6.26526584,-75.58684463,7,Robledo,703,San Germán
656206,2023,2023-10-13,00:20,Volcamiento,HERIDO,Calle 89 A Con Carrera 55,6.28254931,-75.5661413,4,Aranjuez,0405,Moravia
610830,2022,2022-04-24,15:40,Otro,HERIDO,Calle 39 D Con Carrera 113,6.25407601,-75.62513447,13,San Javier,1316,El Salado
636202,2022,2022-12-22,11:20,Choque,HERIDO,Calle 32 C Con Carrera 78,6.23609538,-75.59829208,16,Belén,1619,El Nogal-Los Almendros
491975,2019,2019-04-22,01:15,Choque,SOLO DAÑOS,CALLE 33 CON CARRERA 65,6.23951859,-75.58312692,11,Laureles Estadio,1105,Los Conquistadores
485050,2019,2019-02-19,16:20,Choque,SOLO DAÑOS,CALLE 8 B CON CARRERA 65,6.21539747,-75.58614029,15,Guayabal,1507,Campo Amor
612252,2022,2022-05-05,17:30,Choque,SOLO DAÑOS,Calle 44 Con Carrera 54,6.24552319,-75.57315769,10,La Candelaria,Inst_17,Centro Administrativo
569786,2021,2021-05-13,10:00,Choque,HERIDO,CALLE 49 CON CARRERA 95,6.26090639,-75.60917218,13,San Javier,1306,La Pradera
619071,2022,2022-07-04,19:10,Choque,HERIDO,Calle 48 A Con Carrera 102 B,6.25941921,-75.6182479,13,San Javier,1319,Antonio Nariño
528299,2020,2020-01-25,14:00,Choque,HERIDO,CALLE 101 CON CARRERA 64 C,6.29429848,-75.56759494,5,Castilla,0510,Tricentenario
481329,2019,2019-01-19,06:30,Otro,HERIDO,CALLE 9 CON CARRERA 32,6.2083308,-75.56374821,14,El Poblado,1406,Las Lomas No.1
612870,2022,2022-05-11,07:40,Choque,HERIDO,Calle 7  Sur Con Carrera 49,6.19983114,-75.57971453,14,El Poblado,1422,La Aguacatala
578418,2021,2021-07-24,20:45,Atropello,MUERTO,CALLE 74 CON CARRERA 64 C,6.27250857,-75.57333564,5,Castilla,0517,Caribe
585944,2021,2021-09-23,16:15,Caida Ocupante,HERIDO,CALLE 87 CON CARRERA 49 A,6.27965438,-75.55690813,4,Aranjuez,0412,La Piñuela
696505,2025,2025-06-21,08:20,Atropello,HERIDO,Calle 6 Con Carrera 50,6.21090741,-75.57880638,15,Guayabal,1507,Campo Amor
691761,2025,2025-04-22,16:30,Otro,HERIDO,Calle 29 Con Carrera 49,6.2312743,-75.57536561,10,La Candelaria,1012,Perpetuo Socorro
526797,2020,2020-01-14,17:15,Choque,HERIDO,CALLE 60 CON CARRERA 47,6.25620099,-75.56128332,10,La Candelaria,1001,Prado
645612,2023,2023-05-17,20:40,Choque,HERIDO,Calle 40 Con Carrera 118,6.25233075,-75.62806399,13,San Javier,1315,Nuevos Conquistadores
482156,2019,2019-01-26,12:00,Choque,SOLO DAÑOS,CALLE 31 CON CARRERA 63,6.23828285,-75.57898126,16,Belén,1621,Cerro Nutibara
627741,2022,2022-09-10,22:00,Atropello,MUERTO,Calle 107 Con Carrera 52,6.29963025,-75.55728776,2,Santa Cruz,0206,Andalucía
533975,2020,2020-03-06,18:15,Choque,SOLO DAÑOS,CALLE 44 CON CARRERA 57,6.24671613,-75.57612411,10,La Candelaria,1008,Corazón de Jesús
525188,2019,2019-12-29,18:30,Volcamiento,HERIDO,CALLE 47 D CON CARRERA 87,6.25790147,-75.60369943,12,La América,1205,La Floresta
511117,2019,2019-09-18,12:00,Otro,HERIDO,CALLE 1 CON DIAGONAL 79 B,,,16,Belén,Sin inf,Sin inf
626890,2022,2022-09-04,17:00,Choque,HERIDO,Calle 63 Con Carrera 39,6.25394251,-75.55381873,8,Villa Hermosa,0803,San Miguel
696589,2025,2025-06-22,05:30,Otro,HERIDO,Calle 30 A Con Carrera 110,,,N/D,N/D,,
532753,2020,2020-02-26,17:35,Choque,SOLO DAÑOS,CALLE 49 A CON CARRERA 46,6.24749587,-75.5657251,10,La Candelaria,1019,La Candelaria
672117,2024,2024-06-22,10:30,Otro,HERIDO,Carrera 52 Con Calle 12  Sur,6.19763443,-75.58978021,15,Guayabal,1510,Guayabal
697863,2025,2025-07-08,15:30,Choque,HERIDO,Calle 10 A Con Carrera 10,6.20981506,-75.54603953,90,Corregimiento de Santa Elena,9001,Las Palmas
560453,2021,2021-02-06,00:30,Choque,SOLO DAÑOS,CALLE 68 CON CARRERA 49,6.26445359,-75.55956891,4,Aranjuez,0408,San Pedro
567096,2021,2021-04-12,06:40,Choque,SOLO DAÑOS,CALLE 54 CON CARRERA 43,6.24999563,-75.56141515,10,La Candelaria,1019,La Candelaria
653986,2023,2023-09-11,21:00,Choque,HERIDO,Calle 71 A Con Carrera 39,6.2668628,-75.54980138,3,Manrique,0308,Manrique Oriental
633989,2022,2022-11-19,11:30,Choque,HERIDO,Calle 35 Con Carrera 83,6.24388841,-75.60537686,12,La América,1211,Simón Bolívar
646659,2023,2023-05-31,21:00,Otro,HERIDO,Calle 76 Con Carrera 34,6.26813366,-75.54616315,3,Manrique,0305,El Raizal
567207,2021,2021-04-13,08:10,Volcamiento,HERIDO,CALLE 5 CON CARRERA 43 D,6.20606162,-75.57348205,14,El Poblado,1421,Patio Bonito
571295,2021,2021-05-26,20:25,Choque,SOLO DAÑOS,CALLE 77 C CON CARRERA 87,6.28369529,-75.59106739,7,Robledo,0714,Bello Horizonte
528696,2020,2020-01-28,16:30,Caida Ocupante,HERIDO,CALLE 59 CON CARRERA 19,6.25178237,-75.54225309,8,Villa Hermosa,0807,Los Mangos
552806,2020,2020-11-20,12:00,Choque,SOLO DAÑOS,CALLE 99 CON CARRERA 48,6.2905094,-75.55501762,2,Santa Cruz,0209,Moscú No. 1
508499,2019,2019-08-31,09:00,Otro,HERIDO,CALLE 63 CON CARRERA 96,6.28269668,-75.60527897,7,Robledo,0723,Pajarito
608535,2022,2022-04-04,09:30,Choque,HERIDO,Calle 59 Con Carrera 89 C,6.27500254,-75.60210283,13,San Javier,1301,El Pesebre
669348,2024,2024-05-07,12:45,Choque,HERIDO,Carrera 92 Con Calle 34 CC,6.24521567,-75.61732584,13,San Javier,1311,Belencito
581060,2021,2021-08-15,13:50,Otro,HERIDO,CALLE 94 CON CARRERA 25,6.28375249,-75.53979337,3,Manrique,0313,María Cano Carambolas
491364,2019,2019-04-14,21:00,Choque,SOLO DAÑOS,CALLE 36 CON CARRERA 53,6.23806911,-75.57481632,10,La Candelaria,1012,Perpetuo Socorro
676941,2024,2024-09-06,06:30,Choque,HERIDO,Carrera 52 Con Calle 67 A,6.265651,-75.56625214,4,Aranjuez,407,Sevilla
562028,2021,2021-02-19,15:50,Atropello,HERIDO,CALLE 98 D CON CARRERA 85,6.30080867,-75.58390762,6,Doce de Octubre,0608,Picachito
553742,2020,2020-11-28,16:45,Choque,SOLO DAÑOS,CALLE 2 SUR CON CARRERA 52,6.20663327,-75.58599406,15,Guayabal,1509,Cristo Rey
566673,2021,2021-04-06,05:40,Caida Ocupante,HERIDO,CALLE 73 CON CARRERA 53,6.26948898,-75.56630185,4,Aranjuez,Inst_11,Parque Norte
679532,2024,2024-10-17,21:30,Otro,HERIDO,CL 043 087,,,3,Manrique,,
558094,2021,2021-01-14,03:50,Caida Ocupante,HERIDO,CALLE 70 F CON CARRERA 95,6.28720928,-75.59899367,7,Robledo,0724,Monteclaro
490210,2019,2019-04-05,13:40,Otro,HERIDO,CALLE 94 CON CARRERA 63,6.28804489,-75.57117403,5,Castilla,0511,Castilla
692065,2025,2025-04-26,10:30,Atropello,HERIDO,Calle 106 B Con Carrera 82,6.30807822,-75.5788754,6,Doce de Octubre,0602,Doce de Octubre No.1
481731,2019,2019-01-22,21:50,Choque,HERIDO,CALLE 84 CON CARRERA 45,6.27619921,-75.55351989,4,Aranjuez,0410,Campo Valdés No. 2
569648,2021,2021-05-12,04:45,Choque,SOLO DAÑOS,CALLE 41 CON CARRERA 48,6.24142565,-75.57021222,10,La Candelaria,1013,Barrio Colón
589163,2021,2021-10-19,12:50,Choque,HERIDO,CALLE 111 G CON CARRERA 64 A,6.30617749,-75.55914697,5,Castilla,0501,Toscana
691676,2025,2025-04-21,15:30,Atropello,HERIDO,Calle 97 Con Carrera 46,6.28893908,-75.55342866,1,Popular,106,Villa Guadalupe
659646,2023,2023-12-01,14:30,Caida Ocupante,HERIDO,Calle 14 Con Carrera 43 A,6.21466855,-75.56989855,14,El Poblado,1404,Lalinde
521471,2019,2019-12-03,09:25,Choque,SOLO DAÑOS,CALLE 50 CON CARRERA 46,6.24828804,-75.56510766,10,La Candelaria,1019,La Candelaria
669121,2024,2024-05-04,07:30,Choque,HERIDO,Carrera 63 Con Calle 48,6.25159371,-75.57924808,11,Laureles Estadio,1102,Suramericana
506678,2019,2019-08-17,07:40,Atropello,HERIDO,CALLE 55 CON CARRERA 55,6.28182512,-75.56717002,4,Aranjuez,0405,Moravia
637332,2023,2023-01-13,08:00,Atropello,HERIDO,Calle 45 A Con Carrera 54,6.24748287,-75.57295963,10,La Candelaria,1007,Guayaquil
544224,2020,2020-08-21,16:35,Choque,SOLO DAÑOS,CALLE 10 CON CARRERA 52,6.21454133,-75.58155761,15,Guayabal,1507,Campo Amor
517291,2019,2019-11-01,05:30,Volcamiento,HERIDO,CALLE 14 CON CARRERA 50,6.21701726,-75.57826529,15,Guayabal,1507,Santa Fé
509096,2019,2019-09-04,18:00,Choque,SOLO DAÑOS,CALLE 76 D CON CARRERA 90 D,6.2848092,-75.59405683,7,Robledo,0713,Aures No.1
609777,2022,2022-04-14,21:00,Choque,SOLO DAÑOS,Calle 114 Con Carrera 64 F,6.30935059,-75.55832917,5,Castilla,0501,Toscana
525821,2020,2020-01-05,10:30,Choque,HERIDO,CALLE 94 CON CARRERA 63,6.28804489,-75.57117403,5,Castilla,0511,Castilla
684293,2025,2025-01-11,19:50,Atropello,HERIDO,Calle 82 Con Carrera 83,,,7,Robledo,,
694837,2025,2025-05-31,15:00,Otro,HERIDO,Calle 107 C Con Carrera 42 B,6.29574871,-75.54771535,1,Popular,101,Santo Domingo Savio No.1
596166,2021,2021-12-16,09:50,Choque,HERIDO,CALLE 41 CON CARRERA 55,6.24252794,-75.5752294,10,La Candelaria,Inst_17,Centro Administrativo
572778,2021,2021-06-08,15:30,Choque,SOLO DAÑOS,CALLE 35 CON CARRERA 51,6.23652445,-75.57397535,10,La Candelaria,1012,Perpetuo Socorro
586190,2021,2021-09-25,15:05,Choque,SOLO DAÑOS,CALLE 53 CON CARRERA 73,6.26231306,-75.58772626,11,Laureles Estadio,1115,Cuarta Brigada
578386,2021,2021-07-24,16:10,Choque,SOLO DAÑOS,CALLE 45 CC CON CARRERA 80,6.254378,-75.59884035,11,Laureles Estadio,1112,El Velódromo
592090,2021,2021-11-13,11:30,Otro,HERIDO,CALLE 30 CON CARRERA 63,,,16,Belén,,
605191,2022,2022-03-07,16:45,Atropello,HERIDO,Calle 54 Con Carrera 86 A,6.2711788,-75.60198393,60,Corregimiento de San Cristóbal,6097,El Pesebre
604145,2022,2022-02-27,11:36,Choque,SOLO DAÑOS,Calle 46 Con Carrera 87,6.25590674,-75.60300678,12,La América,1205,La Floresta
604994,2022,2022-03-05,18:50,Volcamiento,HERIDO,Calle 999 Con Carrera 999,,,90,Corregimiento de Santa Elena,,
573569,2021,2021-06-15,12:10,Atropello,HERIDO,CALLE 63 CON CARRERA 18 B,6.25435586,-75.54021927,8,Villa Hermosa,0806,Llanaditas
492759,2019,2019-04-28,17:40,Caida Ocupante,HERIDO,CALLE 36 CON CARRERA 43,6.23607444,-75.56936682,10,La Candelaria,1020,San Diego
507965,2019,2019-08-27,11:30,Choque,HERIDO,CALLE 67 CON DIAGONAL 64,6.26534565,-75.57444235,7,Robledo,Inst_8,Universidad Nacional
695891,2025,2025-06-13,15:20,Otro,HERIDO,Calle 64 Con Carrera 109 A,6.28032365,-75.61809878,60,Corregimiento de San Cristóbal,AE1,Área de Expansión Pajarito
683502,2024,2024-12-19,14:20,Volcamiento,HERIDO,CL  052   017  018 00000,6.23693162,-75.54212336,8,Villa Hermosa,813,Villatina
625876,2022,2022-08-27,21:10,Choque,HERIDO,Calle 67 Con Carrera 51,6.26408278,-75.56326166,4,Aranjuez,0407,Sevilla
643268,2023,2023-04-15,19:20,Otro,HERIDO,Calle 93 Con Carrera 64 C,6.28720688,-75.56982048,5,Castilla,Inst_2,Oleoducto
651669,2023,2023-08-10,00:15,Choque,HERIDO,Calle 8 Con Carrera 84 F,6.21963212,-75.60857776,16,Belén,1611,Loma de los Bernal
605213,2022,2022-03-07,18:50,Otro,HERIDO,Calle 30 Con Carrera 49,6.22960141,-75.57619025,15,Guayabal,1504,Santa Fé
573734,2021,2021-06-16,16:05,Choque,SOLO DAÑOS,CALLE 3 SUR CON CARRERA 42,6.20021897,-75.57311477,14,El Poblado,1421,La Aguacatala
616586,2022,2022-06-12,06:30,Choque,SOLO DAÑOS,Calle 64 A Con Carrera 80,6.27280731,-75.59328198,7,Robledo,0703,San Germán
597533,2021,2021-12-27,17:00,Caida Ocupante,HERIDO,CALLE 101 CON CARRERA 45,6.29118489,-75.55187104,1,Popular,0105,Moscú No. 2
632592,2022,2022-10-30,16:20,Choque,HERIDO,Calle 80 Con Carrera 72 A,6.27974579,-75.57942349,7,Robledo,0708,Altamira
622398,2022,2022-08-01,07:30,Otro,HERIDO,Calle 62 Con Carrera 98,6.27879165,-75.60891819,7,Robledo,0720,Santa Margarita
677350,2024,2024-09-13,05:20,Otro,HERIDO,,,,60,Corregimiento de San Cristóbal,,
615912,2022,2022-06-06,14:00,Otro,HERIDO,Calle 78 Con Carrera 49,6.27177242,-75.55830683,4,Aranjuez,0410,Brasilia
525689,2020,2020-01-03,19:22,Choque,HERIDO,CALLE 45 CON CARRERA 46,6.24491657,-75.56766781,10,La Candelaria,1013,Barrio Colón
520835,2019,2019-11-27,13:20,Choque,SOLO DAÑOS,CALLE 8 CON CARRERA 50 FF,6.21335713,-75.57846168,15,Guayabal,1507,Campo Amor
585181,2021,2021-09-17,20:39,Choque,SOLO DAÑOS,CALLE 58 CON CARRERA 63,6.26129925,-75.57404871,7,Robledo,Inst_8,Universidad Nacional
482403,2019,2019-01-28,15:30,Choque,SOLO DAÑOS,CALLE 44 CON CARRERA 50,6.24441316,-75.56983257,10,La Candelaria,1007,Guayaquil
482909,2019,2019-02-02,01:00,Choque,SOLO DAÑOS,CALLE 44 CON CARRERA 79 B,6.25053869,-75.600806,12,La América,1203,Los Pinos
640512,2023,2023-03-03,07:10,Atropello,HERIDO,Calle 31 B Con Carrera 89 E,6.23461161,-75.6159881,70,Corregimiento de Altavista,7004,Las Violetas
654531,2023,2023-09-19,15:30,Choque,HERIDO,Calle 46 Con Carrera 63,6.25090856,-75.58108492,11,Laureles Estadio,1103,Naranjal
557404,2021,2021-01-03,13:30,Choque,SOLO DAÑOS,TRAMO 18 CON KILOMETRO 16,,,60,Corregimiento de San Cristóbal,,
537919,2020,2020-05-23,12:40,Choque,SOLO DAÑOS,CALLE 53 B CON CARRERA 85 E,6.26967801,-75.60126462,11,Laureles Estadio,SN01,Calasanz Parte Alta
674691,2024,2024-08-03,08:40,Choque,HERIDO,Carrera 43 A Con Calle 31,6.23123294,-75.56997147,10,La Candelaria,1012,Perpetuo Socorro
542714,2020,2020-07-30,15:45,Choque,SOLO DAÑOS,CALLE 99 CON CARRERA 99,6.29022786,-75.55256781,1,Popular,0105,Moscú No. 2
626297,2022,2022-08-31,08:00,Otro,HERIDO,Calle 92 Con Carrera 49,6.28328135,-75.5561159,4,Aranjuez,0412,La Piñuela
654970,2023,2023-09-25,20:30,Choque,HERIDO,Calle 32 FF Con Carrera 76,,,11,Laureles Estadio,,
566976,2021,2021-04-09,13:10,Choque,SOLO DAÑOS,CALLE 99 CON CARRERA 99,6.27343838,-75.60889338,50,Corregimiento de San Sebastián de Palmitas,SN01,Olaya Herrera
636763,2023,2023-01-03,00:32,Otro,HERIDO,Calle 53 Con Carrera 56,6.25481766,-75.57118094,10,La Candelaria,1005,Estación Villa
639535,2023,2023-02-16,17:15,Caida Ocupante,HERIDO,Calle 13 C Sur Con Carrera 54,6.19790966,-75.59196333,15,Guayabal,1511,La Colina
482245,2019,2019-01-27,05:15,Incendio,SOLO DAÑOS,CALLE 999 CON CARRERA 999,,,N/D,N/D,Sin inf,Sin inf
537772,2020,2020-05-21,09:00,Choque,SOLO DAÑOS,CALLE 65 CON CARRERA 86,6.27589459,-75.59641313,7,Robledo,0717,Robledo
503077,2019,2019-07-23,11:30,Otro,HERIDO,CALLE 41 CON CARRERA 45,6.24106129,-75.56956069,10,La Candelaria,1013,Barrio Colón
596612,2021,2021-12-19,14:08,Choque,HERIDO,CALLE 88 D CON CARRERA 64 C,6.2868097,-75.56683652,5,Castilla,Inst_2,Oleoducto
674003,2024,2024-07-23,09:00,Otro,HERIDO,Calle 44 AA Con Carrera 10 A,6.22767896,-75.54354391,9,Buenos Aires,903,Bomboná No.2
698598,2025,2025-07-17,16:28,Choque,HERIDO,Calle 58 Con Carrera 62,6.26047672,-75.57328816,10,La Candelaria,1004,El Chagualo
612563,2022,2022-05-08,08:40,Choque,SOLO DAÑOS,Calle 9 Con Carrera 42,6.20949521,-75.56989657,14,El Poblado,1418,El Poblado
593439,2021,2021-11-24,18:30,Choque,SOLO DAÑOS,CALLE 58 CON CARRERA 29,6.24953798,-75.54923093,8,Villa Hermosa,0808,Enciso
506323,2019,2019-08-15,08:00,Choque,HERIDO,CALLE 44 CON CARRERA 57,6.24671613,-75.57612411,10,La Candelaria,1008,Corazón de Jesús
563816,2021,2021-03-08,01:30,Choque,HERIDO,CALLE 46 CON CARRERA 15,6.23254307,-75.54388045,9,Buenos Aires,0904,Los Cerros El Vergel
647868,2023,2023-06-16,19:00,Choque,HERIDO,Calle 30 Con Carrera 66 B,6.23167102,-75.58727328,16,Belén,1601,Rosales
687505,2025,2025-02-27,04:10,Otro,HERIDO,Calle 20 Con Carrera 83,6.22525699,-75.60593947,16,Belén,1613,Altavista
542107,2020,2020-07-21,07:20,Choque,SOLO DAÑOS,CALLE 41 CON CARRERA 50,6.2417291,-75.57094606,10,La Candelaria,1013,Calle Nueva
660016,2023,2023-12-06,14:20,Choque,HERIDO,Calle 55 Con Carrera 51,6.25446556,-75.56704986,10,La Candelaria,1005,Estación Villa
672753,2024,2024-07-03,16:30,Choque,HERIDO,Carrera 46 Con Calle 83,6.27553769,-75.55468842,4,Aranjuez,410,Campo Valdés No.1
510008,2019,2019-09-10,19:45,Atropello,HERIDO,CALLE 58 CON CARRERA 48,6.25499811,-75.56292942,10,La Candelaria,1018,Villa Nueva
548337,2020,2020-10-05,10:00,Choque,SOLO DAÑOS,CALLE 99 CON CARRERA 65,6.29575406,-75.56725375,5,Castilla,0509,Girardot
583925,2021,2021-09-08,09:00,Choque,HERIDO,CALLE 111 CON CARRERA 64 C,6.30453917,-75.55788488,5,Castilla,0501,Toscana
517025,2019,2019-10-30,07:30,Choque,SOLO DAÑOS,CALLE 44 CON CARRERA 60,6.24740145,-75.57839634,10,La Candelaria,1008,Corazón de Jesús
488566,2019,2019-03-21,18:00,Atropello,HERIDO,CALLE 49 CON CARRERA 10 B,6.23162737,-75.5401091,9,Buenos Aires,0902,Barrio de Jesús
552099,2020,2020-11-12,17:30,Choque,SOLO DAÑOS,CALLE 99 CON CARRERA 72,6.29583833,-75.57352369,6,Doce de Octubre,0605,La Esperanza
520399,2019,2019-11-23,21:00,Choque,SOLO DAÑOS,CALLE 88 CON CARRERA 62,6.2868097,-75.56683652,5,Castilla,Inst_2,Oleoducto
657919,2023,2023-11-05,12:58,Choque,HERIDO,Calle 25 Con Carrera 55,6.22677931,-75.58092976,15,Guayabal,1503,Trinidad
590442,2021,2021-10-29,19:00,Caida Ocupante,HERIDO,CALLE 63 CON CARRERA 80,6.27196966,-75.59392942,7,Robledo,0717,Robledo
630445,2022,2022-10-03,03:00,Otro,HERIDO,Calle 87 A Con Carrera 53 A,6.27998149,-75.56524837,4,Aranjuez,0404,Moravia
612203,2022,2022-05-05,09:00,Otro,HERIDO,Calle 30 Con Carrera 89,6.23411597,-75.61238041,16,Belén,1616,Las Violetas
531846,2020,2020-02-20,14:00,Choque,SOLO DAÑOS,CARRERA 65 CON TRANSVERSAL 78,6.27540582,-75.5737457,5,Castilla,0519,El Progreso
689899,2025,2025-03-28,21:30,Choque,HERIDO,Calle 97 A Con Carrera 24 F,6.28683152,-75.54038967,1,Popular,112,Carpinelo
524118,2019,2019-12-20,19:00,Otro,HERIDO,CALLE 8 CON CARRERA 39,6.20784034,-75.56840654,14,El Poblado,1418,El Poblado
485011,2019,2019-02-19,10:40,Volcamiento,HERIDO,CALLE 61 CON CARRERA 104,6.27537756,-75.61177744,7,Robledo,0720,Santa Margarita
513498,2019,2019-10-04,18:15,Volcamiento,HERIDO,CALLE 2 B CON CARRERA 81 A,6.21134361,-75.6045611,16,Belén,SN02,El Rincón
652867,2023,2023-08-26,15:50,Choque,HERIDO,Calle 30 Con Avenida 80,,,16,Belén,,
668217,2024,2024-04-19,14:25,Otro,HERIDO,Carrera 43 A Con Calle 8,6.20910676,-75.5711051,14,El Poblado,1420,Astorga
620815,2022,2022-07-19,05:00,Otro,HERIDO,Calle 34 Con Carrera 63,6.24024038,-75.57875111,11,Laureles Estadio,1105,Los Conquistadores
613589,2022,2022-05-17,06:50,Otro,HERIDO,Calle 42 Con Carrera 63,6.24716355,-75.58205641,11,Laureles Estadio,1104,San Joaquín
685088,2025,2025-01-25,09:40,Choque,HERIDO,Calle 108 Con Carrera 76 A,,,6,Doce de Octubre,,
645854,2023,2023-05-21,02:00,Otro,HERIDO,Calle 95 A Con Carrera 39,6.28631826,-75.54843943,1,Popular,0107,Villa Guadalupe
603874,2022,2022-02-25,07:30,Otro,HERIDO,Calle 38 Con Carrera 55,6.239881,-75.57525564,10,La Candelaria,1011,Calle Nueva
666657,2024,2024-03-25,02:19,Choque,HERIDO,Calle 54 B Con Carrera 8,6.23376351,-75.53573685,8,Villa Hermosa,815,Las Estancias
608561,2022,2022-04-04,13:30,Caida Ocupante,HERIDO,Calle 61 Con Carrera 50 A,6.25850654,-75.56351327,10,La Candelaria,1001,Prado
613955,2022,2022-05-20,06:20,Otro,HERIDO,Calle 58 Con Carrera 109 A,6.27246521,-75.61814372,7,Robledo,0722,Olaya Herrera
623837,2022,2022-08-11,14:15,Choque,SOLO DAÑOS,Calle 98 A Con Carrera 63,6.29434988,-75.56769228,5,Castilla,0509,Girardot
676922,2024,2024-09-05,20:30,Choque,HERIDO,Carrera 65 Con Calle 1,6.20877695,-75.588486,15,Guayabal,1509,Cristo Rey
496139,2019,2019-05-26,12:10,Atropello,HERIDO,CALLE 48 CON CARRERA 57,6.25016827,-75.57523336,10,La Candelaria,1008,Corazón de Jesús
675353,2024,2024-08-13,11:00,Otro,HERIDO,,,,60,Corregimiento de San Cristóbal,,
695143,2025,2025-06-04,13:30,Caida Ocupante,HERIDO,Calle 97 Con Carrera 73,6.29367612,-75.57572398,6,Doce de Octubre,605,La Esperanza
692643,2025,2025-05-03,08:13,Choque,HERIDO,Calle 56 Con Carrera 37,6.24849483,-75.55603046,10,La Candelaria,1016,Boston
682409,2024,2024-12-03,07:01,Choque,HERIDO,CL 078 044,6.27088574,-75.55340413,3,Manrique,303,Campo Valdés No.2
700261,2025,2025-08-05,22:00,Atropello,HERIDO,Calle 41 Con Carrera 55,6.24290418,-75.57516386,10,La Candelaria,Inst_17,Centro Administrativo
566978,2021,2021-04-09,14:00,Choque,SOLO DAÑOS,CALLE 12 CON CARRERA 50,,,15,Guayabal,,
683485,2024,2024-12-19,10:45,Otro,HERIDO,CL  104   043 B 006 00000,6.2935125,-75.5505443,2,Santa Cruz,207,Villa del Socorro
616957,2022,2022-06-15,13:50,Choque,SOLO DAÑOS,Calle 49 Con Carrera 62,6.25154711,-75.57915609,11,Laureles Estadio,1102,Suramericana
626823,2022,2022-09-04,05:15,Volcamiento,HERIDO,Calle 34 B Con Carrera 113 D,6.24660116,-75.62607413,13,San Javier,1313,El Corazón
641610,2023,2023-03-18,22:30,Choque,HERIDO,Calle 103 D Con Carrera 68 A,6.29942564,-75.56922265,5,Castilla,0509,Girardot
523497,2019,2019-12-16,13:00,Caida Ocupante,HERIDO,CALLE 16 CON CARRERA 49,6.21727154,-75.57706132,14,El Poblado,1403,Villa Carlota
670016,2024,2024-05-17,21:10,Choque,HERIDO,Carrera 52 Con Calle 2  Sur,6.20680873,-75.58626287,15,Guayabal,1509,Cristo Rey
491697,2019,2019-04-17,17:20,Choque,HERIDO,CALLE 1 CON CARRERA 43,6.20352206,-75.57165981,14,El Poblado,1417,La Florida
569263,2021,2021-05-07,17:00,Choque,HERIDO,CALLE 80 CON CARRERA 80,6.18661632,-75.65660126,80,Corregimiento de San Antonio de Prado,8000,Cabecera San Antonio de Prado
572447,2021,2021-06-05,13:20,Caida Ocupante,HERIDO,CALLE 82 CON CARRERA 83,6.26780493,-75.59816731,12,La América,1201,Ferrini
509184,2019,2019-09-05,10:40,Choque,SOLO DAÑOS,CALLE 10 B SUR CON CARRERA 50 FF,6.19770503,-75.58536762,15,Guayabal,1510,Guayabal
640233,2023,2023-02-27,06:30,Choque,HERIDO,Calle 53  Sur Con Carrera 55,6.17619578,-75.63706612,80,Corregimiento de San Antonio de Prado,AUC2,San Antonio de Prado
502776,2019,2019-07-21,07:10,Caida Ocupante,HERIDO,CALLE 64 CON CARRERA 112,,,7,Robledo,Sin inf,Sin inf
660013,2023,2023-12-06,13:40,Choque,HERIDO,Calle 2 C Con Carrera 54,6.21011909,-75.5854789,15,Guayabal,1507,Campo Amor
673475,2024,2024-07-15,03:00,Choque,HERIDO,Carrera 77 B Con Calle 60,6.27030576,-75.59254411,7,Robledo,703,San Germán
518675,2019,2019-11-11,15:30,Choque,SOLO DAÑOS,CALLE 59 CON CARRERA 80,6.27147605,-75.59435553,11,Laureles Estadio,1114,Los Colores
524158,2019,2019-12-21,01:50,Choque,HERIDO,CALLE 67 CON CARRERA 78,,,7,Robledo,Sin inf,Sin inf
492232,2019,2019-04-24,11:15,Choque,SOLO DAÑOS,CALLE 10 CON CARRERA 48,6.21253849,-75.57637912,14,El Poblado,1421,Patio Bonito
702399,2025,2025-08-30,12:15,Choque,HERIDO,Calle 30 Con Carrera 63,,,N/D,N/D,,
573646,2021,2021-06-15,20:05,Choque,HERIDO,CALLE 32 CON CARRERA 76,6.23367478,-75.59630142,16,Belén,1603,Belén
650805,2023,2023-07-27,21:00,Otro,HERIDO,Calle 48 B Con Carrera 81,6.26019133,-75.59827333,12,La América,1202,Calasanz
528500,2020,2020-01-27,10:00,Choque,SOLO DAÑOS,CALLE 31 CON CARRERA 43 A,6.23123293,-75.56997147,10,La Candelaria,1012,Perpetuo Socorro
635554,2022,2022-12-12,19:20,Choque,HERIDO,Calle 78 A Con Carrera 86,6.28451993,-75.58807634,7,Robledo,0711,El Diamante
653711,2023,2023-09-08,07:00,Otro,HERIDO,Calle 99 Con Carrera 73 A,6.29643908,-75.5753303,6,Doce de Octubre,0604,La Esperanza
685858,2025,2025-02-05,14:00,Choque,HERIDO,Calle 44 Con Carrera 62,6.24777851,-75.57974986,10,La Candelaria,1008,Corazón de Jesús
520605,2019,2019-11-25,16:14,Choque,SOLO DAÑOS,CALLE 44 CON CARRERA 54,6.24552319,-75.57315769,10,La Candelaria,Inst_17,Centro Administrativo
634145,2022,2022-11-21,15:00,Otro,HERIDO,Calle 1 Con Carrera 52,6.20747515,-75.58598041,15,Guayabal,1509,Cristo Rey
650261,2023,2023-07-19,19:27,Choque,HERIDO,Calle 63 Con Carrera 117,6.27824827,-75.62322767,60,Corregimiento de San Cristóbal,6098,Área de Expansión Pajarito
516394,2019,2019-10-25,15:30,Choque,HERIDO,CALLE 85 C CON CARRERA 108 B,,,4,Aranjuez,Sin inf,Sin inf
583287,2021,2021-09-03,05:40,Otro,HERIDO,CALLE 33 CON CARRERA 63 B,6.23964434,-75.57977605,11,Laureles Estadio,1105,Los Conquistadores
492542,2019,2019-04-26,15:20,Atropello,HERIDO,CALLE 38 B CON CARRERA 80,6.24719573,-75.59972683,11,Laureles Estadio,1111,Lorena
603630,2022,2022-02-23,09:10,Choque,SOLO DAÑOS,Calle 53 Con Carrera 63,6.25562766,-75.57683855,11,Laureles Estadio,1101,Carlos E. Restrepo
679648,2024,2024-10-19,12:15,Choque,HERIDO,CL 085 051 B,6.27849004,-75.56273099,4,Aranjuez,413,Aranjuez
650886,2023,2023-07-28,19:20,Atropello,HERIDO,Calle 102 B Con Carrera 48 A,6.29394935,-75.55374645,2,Santa Cruz,0207,Villa del Socorro
601590,2022,2022-02-07,06:40,Choque,SOLO DAÑOS,Calle 41 Con Carrera 63,6.24716355,-75.58205641,11,Laureles Estadio,1104,San Joaquín
522733,2019,2019-12-11,10:30,Choque,HERIDO,CALLE 47 CON CARRERA 75,6.25349304,-75.59241649,11,Laureles Estadio,1112,El Velódromo
696180,2025,2025-06-16,21:00,Otro,HERIDO,Calle 37 Con Carrera 44,6.23694671,-75.56944835,10,La Candelaria,1020,San Diego
487902,2019,2019-03-16,02:00,Choque,SOLO DAÑOS,CALLE 66 CON CARRERA 41,6.25931665,-75.55308459,8,Villa Hermosa,0801,La Mansión
562282,2021,2021-02-22,03:14,Choque,SOLO DAÑOS,CALLE 37 CON CARRERA 43 A,6.23709487,-75.57045913,10,La Candelaria,1012,Perpetuo Socorro
654143,2023,2023-09-14,05:30,Otro,HERIDO,Calle 63 Con Carrera 135,6.2792626,-75.63954059,60,Corregimiento de San Cristóbal,6000,Cabecera Urbana San Cristobal
484021,2019,2019-02-11,21:25,Choque,HERIDO,CALLE 50 CON CARRERA 62,6.25384772,-75.57642315,10,La Candelaria,1006,San Benito
651772,2023,2023-08-11,15:25,Atropello,HERIDO,Calle 83 Con Carrera 43 B,6.27508039,-75.55214099,3,Manrique,0303,Campo Valdés No. 2
629166,2022,2022-09-22,07:40,Choque,SOLO DAÑOS,Calle 31 A Con Carrera 38,6.2334874,-75.5673111,10,La Candelaria,1020,San Diego
671975,2024,2024-06-20,06:30,Otro,HERIDO,CR 063 047 048,,,11,Laureles Estadio,,
650555,2023,2023-07-24,14:00,Choque,HERIDO,Calle 63 Con Carrera 122,6.27862017,-75.63041233,60,Corregimiento de San Cristóbal,SN02,Cabecera Urbana San Cristobal
654949,2023,2023-09-25,16:00,Otro,HERIDO,Calle 49 Con Carrera 20,6.237792,-75.54685602,9,Buenos Aires,0905,Los Cerros El Vergel
576150,2021,2021-07-06,21:30,Otro,HERIDO,CALLE 53 CON CARRERA 25,6.24226713,-75.54736291,8,Villa Hermosa,0810,El Pinal
518638,2019,2019-11-11,05:20,Choque,SOLO DAÑOS,CALLE 12 A CON CARRERA 52,6.21655304,-75.58184389,15,Guayabal,1507,Campo Amor
581262,2021,2021-08-17,14:00,Choque,HERIDO,CALLE 5 CON CARRERA 65,6.21282976,-75.58679028,15,Guayabal,Inst_19,Parque Juan Pablo II
627668,2022,2022-09-10,13:20,Choque,SOLO DAÑOS,Calle 39 Con Carrera 48,6.23947621,-75.57101043,10,La Candelaria,1013,Barrio Colón
630102,2022,2022-09-30,06:30,Otro,HERIDO,Calle 44 Con Carrera 25 B,6.23616175,-75.55094505,9,Buenos Aires,0908,Miraflores
609805,2022,2022-04-15,13:15,Choque,SOLO DAÑOS,Calle 29  Sur Con Carrera 91 B,,,80,Corregimiento de San Antonio de Prado,,
556309,2020,2020-12-21,05:40,Choque,SOLO DAÑOS,CALLE 59 A CON CARRERA 64 C,6.25947738,-75.57992934,7,Robledo,0725,B. Cerro  El Volador
571000,2021,2021-05-24,09:00,Choque,SOLO DAÑOS,CALLE 111 A CON CARRERA 64 C,6.30335652,-75.56146403,5,Castilla,Inst_1,Plaza de Ferias
556152,2020,2020-12-19,15:00,Volcamiento,HERIDO,CALLE 78 CON CARRERA 41,6.27033692,-75.55031626,3,Manrique,0303,Campo Valdés No. 2
531236,2020,2020-02-16,01:30,Otro,HERIDO,CALLE 35 D CON CARRERA 91,6.24813679,-75.61311575,12,La América,1209,Santa Mónica
636473,2022,2022-12-26,18:15,Atropello,HERIDO,Calle 91 Con Carrera 78,6.28977192,-75.58344099,6,Doce de Octubre,0607,Kennedy
488231,2019,2019-03-19,06:00,Choque,SOLO DAÑOS,CALLE 33 CON CARRERA 62,6.23645498,-75.5767221,16,Belén,Inst_18,Cerro Nutibara
566277,2021,2021-03-31,14:00,Otro,HERIDO,CALLE 44 CON CARRERA 57,6.24671613,-75.57612411,10,La Candelaria,1008,Corazón de Jesús
553594,2020,2020-11-27,15:20,Choque,SOLO DAÑOS,CALLE 44 CON CARRERA 51,6.24480598,-75.57078042,10,La Candelaria,1007,Guayaquil
631912,2022,2022-10-21,10:20,Choque,HERIDO,Calle 82 C Con Carrera 62,6.27724991,-75.56826566,4,Aranjuez,0405,Moravia
691522,2025,2025-04-18,22:10,Choque,HERIDO,Calle 105 Con Carrera 76,6.30506878,-75.57273659,6,Doce de Octubre,0601,Santander
648821,2023,2023-06-29,06:30,Otro,HERIDO,Calle 98 Con Carrera 64 C,6.29434988,-75.56769228,5,Castilla,0509,Girardot
678158,2024,2024-09-25,23:00,Atropello,HERIDO,CR 062 089 036,,,4,Aranjuez,,
670103,2024,2024-05-19,10:30,Otro,HERIDO,CR 106 034 D 034,,,13,San Javier,,
684776,2025,2025-01-20,14:30,Atropello,HERIDO,Calle 58 Con Carrera 49,6.25551586,-75.56337714,10,La Candelaria,1001,Prado
659422,2023,2023-11-28,09:15,Choque,HERIDO,Calle 5 Con Carrera 49,6.21120068,-75.57908987,15,Guayabal,1507,Campo Amor
562163,2021,2021-02-20,18:00,Caida Ocupante,HERIDO,CALLE 34 CON CARRERA 34 C,6.23251952,-75.56195394,9,Buenos Aires,0913,Loreto
697920,2025,2025-07-09,06:50,Otro,HERIDO,Calle 44 Con Carrera 90,6.25300967,-75.60726477,12,La América,1207,El Danubio
579693,2021,2021-08-04,16:30,Otro,HERIDO,CALLE 12 SUR CON CARRERA 52,6.19751681,-75.58995882,15,Guayabal,1511,La Colina
698149,2025,2025-07-11,21:50,Choque,HERIDO,Calle 94 Con Carrera 65,,,N/D,N/D,,
587493,2021,2021-10-05,18:30,Choque,SOLO DAÑOS,CALLE 47 A CON CARRERA 82,6.25771429,-75.60026025,12,La América,1205,La Floresta
582848,2021,2021-08-30,13:30,Choque,HERIDO,CALLE 65 CON CARRERA 55,6.26309011,-75.56803813,10,La Candelaria,1004,El Chagualo
505494,2019,2019-08-09,12:50,Choque,SOLO DAÑOS,CALLE 90 CON CARRERA 65,6.28368059,-75.57109211,5,Castilla,0513,Francisco Antonio Zea
695257,2025,2025-06-05,21:50,Otro,HERIDO,Calle 70 Con Carrera 45,6.26520157,-75.55528802,3,Manrique,307,Manrique Central No.2
554475,2020,2020-12-04,18:18,Choque,SOLO DAÑOS,CALLE 67 CON CARRERA 64 C,6.26572662,-75.57502301,5,Castilla,0517,Caribe
570294,2021,2021-05-17,23:40,Choque,SOLO DAÑOS,CALLE 49 CON CARRERA 70,6.25403913,-75.58842794,11,Laureles Estadio,Inst_14,U.D. Atanasio Girardot
636523,2022,2022-12-27,11:10,Otro,HERIDO,Calle 65 Con Carrera 80,6.27337389,-75.59297812,7,Robledo,Inst_5,Facultad de Minas U. Nacional
488198,2019,2019-03-18,18:20,Choque,HERIDO,CALLE 48 CON CARRERA 38,6.24320732,-75.5596944,10,La Candelaria,1015,Bomboná No. 1
689940,2025,2025-03-29,14:10,Atropello,HERIDO,Calle 48 B Con Carrera 80,6.26003225,-75.59751769,12,La América,1202,Calasanz
624682,2022,2022-08-18,06:30,Choque,SOLO DAÑOS,Calle 47 D Con Carrera 78,6.25796826,-75.59582074,11,Laureles Estadio,Inst_14,U.D. Atanasio Girardot
605871,2022,2022-03-12,22:10,Otro,HERIDO,Calle 94 Con Carrera 65,6.28816495,-75.57151914,5,Castilla,0511,Castilla
495865,2019,2019-05-24,07:50,Volcamiento,HERIDO,CALLE 999 CON CARRERA 999,,,90,Corregimiento de Santa Elena,Sin inf,Sin inf
676566,2024,2024-08-31,23:00,Atropello,HERIDO,Carrera 37 Con Calle 70,6.26506145,-75.54819018,3,Manrique,308,Manrique Oriental
560688,2021,2021-02-08,12:00,Choque,SOLO DAÑOS,CALLE 32 EE CON CARRERA 81,6.23762081,-75.60302794,11,Laureles Estadio,1109,Las Acacias
613380,2022,2022-05-15,11:13,Choque,HERIDO,Calle 50 Con Carrera 56 A,6.25227151,-75.57347342,10,La Candelaria,1006,San Benito
545527,2020,2020-09-05,16:40,Choque,HERIDO,CALLE 60 CON CARRERA 125,6.27548645,-75.62879919,60,Corregimiento de San Cristóbal,6014,Suburbano La Loma
659626,2023,2023-12-01,07:10,Otro,HERIDO,Calle 99 Con Carrera 48,6.2905094,-75.55501762,2,Santa Cruz,0209,Moscú No. 1
589240,2021,2021-10-19,21:40,Atropello,HERIDO,CALLE 89 A CON CARRERA 76,6.28686362,-75.58212792,6,Doce de Octubre,0607,Kennedy
668350,2024,2024-04-21,18:40,Choque,HERIDO,Carrera 49 A Con Calle 107,6.2975525,-75.55391779,2,Santa Cruz,206,Andalucía
645889,2023,2023-05-21,17:00,Volcamiento,HERIDO,Calle 103 G Con Carrera 63,6.29851223,-75.55968438,5,Castilla,0507,Héctor Abad Gómez
535582,2020,2020-03-21,13:45,Otro,HERIDO,CALLE 51 CON CARRERA 39,6.24703904,-75.5586878,10,La Candelaria,1016,Boston
555329,2020,2020-12-12,11:45,Choque,SOLO DAÑOS,CALLE 44 A CON CARRERA 90 A,6.25329061,-75.60759896,12,La América,1207,El Danubio
629591,2022,2022-09-26,05:00,Otro,HERIDO,Calle 46 Con Carrera 41,6.2425837,-75.56314735,10,La Candelaria,1015,Bomboná No. 1
595847,2021,2021-12-13,16:20,Choque,SOLO DAÑOS,CALLE 50 CON CARRERA 39,6.24545594,-75.55957439,10,La Candelaria,1016,Boston
668686,2024,2024-04-26,20:30,Atropello,HERIDO,Calle 67 Con Carrera 51,6.2638241,-75.56341394,10,La Candelaria,Inst_12,Hospital San Vicente de Paúl
578230,2021,2021-07-23,15:30,Choque,HERIDO,CALLE 1 CON CARRERA 25,6.19885963,-75.55817206,14,El Poblado,1410,Los Naranjos
633162,2022,2022-11-06,22:00,Otro,HERIDO,Calle 49 BB Con Carrera 82 B,6.26206449,-75.60210015,13,San Javier,1304,Los Alcázares
658764,2023,2023-11-18,05:00,Choque,MUERTO,Calle 39 A Con Carrera 110,6.2513473,-75.62258293,13,San Javier,1310,Las Independencias
693012,2025,2025-05-08,08:00,Volcamiento,HERIDO,Calle 48 A Con Carrera 100 C,6.25985113,-75.61609077,13,San Javier,1319,El Socorro
584796,2021,2021-09-15,10:00,Choque,HERIDO,CALLE 32 B CON CARRERA 67,6.23616665,-75.5888361,16,Belén,1602,Rosales
679474,2024,2024-10-16,22:40,Choque,HERIDO,CL 062 096 A,6.27676266,-75.6073493,7,Robledo,719,Fuente Clara
543641,2020,2020-08-13,14:30,Choque,SOLO DAÑOS,CALLE 58 CON CARRERA 48,6.25499811,-75.56292942,10,La Candelaria,1018,Villa Nueva
645431,2023,2023-05-16,05:30,Choque,HERIDO,Calle 91 Con Carrera 63,6.28643597,-75.57022782,5,Castilla,0511,Castilla
564430,2021,2021-03-13,15:00,Otro,HERIDO,CALLE 9 SUR CON CARRERA 25,6.19027115,-75.5606986,14,El Poblado,1411,Los Balsos No.1
678452,2024,2024-09-30,06:00,Atropello,HERIDO,Carrera 43 Con Calle 52,6.24842805,-75.56232537,10,La Candelaria,1019,La Candelaria
557424,2021,2021-01-03,20:45,Choque,HERIDO,CALLE 71 CON CARRERA 67,6.27162804,-75.57891126,7,Robledo,0702,B. Cerro  El Volador
622491,2022,2022-08-01,18:30,Choque,SOLO DAÑOS,Calle 91 A Con Carrera 71 B,6.28490391,-75.57718542,5,Castilla,0514,Alfonso López
608847,2022,2022-04-06,13:45,Choque,SOLO DAÑOS,Calle 54 Con Carrera 57,6.25562284,-75.57354726,10,La Candelaria,1006,San Benito
616350,2022,2022-06-10,10:30,Atropello,HERIDO,Calle 18 Con Carrera 43 F,6.21981227,-75.5716923,14,El Poblado,1403,Villa Carlota
606756,2022,2022-03-19,22:30,Choque,HERIDO,Carrera 49 Con Avenida 80,,,11,Laureles Estadio,,
658429,2023,2023-11-13,14:00,Otro,HERIDO,Calle 47 Con Carrera 29,6.23869215,-75.5529023,9,Buenos Aires,0907,Buenos Aires
668378,2024,2024-04-22,06:00,Otro,HERIDO,Carrera 65 Con Calle 78,6.27540582,-75.5737457,5,Castilla,519,El Progreso
683707,2024,2024-12-26,20:15,Choque,HERIDO,CL 044 068 A,6.24905367,-75.58674701,11,Laureles Estadio,1103,Naranjal
598423,2022,2022-01-06,18:00,Atropello,HERIDO,Calle 33 Con Carrera 62,6.23645498,-75.5767221,16,Belén,Inst_18,Cerro Nutibara
627432,2022,2022-09-08,17:00,Choque,SOLO DAÑOS,Calle 30 A Con Carrera 66 B,6.2324185,-75.58729876,16,Belén,1601,Rosales
605007,2022,2022-03-05,21:00,Otro,HERIDO,Calle 43 Con Carrera 42,6.24140295,-75.56452367,10,La Candelaria,1014,Las Palmas
665072,2024,2024-03-01,20:40,Choque,HERIDO,Calle 67 Con Carrera 51,6.2638241,-75.56341394,10,La Candelaria,Inst_12,Hospital San Vicente de Paúl
484289,2019,2019-02-13,20:20,Otro,HERIDO,CALLE 48 CON CARRERA 77 B,6.25823246,-75.59510899,11,Laureles Estadio,1113,El Estadio
504413,2019,2019-08-02,10:40,Choque,HERIDO,CALLE 40 CON CARRERA 46,6.24110913,-75.56975431,10,La Candelaria,1013,Barrio Colón
556240,2020,2020-12-20,12:10,Choque,SOLO DAÑOS,CALLE 50 CON CARRERA 28,6.24074605,-75.55100014,9,Buenos Aires,0906,Barrio Caicedo
683999,2025,2025-01-05,22:40,Otro,HERIDO,Calle 15 Con Carrera 79,6.22064709,-75.60105055,16,Belén,1612,La Gloria
635487,2022,2022-12-11,20:30,Otro,HERIDO,Calle 97 Con Carrera 84,6.29722066,-75.58438484,6,Doce de Octubre,0608,Picacho
496899,2019,2019-06-02,14:00,Choque,HERIDO,CALLE 50 CON CARRERA 36,6.24373502,-75.55664452,9,Buenos Aires,0906,Barrio Caicedo
660262,2023,2023-12-09,21:30,Choque,HERIDO,Calle 50 Con Carrera 76,6.26096174,-75.59115553,11,Laureles Estadio,1115,Cuarta Brigada
579170,2021,2021-07-30,22:00,Choque,SOLO DAÑOS,CALLE 30 CON CARRERA 80,6.23123883,-75.60064487,16,Belén,1603,Belén
684581,2025,2025-01-17,14:00,Choque,HERIDO,Calle 51 Con Carrera 55,6.25212169,-75.57168014,10,La Candelaria,1006,San Benito
609105,2022,2022-04-08,07:50,Otro,HERIDO,Calle 35 Con Carrera 89,6.24516649,-75.61372567,12,La América,1209,Santa Mónica
588720,2021,2021-10-15,09:10,Choque,SOLO DAÑOS,CALLE 67 CON CARRERA 64 C,6.26569446,-75.57490435,5,Castilla,0517,Caribe
656413,2023,2023-10-16,08:30,Otro,HERIDO,Calle 52 Con Carrera 14,6.23483244,-75.54011932,8,Villa Hermosa,0813,Villatina
583522,2021,2021-09-05,02:30,Choque,HERIDO,CALLE 4 CON CARRERA 83 B,6.21761444,-75.60423476,16,Belén,1611,Loma de los Bernal
522461,2019,2019-12-09,12:10,Choque,HERIDO,CALLE 77 CON CARRERA 54 A,6.27256641,-75.56560892,4,Aranjuez,Inst_9,Parque Norte
623235,2022,2022-08-06,20:20,Choque,HERIDO,Calle 60 Con Carrera 48,6.25661259,-75.56187443,10,La Candelaria,1001,Prado
535414,2020,2020-03-19,08:15,Choque,HERIDO,CALLE 107 B CON CARRERA 23,6.29432874,-75.53771693,1,Popular,0111,La Avanzada
523158,2019,2019-12-14,02:00,Choque,HERIDO,CALLE 79 C CON CARRERA 80,6.28261682,-75.58448061,7,Robledo,0708,Altamira
692350,2025,2025-04-29,12:30,Otro,HERIDO,Calle 97 Con Carrera 73,6.29367612,-75.57572398,6,Doce de Octubre,605,La Esperanza
670640,2024,2024-05-28,07:00,Otro,HERIDO,Calle 94 Con Carrera 55,6.28617375,-75.56457569,4,Aranjuez,403,Palermo
588795,2021,2021-10-15,19:00,Choque,SOLO DAÑOS,CALLE 44 CON CARRERA 54,6.24552319,-75.57315769,10,La Candelaria,Inst_17,Centro Administrativo
508191,2019,2019-08-28,22:00,Caida Ocupante,HERIDO,CALLE 37 CON CARRERA 36 A,6.23606917,-75.56317051,9,Buenos Aires,0912,El Salvador
608878,2022,2022-04-06,17:20,Choque,SOLO DAÑOS,Calle 44 Con Carrera 57,6.24625198,-75.57519767,10,La Candelaria,Inst_17,Centro Administrativo
537603,2020,2020-05-18,08:00,Caida Ocupante,HERIDO,CALLE 64 CON CARRERA 114,,,7,Robledo,,
692186,2025,2025-04-27,21:30,Otro,HERIDO,Calle 1 Con Diagonal 75 B,6.21098403,-75.59506651,15,Guayabal,Inst_20,El Rodeo
522214,2019,2019-12-07,15:30,Otro,HERIDO,CALLE 63 CON CARRERA 98,6.27952147,-75.60876249,7,Robledo,0718,Cucaracho
546112,2020,2020-09-11,20:20,Atropello,HERIDO,CALLE 58 CON CARRERA 48,6.25499811,-75.56292942,10,La Candelaria,1018,Villa Nueva
543687,2020,2020-08-13,22:00,Choque,SOLO DAÑOS,CALLE 53 CON CARRERA 53,6.20108786,-75.5904439,15,Guayabal,1511,La Colina
683362,2024,2024-12-17,08:10,Otro,HERIDO,CL 097 AL 040 021,,,1,Popular,,
569682,2021,2021-05-12,12:00,Choque,SOLO DAÑOS,CALLE 46 B CON CARRERA 70,6.25190078,-75.5881439,11,Laureles Estadio,1117,Florida Nueva
689231,2025,2025-03-19,22:09,Atropello,HERIDO,Calle 91 A Con Carrera 71 B,6.28490391,-75.57718541,5,Castilla,514,Alfonso López
669067,2024,2024-05-03,12:10,Choque,HERIDO,Carrera 45 Con Calle 31,6.23215577,-75.57237308,10,La Candelaria,1012,Perpetuo Socorro
483517,2019,2019-02-07,13:00,Choque,SOLO DAÑOS,CALLE 31 A CON CARRERA 110,6.23374648,-75.63065973,70,Corregimiento de Altavista,7004,San Pablo
507368,2019,2019-08-22,15:30,Choque,SOLO DAÑOS,CALLE 52 CON CARRERA 47,6.2495142,-75.56559538,10,La Candelaria,1019,La Candelaria
587492,2021,2021-10-05,18:30,Otro,HERIDO,CALLE 64 CON CARRERA 104,6.28112269,-75.61470282,60,Corregimiento de San Cristóbal,6098,Área de Expansión Pajarito
623919,2022,2022-08-12,07:05,Choque,SOLO DAÑOS,Calle 12 Con Carrera 43 A,6.21301652,-75.56991612,14,El Poblado,1405,Lalinde
487245,2019,2019-03-10,18:30,Choque,SOLO DAÑOS,CALLE 62 CON CARRERA 92,6.27591772,-75.60413013,7,Robledo,0719,Fuente Clara
515989,2019,2019-10-23,06:50,Choque,SOLO DAÑOS,CALLE 47 CON CARRERA 46,6.24621925,-75.56690516,10,La Candelaria,1013,Barrio Colón
576266,2021,2021-07-07,19:30,Choque,SOLO DAÑOS,CALLE 44 CON CARRERA 62,6.2477785,-75.57974987,10,La Candelaria,1008,La Alpujarra
612727,2022,2022-05-09,21:30,Choque,HERIDO,Calle 4 Con Carrera 52,6.21046307,-75.58466291,15,Guayabal,1507,Campo Amor
599604,2022,2022-01-20,13:30,Choque,SOLO DAÑOS,Calle 83 A Con Carrera 27 A,6.27381814,-75.54153742,3,Manrique,0312,Oriente
562600,2021,2021-02-25,07:30,Choque,HERIDO,CALLE 58 CON CARRERA 49,6.25551585,-75.56337714,10,La Candelaria,1001,Villa Nueva
547259,2020,2020-09-24,15:00,Choque,HERIDO,CALLE 14 CON CARRERA 49,6.215129,-75.57751451,14,El Poblado,1403,Manila
640483,2023,2023-03-02,19:00,Otro,HERIDO,Calle 111 Con Carrera 28,6.29926993,-75.54146438,1,Popular,0102,Santo Domingo Savio No. 2
615500,2022,2022-06-02,19:30,Atropello,HERIDO,Calle 50 Con Carrera 42,6.24685602,-75.56209625,10,La Candelaria,1016,Boston
543213,2020,2020-08-06,18:45,Choque,SOLO DAÑOS,CALLE 41 CON CARRERA 63,6.24716355,-75.58205641,11,Laureles Estadio,1104,San Joaquín
487323,2019,2019-03-11,12:40,Caida Ocupante,HERIDO,CALLE 100 CON CARRERA 76,6.29843379,-75.57758771,6,Doce de Octubre,0603,Doce de Octubre No.2
520482,2019,2019-11-24,18:30,Atropello,HERIDO,CALLE 97 CON CARRERA 67,6.29209759,-75.57096498,5,Castilla,0511,Castilla
601400,2022,2022-02-05,13:05,Atropello,HERIDO,Calle 108 A Con Carrera 76 C,6.30775013,-75.57265034,6,Doce de Octubre,0601,Santander
552295,2020,2020-11-14,16:30,Choque,HERIDO,CALLE 40 CON CARRERA 55,6.24061573,-75.57493867,10,La Candelaria,1011,Calle Nueva
655321,2023,2023-09-30,19:50,Volcamiento,HERIDO,Calle 93 Con Carrera 46,6.28443645,-75.55362867,4,Aranjuez,0401,Berlin
652070,2023,2023-08-16,06:50,Choque,HERIDO,Calle 48 A Con Carrera 85 B,6.25996155,-75.6035825,13,San Javier,1304,Los Alcázares
635659,2022,2022-12-14,09:00,Choque,HERIDO,Calle 91 Con Carrera 63,6.28643597,-75.57022782,5,Castilla,0511,Castilla
550697,2020,2020-10-29,10:00,Otro,HERIDO,CALLE 102 B CON CARRERA 64 C,6.2936258,-75.56356589,5,Castilla,0510,Tricentenario
664374,2024,2024-02-19,20:04,Choque,HERIDO,Calle 39 D Con Carrera 109,6.25319168,-75.62193835,13,San Javier,1310,Veinte de Julio
536599,2020,2020-04-28,06:00,Volcamiento,HERIDO,CALLE 5 CON CARRERA 43 A,6.20607713,-75.57303687,14,El Poblado,1421,Patio Bonito
541646,2020,2020-07-12,16:00,Choque,SOLO DAÑOS,CALLE 50 CON CARRERA 57,6.25335072,-75.5756654,10,La Candelaria,1008,Corazón de Jesús
544104,2020,2020-08-20,12:40,Atropello,HERIDO,CALLE 50 E SUR CON CARRERA 75,6.17591928,-75.65264773,80,Corregimiento de San Antonio de Prado,8000,Cabecera San Antonio de Prado
596019,2021,2021-12-15,07:50,Choque,HERIDO,CALLE 40 A CON CARRERA 55,6.24184347,-75.57526596,10,La Candelaria,1011,Calle Nueva
554319,2020,2020-12-03,14:55,Choque,HERIDO,CALLE 32 E CON CARRERA 76,6.2372653,-75.59657398,16,Belén,1620,El Nogal-Los Almendros
675859,2024,2024-08-21,07:00,Choque,HERIDO,Calle 58 Con Carrera 63,6.26179247,-75.57435586,7,Robledo,Inst_8,Universidad Nacional
514546,2019,2019-10-12,12:45,Choque,SOLO DAÑOS,CALLE 49 CON CARRERA 57,6.24913758,-75.57519319,10,La Candelaria,1008,Corazón de Jesús
643238,2023,2023-04-15,12:15,Choque,HERIDO,Calle 14 Con Carrera 50,6.21701726,-75.57826529,15,Guayabal,1507,Santa Fé
580213,2021,2021-08-09,05:35,Otro,HERIDO,CALLE 53 A CON CARRERA 80,6.2675662,-75.59580136,12,La América,1201,Ferrini
659450,2023,2023-11-28,16:20,Choque,HERIDO,Calle 1  Sur Con Carrera 48,6.20337372,-75.57725214,14,El Poblado,1421,Patio Bonito
669919,2024,2024-05-16,11:30,Atropello,HERIDO,Calle 58 Con Carrera 49,6.25551586,-75.56337714,10,La Candelaria,1001,Prado
636571,2022,2022-12-28,00:50,Choque,HERIDO,Calle 32 E Con Carrera 83 B,6.23846737,-75.60855447,11,Laureles Estadio,1110,Las Mercedes
509550,2019,2019-09-07,11:30,Choque,HERIDO,CALLE 44 CON CARRERA 43,6.24267982,-75.56514822,10,La Candelaria,1014,Las Palmas
496125,2019,2019-05-26,08:00,Caida Ocupante,HERIDO,CALLE 94 CON CARRERA 52,6.28612708,-75.56270003,4,Aranjuez,0402,San Isidro
654137,2023,2023-09-14,01:20,Choque,HERIDO,Calle 40 Con Carrera 46,6.24110913,-75.56975431,10,La Candelaria,1013,Barrio Colón
537202,2020,2020-05-11,16:50,Otro,HERIDO,CALLE 68 CON CARRERA 64 C,6.2652665,-75.57266554,5,Castilla,0517,Caribe
583726,2021,2021-09-06,17:20,Choque,SOLO DAÑOS,CALLE 26 CON CARRERA 48,6.22853588,-75.57467058,14,El Poblado,1401,Barrio Colombia
551225,2020,2020-11-03,19:10,Volcamiento,HERIDO,CALLE 50 CON CARRERA 39,6.24545594,-75.55957439,10,La Candelaria,1016,Boston
488176,2019,2019-03-18,15:15,Otro,HERIDO,CALLE 81 CON CARRERA 51 B,6.27518692,-75.56303601,4,Aranjuez,0415,Miranda
598539,2022,2022-01-08,07:15,Choque,SOLO DAÑOS,Calle 65 Con Carrera 76,6.27238141,-75.59096807,7,Robledo,0703,San Germán
686872,2025,2025-02-19,06:34,Choque,HERIDO,Calle 67 Con Carrera 65,6.26810929,-75.57680893,7,Robledo,Inst_7,Ecoparque Cerro El Volador
655119,2023,2023-09-27,21:15,Otro,HERIDO,Calle 99 Con Carrera 68,6.29493278,-75.57077407,5,Castilla,0509,Castilla
599091,2022,2022-01-15,06:04,Choque,HERIDO,Calle 30 Con Carrera 65,6.23193458,-75.58272345,15,Guayabal,1502,Tenche
522204,2019,2019-12-07,14:40,Choque,SOLO DAÑOS,CALLE 48 CON CARRERA 53,6.24882786,-75.57115294,10,La Candelaria,1019,Guayaquil
653839,2023,2023-09-10,02:30,Otro,HERIDO,Calle 65 Con Carrera 105,6.28221222,-75.61645569,60,Corregimiento de San Cristóbal,6098,Área de Expansión Pajarito
643761,2023,2023-04-22,23:50,Otro,HERIDO,Calle 111 Con Carrera 30,6.29981968,-75.54233809,1,Popular,0101,Santo Domingo Savio No. 1
582484,2021,2021-08-27,15:05,Choque,SOLO DAÑOS,CALLE 10 CON CARRERA 48,6.21253849,-75.57637912,14,El Poblado,1421,Patio Bonito
539843,2020,2020-06-20,10:20,Volcamiento,HERIDO,CALLE 41 CON CARRERA 43,6.23996817,-75.56667245,10,La Candelaria,1014,Las Palmas
682487,2024,2024-12-04,13:30,Atropello,HERIDO,CL  047   021  010 00000,6.23669891,-75.54875115,9,Buenos Aires,908,Miraflores
642133,2023,2023-03-28,05:40,Otro,HERIDO,Calle 50 Con Carrera 33,6.242793,-75.55478651,9,Buenos Aires,0906,Barrio Caicedo
577346,2021,2021-07-16,15:00,Choque,SOLO DAÑOS,CALLE 44 CON CARRERA 70,6.24928539,-75.58876359,11,Laureles Estadio,1103,Florida Nueva
693167,2025,2025-05-10,12:00,Choque,HERIDO,Calle 3  Sur Con Carrera 41,6.20047509,-75.57136367,14,El Poblado,1416,Alejandría
601231,2022,2022-02-04,10:20,Choque,HERIDO,Calle 17 Con Carrera 23,6.21527316,-75.55509087,14,El Poblado,1408,Altos del Poblado
543046,2020,2020-08-04,22:10,Choque,HERIDO,CALLE 105 CON CARRERA 32,6.29300557,-75.54204429,1,Popular,0101,Santo Domingo Savio No. 1
495483,2019,2019-05-21,11:00,Choque,SOLO DAÑOS,DIAGONAL 74 B CON CARRERA 76,6.17089599,-75.65441193,80,Corregimiento de San Antonio de Prado,8008,El Vergel
549194,2020,2020-10-13,21:30,Volcamiento,HERIDO,CALLE 62 A CON CARRERA 93 A,6.27591772,-75.60413013,7,Robledo,0719,Fuente Clara
496344,2019,2019-05-28,13:10,Choque,SOLO DAÑOS,CALLE 42 CON CARRERA 30,6.23613908,-75.55540369,9,Buenos Aires,0910,La Milagrosa
582088,2021,2021-08-24,13:40,Choque,HERIDO,CALLE 34 CON CARRERA 45 A,6.23484397,-75.57175572,10,La Candelaria,1012,Perpetuo Socorro
665470,2024,2024-03-08,06:42,Choque,HERIDO,Carrera 45 Con Calle 34,6.23468979,-75.57132282,10,La Candelaria,1012,Perpetuo Socorro
523861,2019,2019-12-18,21:00,Choque,HERIDO,CALLE 40 A SUR CON CARRERA 72,6.18510275,-75.65156306,80,Corregimiento de San Antonio de Prado,8000,Cabecera San Antonio de Prado
531763,2020,2020-02-20,06:30,Caida Ocupante,HERIDO,CALLE 91 CON CARRERA 72,6.28558119,-75.57796268,5,Castilla,0514,Alfonso López
624654,2022,2022-08-17,19:40,Choque,SOLO DAÑOS,Calle 103 EE Con Carrera 63,6.29544509,-75.56209971,5,Castilla,0508,Héctor Abad Gómez
511995,2019,2019-09-24,14:20,Choque,SOLO DAÑOS,CALLE 65 CON TRANSVERSAL 78,6.27540582,-75.5737457,5,Castilla,0519,El Progreso
617334,2022,2022-06-18,12:50,Choque,SOLO DAÑOS,Calle 67 Con Carrera 62,6.26518149,-75.57170278,4,Aranjuez,Inst_11,Universidad de Antioquia
641528,2023,2023-03-17,12:10,Atropello,HERIDO,Calle 96 Con Carrera 31,6.28713458,-75.54283178,1,Popular,0108,El Compromiso
639517,2023,2023-02-16,11:20,Atropello,HERIDO,Calle 29 Con Carrera 52,6.22772187,-75.57777852,15,Guayabal,1503,Trinidad
529380,2020,2020-02-02,17:00,Volcamiento,HERIDO,CALLE 56 A CON CARRERA 28,6.24723586,-75.54925222,8,Villa Hermosa,0808,Enciso
563627,2021,2021-03-06,10:00,Choque,HERIDO,CALLE 65 CON CARRERA 80,6.27337389,-75.59297812,7,Robledo,Inst_5,Facultad de Minas U. Nacional
623801,2022,2022-08-11,08:30,Choque,SOLO DAÑOS,Calle 34 Con Carrera 45,6.23468979,-75.57132282,10,La Candelaria,1012,Perpetuo Socorro
517762,2019,2019-11-05,04:40,Otro,HERIDO,CALLE 98 A CON CARRERA 63,6.29434988,-75.56769228,5,Castilla,0509,Girardot
625771,2022,2022-08-26,19:50,Otro,HERIDO,Calle 34 A Con Carrera 112,6.24762739,-75.62499984,13,San Javier,1314,Las Independencias
688280,2025,2025-03-08,11:45,Atropello,HERIDO,Calle 33 B Con Carrera 84,6.24077352,-75.608049,11,Laureles Estadio,1110,La Castellana
506881,2019,2019-08-18,18:45,Otro,HERIDO,CALLE 9 CON CARRERA 80,6.21844111,-75.59930988,16,Belén,1611,Loma de los Bernal
547458,2020,2020-09-26,12:10,Choque,SOLO DAÑOS,CALLE 83 CON CARRERA 49,6.27605518,-75.55754674,4,Aranjuez,0414,Brasilia
605958,2022,2022-03-13,18:20,Choque,HERIDO,Calle 14 Con Carrera 49,6.215129,-75.57751451,14,El Poblado,1403,Manila
586622,2021,2021-09-29,13:00,Otro,HERIDO,CALLE 97 CON CARRERA 72,6.29323527,-75.57438714,6,Doce de Octubre,0605,La Esperanza
611661,2022,2022-05-01,05:50,Choque,HERIDO,Calle 103 E Con Carrera 63,6.29632629,-75.56148686,5,Castilla,Inst_1,Plaza de Ferias
487568,2019,2019-03-13,09:30,Otro,HERIDO,CALLE 20 SUR CON CARRERA 49,,,14,El Poblado,Sin inf,Sin inf
543002,2020,2020-08-04,12:30,Otro,HERIDO,CALLE 101 CON CARRERA 39,6.29046183,-75.54774454,1,Popular,0105,Moscú No. 2
683233,2024,2024-12-15,11:13,Choque,HERIDO,CR 052 AL 014 019,,,15,Guayabal,,
625804,2022,2022-08-27,07:30,Choque,SOLO DAÑOS,Calle 34 Con Carrera 18,6.22673261,-75.54681355,9,Buenos Aires,0903,Bomboná No. 2
613754,2022,2022-05-18,12:05,Choque,SOLO DAÑOS,Calle 7 Con Carrera 48 C,6.20878049,-75.57673335,14,El Poblado,1421,Patio Bonito
629875,2022,2022-09-28,12:10,Choque,HERIDO,Calle 10 Con Carrera 50,6.21459174,-75.57871334,15,Guayabal,1507,Campo Amor
553130,2020,2020-11-23,11:20,Choque,SOLO DAÑOS,CALLE 45 CON CARRERA 21,6.23480414,-75.54885841,9,Buenos Aires,0909,Cataluña
495237,2019,2019-05-18,21:00,Otro,HERIDO,CALLE 93 CON CARRERA 51,6.28477054,-75.56095574,4,Aranjuez,0402,San Isidro
550765,2020,2020-10-29,19:00,Choque,SOLO DAÑOS,CALLE 17 CON CARRERA 49,6.21878158,-75.57671398,14,El Poblado,1403,Villa Carlota
506143,2019,2019-08-13,21:40,Choque,SOLO DAÑOS,CALLE 98 CON CARRERA 34,6.2874537,-75.54420502,1,Popular,0107,San Pablo
645746,2023,2023-05-19,17:40,Atropello,HERIDO,Calle 44 Con Carrera 74,6.24982524,-75.59345466,11,Laureles Estadio,1117,Florida Nueva
588169,2021,2021-10-11,06:10,Choque,SOLO DAÑOS,CALLE 39 CON CARRERA 66 B,6.24309501,-75.58328945,11,Laureles Estadio,1105,Los Conquistadores
677575,2024,2024-09-16,12:12,Otro,HERIDO,Carrera 78 Con Calle 65,6.27331935,-75.59198767,7,Robledo,Inst_5,Facultad de Minas
660698,2023,2023-12-15,21:30,Otro,HERIDO,Calle 16 Con Carrera 80,6.22294541,-75.60178102,16,Belén,1612,La Gloria
611384,2022,2022-04-29,07:10,Choque,SOLO DAÑOS,Calle 84 Con Carrera 75,6.28431135,-75.58132776,7,Robledo,0710,López de Mesa
685011,2025,2025-01-24,05:05,Choque,HERIDO,Calle 94 C Con Carrera 55,6.28686112,-75.56435714,4,Aranjuez,403,Palermo
584052,2021,2021-09-09,13:20,Choque,HERIDO,CALLE 58 CON CARRERA 48,6.25516291,-75.56282425,10,La Candelaria,1001,Villa Nueva
674071,2024,2024-07-24,14:40,Choque,HERIDO,Carrera 77 B Con Calle 49 B,6.26140131,-75.59352594,11,Laureles Estadio,1113,Estadio
625865,2022,2022-08-27,18:45,Choque,HERIDO,Calle 7  Sur Con Carrera 83,,,16,Belén,,
595395,2021,2021-12-09,16:00,Otro,HERIDO,CALLE 98 CON CARRERA 51,6.29157578,-75.5598075,2,Santa Cruz,0211,La Rosa
604395,2022,2022-03-01,06:15,Otro,HERIDO,Calle 49 Con Carrera 40,6.2450437,-75.56100802,10,La Candelaria,1015,Bomboná No. 1
626318,2022,2022-08-31,12:40,Choque,SOLO DAÑOS,Calle 29 Con Carrera 44,6.22910995,-75.57143725,10,La Candelaria,1012,Perpetuo Socorro
569938,2021,2021-05-14,16:40,Choque,SOLO DAÑOS,CARRERA 56 B CON DIAGONAL 17 E,6.23918497,-75.54103768,8,Villa Hermosa,0812,La Libertad
615982,2022,2022-06-07,07:18,Choque,SOLO DAÑOS,Calle 4  Sur Con Carrera 43 C,6.20145484,-75.57526274,14,El Poblado,1421,Patio Bonito
576275,2021,2021-07-07,22:10,Choque,SOLO DAÑOS,CALLE 55 CON CARRERA 43,6.25070791,-75.5610629,10,La Candelaria,1018,Villa Nueva
683296,2024,2024-12-16,07:53,Choque,HERIDO,CL 059 080 081,6.27211917,-75.59601171,13,San Javier,1301,El Pesebre
644036,2023,2023-04-27,17:40,Volcamiento,HERIDO,Calle 1  Sur Con Carrera 50,6.20439194,-75.57998157,15,Guayabal,1509,Cristo Rey
514721,2019,2019-10-14,01:00,Choque,SOLO DAÑOS,CALLE 78 CON CARRERA 52,6.27292325,-75.56485988,4,Aranjuez,Inst_10,Moravia
552271,2020,2020-11-14,12:40,Choque,HERIDO,CALLE 2 SUR CON CARRERA 50 G,6.20558686,-75.58344871,15,Guayabal,1509,Cristo Rey
484646,2019,2019-02-16,12:20,Choque,SOLO DAÑOS,CALLE 44 CON CARRERA 37,6.24093427,-75.55922449,9,Buenos Aires,0911,Gerona
548852,2020,2020-10-10,05:45,Choque,HERIDO,CALLE 49 A CON CARRERA 63,6.25337651,-75.57847201,11,Laureles Estadio,1102,Suramericana
688230,2025,2025-03-07,20:00,Atropello,HERIDO,Calle 71 Con Carrera 34,6.26557398,-75.54648196,3,Manrique,309,Versalles No.1
503763,2019,2019-07-28,12:15,Choque,SOLO DAÑOS,CALLE 67 CON CARRERA 64 C,6.26572662,-75.57502301,5,Castilla,0517,Caribe
510925,2019,2019-09-17,11:20,Choque,SOLO DAÑOS,CALLE 29 CON CARRERA 43 A,6.22759476,-75.56945514,14,El Poblado,1401,Barrio Colombia
685066,2025,2025-01-25,01:00,Choque,HERIDO,Calle 32 Con Carrera 50,6.23361437,-75.57422884,10,La Candelaria,1012,Perpetuo Socorro
688268,2025,2025-03-08,09:56,Choque,HERIDO,Calle 44 Con Carrera 80,6.25076711,-75.60248344,12,La América,1204,La América
640972,2023,2023-03-08,22:15,Otro,HERIDO,Calle 103 Con Carrera 45 A,6.29277602,-75.5520906,2,Santa Cruz,0209,Villa del Socorro
607726,2022,2022-03-28,11:20,Choque,SOLO DAÑOS,Calle 10 Con Carrera 43 D,6.21137668,-75.57249909,14,El Poblado,1419,Manila
578981,2021,2021-07-29,16:00,Choque,SOLO DAÑOS,CALLE 57 CON CARRERA 57,6.24905755,-75.54346123,8,Villa Hermosa,0807,Los Mangos
566139,2021,2021-03-30,10:00,Choque,SOLO DAÑOS,CALLE 36 CON CARRERA 80,6.24405914,-75.60012262,11,Laureles Estadio,1109,Las Acacias
610569,2022,2022-04-22,14:50,Choque,SOLO DAÑOS,Calle 29 Con Carrera 43 A,6.22759476,-75.56945514,14,El Poblado,1401,Barrio Colombia
480009,2019,2019-01-05,17:00,Caida Ocupante,HERIDO,CALLE 98 CON CARRERA 64 C,6.29434988,-75.56769228,5,Castilla,0509,Girardot
569417,2021,2021-05-10,05:00,Caida Ocupante,HERIDO,CALLE 80 A CON CARRERA 96,6.29399435,-75.5943275,7,Robledo,0712,Aures No. 2
676961,2024,2024-09-06,11:00,Otro,HERIDO,Calle 63 Con Carrera 76,6.26975541,-75.58960235,7,Robledo,703,San Germán
678252,2024,2024-09-27,08:25,Choque,HERIDO,Carrera 64 C Con Calle 67,6.26576221,-75.57511457,5,Castilla,517,Caribe
630652,2022,2022-10-04,19:00,Choque,HERIDO,Calle 35 A Con Carrera 63,6.24108091,-75.57866999,11,Laureles Estadio,1105,Los Conquistadores
573443,2021,2021-06-14,05:20,Choque,SOLO DAÑOS,CALLE 34 B CON CARRERA 24,6.22850346,-75.55205793,9,Buenos Aires,0909,Cataluña
518265,2019,2019-11-08,12:00,Choque,SOLO DAÑOS,CALLE 72 CON CARRERA 97,6.29584946,-75.60870642,60,Corregimiento de San Cristóbal,6012,Yolombo
583377,2021,2021-09-03,18:30,Choque,SOLO DAÑOS,CALLE 3 SUR CON CARRERA 49,6.20277867,-75.57718938,14,El Poblado,1422,La Aguacatala
617145,2022,2022-06-16,23:10,Choque,SOLO DAÑOS,Calle 16 Con Carrera 30,6.21507092,-75.56090467,14,El Poblado,1406,Las Lomas No.1
663574,2024,2024-02-07,19:30,Choque,HERIDO,Carrera 62 Con Calle 45,6.2491239,-75.57922237,10,La Candelaria,1008,Corazón de Jesús
552662,2020,2020-11-19,05:00,Volcamiento,HERIDO,CALLE 56 E CON CARRERA 170,,,9,Buenos Aires,,
484942,2019,2019-02-18,20:00,Choque,SOLO DAÑOS,CALLE 8 SUR CON CARRERA 50 FF,6.20100343,-75.5844224,15,Guayabal,1510,Guayabal
483000,2019,2019-02-02,20:00,Choque,SOLO DAÑOS,CALLE 26 CON CARRERA 38,6.22464718,-75.56524268,9,Buenos Aires,0915,Asomadera No. 2
685527,2025,2025-01-31,18:50,Choque,HERIDO,Calle 43 Con Carrera 84,6.24985236,-75.60479918,12,La América,1204,La América
480638,2019,2019-01-12,20:30,Choque,SOLO DAÑOS,CALLE 49 CON CARRERA 86,6.26099308,-75.60421586,13,San Javier,1304,Los Alcázares
657491,2023,2023-10-30,19:30,Otro,HERIDO,Calle 79 Con Carrera 39,6.27092903,-75.5487281,3,Manrique,0304,Santa Inés
573452,2021,2021-06-14,09:50,Choque,SOLO DAÑOS,CALLE 20 CON CARRERA 74,6.22398544,-75.59569064,16,Belén,1605,San Bernardo
629739,2022,2022-09-27,12:00,Otro,HERIDO,Calle 73 Con Carrera 32,,,3,Manrique,,
640628,2023,2023-03-04,21:00,Otro,HERIDO,Calle 97 Con Carrera 67,6.29209759,-75.57096498,5,Castilla,0511,Castilla
584842,2021,2021-09-15,15:10,Choque,SOLO DAÑOS,CALLE 45 CON CARRERA 60,6.24858561,-75.57798597,10,La Candelaria,1008,Corazón de Jesús
529886,2020,2020-02-06,13:00,Choque,SOLO DAÑOS,CALLE 15 SUR CON CARRERA 48,6.19253566,-75.58015087,14,El Poblado,1423,Santa María de los Ángeles
603419,2022,2022-02-21,16:55,Choque,SOLO DAÑOS,Calle 77 Con Carrera 52,6.27224671,-75.56497757,4,Aranjuez,Inst_10,Moravia
564608,2021,2021-03-15,15:15,Choque,SOLO DAÑOS,CALLE 63 CON CARRERA 64 C,6.29526346,-75.5622696,5,Castilla,0508,Belalcázar
584302,2021,2021-09-11,12:15,Choque,HERIDO,CALLE 102 CON CARRERA 32,6.29269667,-75.54155261,1,Popular,0110,La Esperanza No. 2
501445,2019,2019-07-11,13:00,Choque,SOLO DAÑOS,CALLE 44 CON CARRERA 60,6.24740145,-75.57839634,10,La Candelaria,1008,Corazón de Jesús
490980,2019,2019-04-11,13:20,Choque,HERIDO,CALLE 52 CON CARRERA 80,6.26527065,-75.59622895,11,Laureles Estadio,1114,Los Colores
582527,2021,2021-08-27,20:00,Choque,HERIDO,CALLE 37 CON CARRERA 62,6.23119464,-75.57527306,14,El Poblado,1401,Barrio Colombia
588093,2021,2021-10-10,10:00,Choque,SOLO DAÑOS,CALLE 80 CON CARRERA 71,6.27920135,-75.57766556,7,Robledo,0709,Altamira
640708,2023,2023-03-06,05:00,Otro,HERIDO,Calle 104 Con Carrera 80,6.30427909,-75.57817802,6,Doce de Octubre,0602,Doce de Octubre No.1
627526,2022,2022-09-09,12:45,Choque,HERIDO,Calle 31 Con Carrera 65 C,6.23412633,-75.58449839,16,Belén,1601,Fátima
645367,2023,2023-05-15,06:40,Atropello,HERIDO,Calle 50 Con Carrera 64 B,6.25539954,-75.57940873,11,Laureles Estadio,1101,Carlos E. Restrepo
535928,2020,2020-04-05,12:00,Otro,HERIDO,CALLE 55 CON CARRERA 2,6.23561671,-75.52976112,8,Villa Hermosa,0816,Villa Turbay
502887,2019,2019-07-22,09:30,Caida Ocupante,HERIDO,CALLE 65 CON CARRERA 16 EE,6.25589295,-75.53820721,8,Villa Hermosa,0806,Llanaditas
680268,2024,2024-10-28,17:55,Choque,HERIDO,CL 044 042,6.2422193,-75.56410793,10,La Candelaria,1014,Las Palmas
510913,2019,2019-09-17,10:00,Otro,HERIDO,CALLE 7 CON CARRERA 25,6.20409666,-75.55550976,14,El Poblado,1409,El Tesoro
611041,2022,2022-04-26,13:33,Choque,SOLO DAÑOS,Calle 70 Con Carrera 62,,,4,Aranjuez,,
691097,2025,2025-04-12,18:20,Otro,HERIDO,Calle 61 Con Carrera 48,6.25782111,-75.56116691,10,La Candelaria,1001,Prado
561931,2021,2021-02-18,20:30,Volcamiento,HERIDO,CALLE 25 CON CARRERA 65 B,6.22657536,-75.58449445,15,Guayabal,1503,Trinidad
558778,2021,2021-01-21,16:20,Volcamiento,HERIDO,CALLE 37 B SUR CON CARRERA 52 A,,,80,Corregimiento de San Antonio de Prado,,
494097,2019,2019-05-09,18:10,Choque,SOLO DAÑOS,CALLE 4 SUR CON CARRERA 52,6.20530618,-75.58653299,15,Guayabal,1509,Cristo Rey
634197,2022,2022-11-22,09:00,Choque,HERIDO,Calle 10 Con Carrera 50,6.21364324,-75.57832075,15,Guayabal,1507,Campo Amor
638033,2023,2023-01-24,18:00,Choque,HERIDO,Calle 39 Con Carrera 109,6.25102983,-75.62207576,13,San Javier,1310,Veinte de Julio
500546,2019,2019-07-03,17:14,Choque,SOLO DAÑOS,CALLE 2 CON CARRERA 50,6.20739849,-75.57930939,15,Guayabal,1509,Cristo Rey
559305,2021,2021-01-26,18:50,Choque,SOLO DAÑOS,CALLE 84 CON CARRERA 45,6.27619921,-75.55351989,4,Aranjuez,0410,Campo Valdés No. 2
522622,2019,2019-12-10,14:30,Atropello,HERIDO,CALLE 79 CON CARRERA 36 D,6.27132554,-75.54626897,3,Manrique,0304,Santa Inés
544212,2020,2020-08-21,14:15,Otro,HERIDO,CALLE 80 CON CARRERA 45,6.27279652,-75.55412963,3,Manrique,0303,Campo Valdés No. 1
647439,2023,2023-06-10,19:20,Atropello,HERIDO,Calle 49 Con Carrera 44,6.24664127,-75.56411663,10,La Candelaria,1019,La Candelaria
640428,2023,2023-03-02,06:20,Choque,HERIDO,Calle 48  Sur Con Carrera 60 D,6.1783514,-75.64118416,80,Corregimiento de San Antonio de Prado,AUC2,San Antonio de Prado
528498,2020,2020-01-27,10:00,Otro,HERIDO,CALLE 49 CON CARRERA 60,6.25196195,-75.57674492,10,La Candelaria,1008,Corazón de Jesús
522301,2019,2019-12-08,06:00,Choque,SOLO DAÑOS,CALLE 64 CON CARRERA 103 C,6.28146932,-75.61238677,60,Corregimiento de San Cristóbal,6098,Área de Expansión Pajarito
531468,2020,2020-02-18,07:10,Choque,SOLO DAÑOS,CALLE 33 CON CARRERA 66,6.2392911,-75.58654979,16,Belén,1601,Fátima
562738,2021,2021-02-26,12:30,Choque,HERIDO,CALLE 34 A CON CARRERA 79,6.24122047,-75.5995478,11,Laureles Estadio,1109,Las Acacias
539388,2020,2020-06-13,22:30,Choque,SOLO DAÑOS,CALLE 47 CON CARRERA 46,6.24621925,-75.56690516,10,La Candelaria,1013,Barrio Colón
683420,2024,2024-12-18,08:00,Otro,HERIDO,CR  044   086  030 00000,6.27889279,-75.5519223,3,Manrique,302,Las Granjas
546182,2020,2020-09-12,15:00,Choque,SOLO DAÑOS,CALLE 80 CON CARRERA 80,6.18661632,-75.65660126,80,Corregimiento de San Antonio de Prado,8000,Cabecera San Antonio de Prado
580364,2021,2021-08-10,07:12,Caida Ocupante,HERIDO,CALLE 101 CON CARRERA 80,6.30025173,-75.57967136,6,Doce de Octubre,0603,Doce de Octubre No.2
598042,2022,2022-01-02,11:00,Choque,HERIDO,Calle 47 Con Carrera 20,6.23622475,-75.54704461,9,Buenos Aires,0904,Los Cerros El Vergel
534275,2020,2020-03-09,11:10,Choque,SOLO DAÑOS,CALLE 46 CON CARRERA 45,6.24484482,-75.56637321,10,La Candelaria,1013,Barrio Colón
678968,2024,2024-10-08,07:45,Caida Ocupante,HERIDO,CL 085 C 048 A,6.27827247,-75.55603579,4,Aranjuez,411,Las Esmeraldas
577595,2021,2021-07-18,10:20,Choque,SOLO DAÑOS,CALLE 77 A CON CARRERA 90 D,6.28497829,-75.59337223,7,Robledo,0713,Aures No.1
626030,2022,2022-08-29,08:19,Choque,SOLO DAÑOS,Calle 44 Con Carrera 57,6.24625198,-75.57519767,10,La Candelaria,Inst_17,Centro Administrativo
589923,2021,2021-10-25,11:11,Choque,HERIDO,CALLE 64 CON CARRERA 117 C,6.28493235,-75.60819431,60,Corregimiento de San Cristóbal,6098,Área de Expansión Pajarito
651698,2023,2023-08-10,13:50,Otro,HERIDO,Calle 19 Con Carrera 65,6.22227317,-75.58431258,15,Guayabal,1504,Santa Fé
698475,2025,2025-07-16,07:00,Atropello,HERIDO,Calle 49 Con Carrera 42,6.24598399,-75.5628464,10,La Candelaria,1015,Bomboná No.1
602039,2022,2022-02-10,18:25,Choque,SOLO DAÑOS,Calle 50 A Con Carrera 62,6.25154711,-75.57915609,11,Laureles Estadio,1102,Suramericana
638546,2023,2023-02-01,15:17,Caida Ocupante,HERIDO,Calle 31 Con Carrera 70,6.23375091,-75.59155812,16,Belén,1602,Rosales
589349,2021,2021-10-20,18:30,Choque,SOLO DAÑOS,CALLE 73 CON CARRERA 71,6.28800544,-75.61520118,60,Corregimiento de San Cristóbal,6012,Pedregal Alto
614211,2022,2022-05-22,11:30,Choque,SOLO DAÑOS,Calle 7 Con Carrera 36,6.20640707,-75.56604584,14,El Poblado,1417,La Florida
581937,2021,2021-08-23,07:25,Otro,HERIDO,CALLE 14 CON CARRERA 70,6.2204921,-75.59248786,16,Belén,1606,Las Playas
699648,2025,2025-07-30,06:00,Otro,HERIDO,Calle 126 Con Carrera 44 A,,,N/D,N/D,,
545250,2020,2020-09-02,21:30,Volcamiento,HERIDO,CALLE 99 CON CARRERA 51 A,6.29226895,-75.56127492,2,Santa Cruz,0211,La Rosa
660677,2023,2023-12-15,18:50,Choque,HERIDO,Calle 30 Con Carrera 55,6.2316212,-75.57985173,15,Guayabal,1502,Tenche
546245,2020,2020-09-13,16:50,Caida Ocupante,HERIDO,CALLE 77 CON CARRERA 47,6.27041435,-75.55636576,4,Aranjuez,0410,Campo Valdés No. 1
640656,2023,2023-03-05,07:40,Choque,SOLO DAÑOS,Calle 120 Con Carrera 63,6.31004349,-75.55796075,5,Castilla,0501,Toscana
626055,2022,2022-08-29,12:50,Volcamiento,HERIDO,Calle 37 Con Carrera 86 A,6.24610793,-75.60952566,12,La América,1210,Barrio Cristóbal
528743,2020,2020-01-29,06:08,Choque,HERIDO,CALLE 57 CON CARRERA 63,6.25926259,-75.57506931,11,Laureles Estadio,1101,Carlos E. Restrepo
548498,2020,2020-10-06,18:10,Choque,SOLO DAÑOS,CALLE 7 CON CARRERA 52,6.21264231,-75.58330428,15,Guayabal,1507,Campo Amor
590822,2021,2021-11-03,06:37,Caida Ocupante,HERIDO,CALLE 9 A CON CARRERA 49,6.21157284,-75.57871275,15,Guayabal,1507,Campo Amor
521289,2019,2019-12-01,23:00,Choque,HERIDO,CALLE 72 CON CARRERA 38,6.26804621,-75.54875988,3,Manrique,0305,El Raizal
532177,2020,2020-02-22,12:30,Volcamiento,HERIDO,CALLE 81 CON CARRERA 52,6.27550069,-75.56438945,4,Aranjuez,0405,Moravia
516428,2019,2019-10-25,18:50,Choque,HERIDO,CALLE 69 CON CARRERA 53,6.2671405,-75.5658747,4,Aranjuez,0407,Sevilla
546959,2020,2020-09-21,13:20,Choque,SOLO DAÑOS,CALLE 18 SUR CON CARRERA 43 A,6.18568492,-75.57849272,14,El Poblado,1413,El Diamante No. 2
645511,2023,2023-05-16,19:10,Otro,HERIDO,Calle 94 Con Carrera 63,6.28804489,-75.57117403,5,Castilla,0511,Castilla
639849,2023,2023-02-21,11:15,Choque,HERIDO,Calle 118 A Con Carrera 64 AA,6.31085351,-75.563798,5,Castilla,0502,Florencia
591015,2021,2021-11-04,15:39,Atropello,HERIDO,CALLE 53 CON CARRERA 53,6.20108786,-75.5904439,15,Guayabal,1511,La Colina
577784,2021,2021-07-20,04:40,Atropello,HERIDO,CALLE 97 CON CARRERA 75,6.29458111,-75.57842629,6,Doce de Octubre,0606,San Martín de Porres
483865,2019,2019-02-10,11:50,Choque,SOLO DAÑOS,CALLE 3 SUR CON CARRERA 49,6.20277867,-75.57718938,14,El Poblado,1422,La Aguacatala
594873,2021,2021-12-05,11:00,Atropello,HERIDO,CALLE 92 CON CARRERA 79 A,6.28992385,-75.58389133,6,Doce de Octubre,0607,Kennedy
514832,2019,2019-10-15,06:55,Choque,SOLO DAÑOS,CALLE 119 CON CARRERA 63,6.31169778,-75.55671056,5,Castilla,-,0
638792,2023,2023-02-05,08:00,Choque,HERIDO,Calle 120 Con Carrera 50,6.30432788,-75.5525738,2,Santa Cruz,0203,La Frontera
614889,2022,2022-05-28,11:30,Choque,HERIDO,Calle 45 Con Carrera 36 A,6.24093427,-75.55922449,9,Buenos Aires,0911,Gerona
613965,2022,2022-05-20,08:00,Otro,HERIDO,Calle 83 A Con Carrera 39,6.27481773,-75.54760614,3,Manrique,0304,Santa Inés
494810,2019,2019-05-15,14:00,Choque,SOLO DAÑOS,CALLE 35 CON CARRERA 83 A,6.24392799,-75.60600198,11,Laureles Estadio,1110,La Castellana
573291,2021,2021-06-12,14:00,Choque,SOLO DAÑOS,CALLE 67 CON CARRERA 53,6.26454434,-75.56745003,4,Aranjuez,0407,Sevilla
628763,2022,2022-09-18,22:42,Choque,HERIDO,Calle 80 Con Carrera 65,6.27633391,-75.57345587,5,Castilla,Inst_3,Cementerio Universal
564996,2021,2021-03-18,19:00,Choque,SOLO DAÑOS,CALLE 67 CON CARRERA 30,6.26264159,-75.54485556,3,Manrique,0309,Versalles No. 1
610199,2022,2022-04-19,17:00,Otro,HERIDO,Calle 103 Con Carrera 45,6.29258524,-75.5514673,2,Santa Cruz,0209,Villa del Socorro
574199,2021,2021-06-20,09:50,Choque,HERIDO,CALLE 104 CON CARRERA 64 C,6.30339931,-75.56155025,5,Castilla,0502,Las Brisas
645301,2023,2023-05-14,07:30,Otro,HERIDO,Calle 56 Con Carrera 24 A,6.24309767,-75.54699536,8,Villa Hermosa,0810,El Pinal
609860,2022,2022-04-16,12:40,Choque,SOLO DAÑOS,Calle 37 Con Carrera 48,6.23785828,-75.57168244,10,La Candelaria,1013,Barrio Colón
630828,2022,2022-10-06,10:00,Choque,HERIDO,Calle 63 A Con Carrera 47,6.25895403,-75.55945432,10,La Candelaria,1001,Prado
661553,2024,2024-01-08,07:30,Atropello,HERIDO,Carrera 54 Con Calle 34,6.23642775,-75.57565818,10,La Candelaria,1012,Perpetuo Socorro
593326,2021,2021-11-23,20:00,Choque,SOLO DAÑOS,CALLE 80 CON CARRERA 79,6.27089227,-75.53965586,3,Manrique,0311,La Cruz
486564,2019,2019-03-04,14:30,Choque,SOLO DAÑOS,CALLE 48 CON CARRERA 46,6.24675039,-75.56630065,10,La Candelaria,1019,La Candelaria
654501,2023,2023-09-19,06:45,Choque,HERIDO,Calle 40 Con Carrera 55,6.24061573,-75.57493867,10,La Candelaria,1011,Calle Nueva
649133,2023,2023-07-03,19:00,Choque,HERIDO,Calle 116 Con Carrera 74,6.31047039,-75.56916025,5,Castilla,0503,Florencia
589210,2021,2021-10-19,18:10,Choque,SOLO DAÑOS,CALLE 4 SUR CON CARRERA 49,6.20378353,-75.57914409,14,El Poblado,1422,La Aguacatala
518317,2019,2019-11-08,17:10,Otro,HERIDO,CALLE 20 CON CARRERA 50,,,15,Guayabal,Sin inf,Sin inf
683310,2024,2024-12-16,11:00,Caida Ocupante,HERIDO,CR  043 A S 001 A 045 00000,6.20270228,-75.57243113,14,El Poblado,1421,Patio Bonito
487623,2019,2019-03-13,16:40,Choque,SOLO DAÑOS,CALLE 10 CON CARRERA 80,,,15,Guayabal,Sin inf,Sin inf
499168,2019,2019-06-21,13:30,Choque,SOLO DAÑOS,CALLE 2 CON CARRERA 51 A,6.20636421,-75.58238948,15,Guayabal,1509,Cristo Rey
595066,2021,2021-12-07,00:40,Atropello,HERIDO,CALLE 49 CON CARRERA 80,6.26087399,-75.59723211,11,Laureles Estadio,1113,El Estadio
573967,2021,2021-06-18,10:00,Choque,SOLO DAÑOS,CALLE 8 A CON CARRERA 34,6.20793524,-75.56527685,14,El Poblado,1418,El Poblado
697574,2025,2025-07-05,09:27,Atropello,HERIDO,Calle 47 Con Carrera 45,6.24550051,-75.56587986,10,La Candelaria,1013,Barrio Colón
520677,2019,2019-11-26,07:36,Otro,HERIDO,CALLE 26 CON CARRERA 42,6.22467254,-75.56874591,14,El Poblado,1404,Castropol
563459,2021,2021-03-04,18:20,Choque,HERIDO,CALLE 79 CON CARRERA 50 C,6.2732107,-75.56137865,4,Aranjuez,0415,Miranda
646223,2023,2023-05-26,06:10,Choque,HERIDO,Calle 77 Con Carrera 31,6.26921217,-75.54405877,3,Manrique,0305,El Raizal
532630,2020,2020-02-25,19:30,Caida Ocupante,HERIDO,CALLE 1 CON CARRERA 1,6.20160049,-75.52773007,90,Corregimiento de Santa Elena,9009,SUBURB El Plan
605632,2022,2022-03-11,08:20,Otro,HERIDO,Calle 30 Con Carrera 50,6.23187752,-75.57442722,10,La Candelaria,1012,Perpetuo Socorro
620292,2022,2022-07-14,15:30,Choque,HERIDO,Calle 72 Con Circular 5,6.24675816,-75.59157684,11,Laureles Estadio,1107,Bolivariana
663167,2024,2024-02-01,16:40,Choque,HERIDO,Carrera 64 AA Con Calle 119,6.31169778,-75.55671056,5,Castilla,-,0
483329,2019,2019-02-05,18:50,Choque,SOLO DAÑOS,CALLE 50 CON CARRERA 80,6.26362588,-75.59697998,12,La América,1202,Calasanz
652508,2023,2023-08-21,17:00,Volcamiento,HERIDO,Calle 50 Con Carrera 63,6.25430926,-75.57757397,11,Laureles Estadio,1102,Suramericana
522791,2019,2019-12-11,15:00,Volcamiento,HERIDO,CALLE 43 A CON CARRERA 18,,,14,El Poblado,Sin inf,Sin inf
652684,2023,2023-08-23,20:30,Choque,HERIDO,Calle 48 A Con Carrera 82,6.25986953,-75.60055373,12,La América,1202,Los Alcázares
545542,2020,2020-09-05,19:40,Otro,HERIDO,CALLE 44 CON CARRERA 55,6.2462135,-75.57446575,10,La Candelaria,1007,Guayaquil
658263,2023,2023-11-10,16:00,Otro,HERIDO,Calle 38 Con Carrera 29 A,6.23436856,-75.55637425,9,Buenos Aires,0913,Loreto
610307,2022,2022-04-20,14:15,Otro,HERIDO,Calle 31 B Con Carrera 102 A,6.23597051,-75.62133906,16,Belén,1616,Las Violetas
686793,2025,2025-02-18,06:00,Choque,HERIDO,Calle 50 Con Carrera 70,6.2585301,-75.58607294,11,Laureles Estadio,1101,Carlos E. Restrepo
480129,2019,2019-01-07,20:10,Choque,HERIDO,CALLE 47 CON CARRERA 31,6.23950206,-75.55451401,9,Buenos Aires,0907,Buenos Aires
587023,2021,2021-10-02,09:50,Choque,SOLO DAÑOS,CALLE 80 CON CARRERA 67,6.27730863,-75.57530025,7,Robledo,0709,El Progreso
694518,2025,2025-05-27,10:40,Choque,HERIDO,Calle 116 Con Carrera 65,6.30993714,-75.5638326,5,Castilla,502,Las Brisas
690141,2025,2025-03-31,16:00,Choque,HERIDO,Calle 44 Con Carrera 65,6.2485157,-75.5833068,11,Laureles Estadio,1104,San Joaquín
597580,2021,2021-12-28,11:10,Choque,HERIDO,CALLE 30 D CON CARRERA 88,6.23251124,-75.61266173,16,Belén,1616,Las Violetas
623368,2022,2022-08-07,23:00,Caida Ocupante,HERIDO,Calle 44 Con Carrera 40,6.24155328,-75.56323422,10,La Candelaria,1014,Las Palmas
627701,2022,2022-09-10,16:30,Atropello,HERIDO,Calle 53 Con Carrera 53,6.23539828,-75.53743661,8,Villa Hermosa,0813,Villatina
685027,2025,2025-01-24,10:20,Otro,HERIDO,Calle 47 Con Carrera 20 A,,,9,Buenos Aires,,
655135,2023,2023-09-28,07:50,Otro,HERIDO,Calle 44 Con Carrera 46,6.24508944,-75.56771748,10,La Candelaria,1013,Barrio Colón
552912,2020,2020-11-21,09:00,Choque,SOLO DAÑOS,CALLE 58 CON CARRERA 49,6.25547889,-75.56342613,10,La Candelaria,1001,Villa Nueva
619133,2022,2022-07-05,13:00,Otro,HERIDO,Calle 8  Sur Con Carrera 50,6.19999357,-75.58038964,15,Guayabal,1510,Guayabal
506359,2019,2019-08-15,12:00,Atropello,HERIDO,CALLE 37 CON CARRERA 51,6.23852851,-75.57323918,10,La Candelaria,1011,Calle Nueva
601045,2022,2022-02-02,18:30,Otro,HERIDO,Calle 103 EE Con Carrera 65,6.29965279,-75.56662613,5,Castilla,0509,Girardot
516732,2019,2019-10-28,09:50,Choque,SOLO DAÑOS,CALLE 3 SUR CON CARRERA 56 A,6.20672746,-75.5887691,15,Guayabal,1509,Cristo Rey
541610,2020,2020-07-11,20:00,Choque,SOLO DAÑOS,CALLE 55 CON CARRERA 63 A,6.25784093,-75.57963515,11,Laureles Estadio,1101,Carlos E. Restrepo
633222,2022,2022-11-08,06:50,Otro,HERIDO,Calle 43 Con Carrera 43 A,6.24218559,-75.56597678,10,La Candelaria,1014,Las Palmas
671365,2024,2024-06-10,14:00,Otro,HERIDO,Calle 49 Con Carrera 41,6.24539943,-75.56171316,10,La Candelaria,1015,Bomboná No.1
632356,2022,2022-10-27,12:30,Otro,HERIDO,Calle 39 B Con Carrera 40,6.23893198,-75.56551413,10,La Candelaria,1014,Las Palmas
658240,2023,2023-11-10,10:00,Choque,HERIDO,Calle 58 Con Carrera 31,6.24911165,-75.55118806,8,Villa Hermosa,0808,Enciso
493794,2019,2019-05-07,22:50,Choque,SOLO DAÑOS,CALLE 56 CON CARRERA 39,6.24930871,-75.55733982,10,La Candelaria,1016,Boston
531476,2020,2020-02-18,08:30,Choque,SOLO DAÑOS,CALLE 80 CON CARRERA 52,6.27458429,-75.5645573,4,Aranjuez,0405,Moravia
664163,2024,2024-02-16,17:50,Otro,HERIDO,Calle 49 A Con Carrera 6 A,6.23092876,-75.53595249,9,Buenos Aires,902,Barrio de Jesús
658965,2023,2023-11-21,07:00,Choque,HERIDO,Calle 104 Con Carrera 64 C,6.30339931,-75.56155025,5,Castilla,0502,Las Brisas
582302,2021,2021-08-26,06:15,Atropello,HERIDO,CALLE 52 SUR CON CARRERA 75,6.17502712,-75.6524791,80,Corregimiento de San Antonio de Prado,8000,Cabecera San Antonio de Prado
647390,2023,2023-06-09,19:30,Otro,HERIDO,Calle 44 Con Carrera 57,6.24625198,-75.57519767,10,La Candelaria,Inst_17,Centro Administrativo
626504,2022,2022-09-01,20:30,Choque,SOLO DAÑOS,Calle 8 Con Carrera 84 F,6.21963212,-75.60857776,16,Belén,1611,Loma de los Bernal
653943,2023,2023-09-11,08:00,Otro,HERIDO,Calle 67 Con Carrera 99,6.28821607,-75.60952423,60,Corregimiento de San Cristóbal,6098,Área de Expansión Pajarito
480278,2019,2019-01-09,09:15,Choque,SOLO DAÑOS,CALLE 69 D CON CARRERA 25,6.26387739,-75.540589,3,Manrique,0310,Versalles No. 2
558683,2021,2021-01-20,14:30,Choque,SOLO DAÑOS,CALLE 20 CON CARRERA 48,6.22414852,-75.57520791,14,El Poblado,1403,Villa Carlota
662744,2024,2024-01-27,14:00,Otro,HERIDO,Calle 49 Con Carrera 46,6.24757839,-75.565918,10,La Candelaria,1019,La Candelaria
644015,2023,2023-04-27,12:30,Choque,HERIDO,Calle 67 Con Carrera 64,6.26132273,-75.57391131,7,Robledo,Inst_8,Universidad Nacional
701515,2025,2025-08-20,10:25,Choque,HERIDO,Calle 55 Con Carrera 65,6.25866798,-75.5801418,11,Laureles Estadio,1101,Carlos E. Restrepo
701391,2025,2025-08-18,21:00,Choque,HERIDO,Calle 47 Con Carrera 21,6.23659574,-75.54860852,9,Buenos Aires,908,Miraflores
662283,2024,2024-01-20,12:25,Choque,HERIDO,Calle 58 Con Carrera 57,6.26035459,-75.57318834,10,La Candelaria,1004,El Chagualo
524352,2019,2019-12-22,11:50,Atropello,HERIDO,CALLE 81 CON CARRERA 52,6.27550069,-75.56438945,4,Aranjuez,0405,Moravia
619487,2022,2022-07-08,08:10,Otro,HERIDO,Calle 91 Con Carrera 65,6.28232505,-75.5719957,5,Castilla,0514,Alfonso López
657834,2023,2023-11-04,06:14,Choque,HERIDO,Calle 57 Con Carrera 62,6.25926259,-75.57506931,11,Laureles Estadio,1101,Carlos E. Restrepo
539219,2020,2020-06-12,06:00,Otro,HERIDO,CALLE 67 CON CARRERA 64 C,6.26569446,-75.57490435,5,Castilla,0517,Caribe
492743,2019,2019-04-28,13:00,Choque,SOLO DAÑOS,CALLE 25 CON CARRERA 52,6.22592655,-75.57845009,15,Guayabal,1503,Trinidad
513823,2019,2019-10-07,14:00,Otro,HERIDO,CALLE 54 CON CARRERA 42,6.24951626,-75.56065047,10,La Candelaria,1016,Boston
538764,2020,2020-06-05,14:50,Choque,SOLO DAÑOS,CALLE 6 SUR CON CARRERA 80 AC,6.20606996,-75.60457698,16,Belén,1610,La Hondonada
646442,2023,2023-05-29,07:30,Otro,HERIDO,Calle 37 Con Carrera 55,6.23981003,-75.57599242,10,La Candelaria,Inst_16,La Alpujarra
623651,2022,2022-08-09,21:30,Choque,SOLO DAÑOS,Calle 44 Con Carrera 57,6.24625198,-75.57519767,10,La Candelaria,Inst_17,Centro Administrativo
634353,2022,2022-11-24,19:15,Otro,HERIDO,Calle 9 Con Carrera 72,6.21687228,-75.59733213,16,Belén,1607,Diego Echavarría
671981,2024,2024-06-20,07:20,Otro,HERIDO,Carrera 70 Con Calle 48,6.25414362,-75.58798305,11,Laureles Estadio,Inst_14,U.D. Atanasio Girardot
573102,2021,2021-06-11,03:40,Caida Ocupante,HERIDO,CALLE 49 B CON CARRERA 25,6.23870325,-75.54868914,9,Buenos Aires,0905,Miraflores
559985,2021,2021-02-02,02:20,Choque,HERIDO,CALLE 50 CON CARRERA 54,6.25114135,-75.57131029,10,La Candelaria,1006,San Benito
519496,2019,2019-11-17,17:10,Choque,SOLO DAÑOS,CALLE 44 CON CARRERA 61,6.24740146,-75.57839633,10,La Candelaria,1008,Corazón de Jesús
640217,2023,2023-02-26,21:29,Atropello,HERIDO,Calle 44 Con Carrera 46,6.24381107,-75.56859494,10,La Candelaria,1013,Barrio Colón
538442,2020,2020-05-31,16:40,Caida Ocupante,HERIDO,CALLE 58 CON CARRERA 8,6.2357929,-75.53311973,8,Villa Hermosa,0819,Villa Liliam
553677,2020,2020-11-28,09:45,Choque,SOLO DAÑOS,CALLE 75 B CON CARRERA 64 A,6.27421828,-75.57100009,5,Castilla,0517,Caribe
493891,2019,2019-05-08,13:30,Choque,SOLO DAÑOS,CALLE 55 CON CARRERA 78 B,6.26909585,-75.59428373,11,Laureles Estadio,1114,Los Colores
684818,2025,2025-01-21,11:30,Choque,HERIDO,Calle 106 C Con Carrera 82,6.30833369,-75.57885007,6,Doce de Octubre,602,Doce de Octubre No.1
672831,2024,2024-07-05,06:15,Otro,HERIDO,Carrera 80 Con Calle 79,6.2822198,-75.58559819,7,Robledo,711,El Diamante
586092,2021,2021-09-24,17:30,Choque,SOLO DAÑOS,CALLE 49 CON CARRERA 14,6.23253046,-75.54154837,9,Buenos Aires,0904,Los Cerros El Vergel
544489,2020,2020-08-25,11:30,Choque,SOLO DAÑOS,CALLE 48 B CON CARRERA 87,6.26008135,-75.60476174,13,San Javier,1304,Los Alcázares
620209,2022,2022-07-14,05:30,Otro,HERIDO,Calle 101 Con Carrera 84,6.30101233,-75.58294981,6,Doce de Octubre,0608,Picacho
524142,2019,2019-12-20,21:30,Otro,HERIDO,CALLE 80 CON CARRERA 94,6.29157119,-75.59294062,7,Robledo,0712,Aures No. 2
519781,2019,2019-11-19,13:50,Otro,HERIDO,CALLE 1 SUR CON CARRERA 48,6.20337372,-75.57725215,14,El Poblado,1421,La Aguacatala
689085,2025,2025-03-18,05:20,Atropello,HERIDO,Calle 58 Con Carrera 53,6.25717992,-75.56876047,10,La Candelaria,1005,Estación Villa
496363,2019,2019-05-28,15:05,Otro,HERIDO,CALLE 58 CON CARRERA 55,6.25826483,-75.57056106,10,La Candelaria,1004,El Chagualo
496980,2019,2019-06-03,13:30,Choque,SOLO DAÑOS,CALLE 33 CON CARRERA 84,6.23851102,-75.60871821,11,Laureles Estadio,1110,Las Mercedes
488793,2019,2019-03-23,14:15,Choque,SOLO DAÑOS,CALLE 44 CON CARRERA 62,6.2477785,-75.57974987,10,La Candelaria,1008,La Alpujarra
487016,2019,2019-03-08,12:20,Otro,HERIDO,CALLE 70 CON CARRERA 65,6.2696323,-75.57618452,5,Castilla,0519,B. Cerro  El Volador
574804,2021,2021-06-25,03:00,Volcamiento,SOLO DAÑOS,CALLE 9 SUR CON CARRERA 79,6.20270274,-75.59991441,16,Belén,1609,La Hondonada
509384,2019,2019-09-06,09:45,Choque,SOLO DAÑOS,CALLE 12 CON CARRERA 80,,,16,Belén,Sin inf,Sin inf
690356,2025,2025-04-03,12:50,Otro,HERIDO,Calle 76 Con Carrera 88,6.28027517,-75.59412395,7,Robledo,716,Palenque
596965,2021,2021-12-22,13:40,Choque,HERIDO,CALLE 39 B CON CARRERA 93,6.25208716,-75.61113077,12,La América,1208,Campo Alegre
696279,2025,2025-06-18,06:49,Choque,HERIDO,Calle 65 Con Carrera 64 C,,,N/D,N/D,,
700180,2025,2025-08-04,19:10,Choque,HERIDO,Calle 9  Sur Con Carrera 79 C,6.20279931,-75.60301153,16,Belén,1609,La Hondonada
556571,2020,2020-12-23,08:00,Choque,SOLO DAÑOS,CALLE 40 CON CARRERA 53,6.24129702,-75.57401467,10,La Candelaria,1011,Calle Nueva
490201,2019,2019-04-05,11:30,Atropello,HERIDO,CALLE 71 CON CARRERA 45,6.26635967,-75.55515579,3,Manrique,0307,Manrique Central No. 1
516020,2019,2019-10-23,08:20,Otro,HERIDO,CALLE 65 CON CARRERA 84,6.27493,-75.59516405,7,Robledo,0717,Robledo
653774,2023,2023-09-09,07:30,Atropello,HERIDO,Carrera 45 Con Transversal 6,6.20763975,-75.57439626,14,El Poblado,1421,Patio Bonito
606973,2022,2022-03-22,09:30,Choque,HERIDO,Calle 60 Con Carrera 51,6.258647,-75.56550591,10,La Candelaria,1003,Jesús Nazareno
600187,2022,2022-01-26,05:45,Choque,SOLO DAÑOS,Calle 70 Con Carrera 95 C,6.28851922,-75.60040166,7,Robledo,0724,Monteclaro
647131,2023,2023-06-06,20:20,Otro,HERIDO,Calle 67 Con Carrera 47,6.26256496,-75.55705277,4,Aranjuez,0409,Manrique Central No. 1
597718,2021,2021-12-29,17:10,Choque,SOLO DAÑOS,CALLE 19 CON CARRERA 39,6.22060598,-75.56619153,14,El Poblado,1404,Castropol
635117,2022,2022-12-05,20:20,Choque,HERIDO,Calle 29 C Con Carrera 36,6.22711397,-75.56323021,9,Buenos Aires,0914,Asomadera No. 1
514408,2019,2019-10-11,13:00,Volcamiento,HERIDO,CALLE 44 CON CARRERA 39,6.24155328,-75.56323422,10,La Candelaria,1014,Las Palmas
636349,2022,2022-12-24,16:30,Atropello,HERIDO,Calle 47 A Con Carrera 2,6.22919988,-75.52971147,9,Buenos Aires,0901,Juan Pablo II
509622,2019,2019-09-07,19:50,Caida Ocupante,HERIDO,CALLE 94 CON CARRERA 65,6.28848726,-75.56957285,5,Castilla,0511,Castilla
534101,2020,2020-03-07,16:50,Choque,SOLO DAÑOS,CALLE 93 CON CARRERA 72 A,6.28845458,-75.57648968,5,Castilla,0514,La Esperanza
676273,2024,2024-08-27,12:36,Choque,HERIDO,Carrera 52 Con Calle 57,6.2562824,-75.5678414,10,La Candelaria,1005,Estación Villa
603737,2022,2022-02-24,05:40,Choque,HERIDO,Calle 56 A Con Carrera 39,6.24984458,-75.55701921,10,La Candelaria,1016,Boston
667384,2024,2024-04-06,11:30,Otro,HERIDO,CR 048 A 100 A 100,,,13,San Javier,,
690447,2025,2025-04-04,13:00,Choque,HERIDO,Calle 44 Con Carrera 64,6.24854601,-75.58252215,11,Laureles Estadio,1103,Naranjal
670823,2024,2024-05-31,12:20,Otro,HERIDO,CL 055 069 070,,,11,Laureles Estadio,,
514112,2019,2019-10-09,11:50,Choque,SOLO DAÑOS,CALLE 45 CON CARRERA 46,6.24491657,-75.56766781,10,La Candelaria,1013,Barrio Colón
599589,2022,2022-01-20,11:00,Choque,SOLO DAÑOS,Calle 81 Con Carrera 44,6.27345969,-75.55295352,3,Manrique,0303,Campo Valdés No. 2
599874,2022,2022-01-22,22:30,Caida Ocupante,HERIDO,Calle 66 Con Carrera 43,6.26031809,-75.55550302,8,Villa Hermosa,0802,La Mansión
493463,2019,2019-05-05,04:00,Atropello,HERIDO,CALLE 58 C CON CARRERA 125,6.27525392,-75.63026073,60,Corregimiento de San Cristóbal,6014,Suburbano La Loma
603539,2022,2022-02-22,15:30,Volcamiento,HERIDO,Tramo 15 Con Kilometro 2,,,50,Corregimiento de San Sebastián de Palmitas,,
679407,2024,2024-10-16,06:00,Otro,HERIDO,CR 050 FF 008,,,15,Guayabal,,
537280,2020,2020-05-13,09:00,Otro,HERIDO,CALLE 1 SUR CON DIAGONAL 75 B,6.21056218,-75.59572982,15,Guayabal,Inst_20,El Rodeo
668817,2024,2024-04-29,11:30,Choque,HERIDO,Carrera 57 Con Calle 45,6.24754481,-75.57505907,10,La Candelaria,1007,Guayaquil
544084,2020,2020-08-20,08:00,Choque,HERIDO,CALLE 47 A CON CARRERA 87,6.2573423,-75.60348919,12,La América,1205,La Floresta
602751,2022,2022-02-16,13:55,Choque,HERIDO,Calle 30 Con Carrera 44,6.22999216,-75.57083839,10,La Candelaria,1012,Perpetuo Socorro
509324,2019,2019-09-06,06:45,Caida Ocupante,HERIDO,CALLE 44 CON CARRERA 46,6.24508944,-75.56771748,10,La Candelaria,1013,Barrio Colón
674451,2024,2024-07-30,14:10,Choque,HERIDO,Calle 54 Con Carrera 42,6.24951626,-75.56065047,10,La Candelaria,1016,Boston
585428,2021,2021-09-19,20:50,Atropello,HERIDO,CALLE 10 CON CARRERA 48,6.21253849,-75.57637912,14,El Poblado,1421,Patio Bonito
548800,2020,2020-10-09,16:37,Choque,SOLO DAÑOS,CALLE 3 B SUR CON CARRERA 19 C,6.19413621,-75.55420751,14,El Poblado,1410,Los Naranjos
598474,2022,2022-01-07,08:05,Choque,SOLO DAÑOS,Calle 112 A Con Carrera 68 A,6.30819545,-75.566748,5,Castilla,0504,Tejelo
592242,2021,2021-11-14,19:40,Choque,SOLO DAÑOS,CALLE 37 CON CARRERA 44,6.23583059,-75.56842378,10,La Candelaria,1020,San Diego
550051,2020,2020-10-22,17:30,Choque,HERIDO,CALLE 65 CON TRANSVERSAL 78,6.27540582,-75.5737457,5,Castilla,0519,El Progreso
562764,2021,2021-02-26,15:30,Choque,SOLO DAÑOS,CALLE 78 CON CARRERA 64 C,6.27699394,-75.57266359,5,Castilla,Inst_4,Terminal de Transporte
519516,2019,2019-11-17,20:00,Otro,HERIDO,CALLE 4 CON CARRERA 65,6.21184427,-75.5872038,15,Guayabal,1507,Campo Amor
543970,2020,2020-08-18,18:30,Choque,HERIDO,CALLE 45 CON CARRERA 49,6.24544984,-75.56912934,10,La Candelaria,1007,Guayaquil
567983,2021,2021-04-22,14:00,Choque,SOLO DAÑOS,CALLE 57 CON CARRERA 52,6.2562824,-75.56784141,10,La Candelaria,1005,Estación Villa
568761,2021,2021-05-02,01:15,Volcamiento,HERIDO,CALLE 86 A CON CARRERA 62,6.28381929,-75.56771523,4,Aranjuez,0405,Moravia
487218,2019,2019-03-10,11:00,Otro,HERIDO,CALLE 67 CON CARRERA 63,6.26555613,-75.57533261,7,Robledo,Inst_8,Universidad Nacional
661315,2024,2024-01-03,15:30,Choque,HERIDO,Carrera 84 Con Calle 31,6.23249496,-75.60761385,16,Belén,1615,Los Alpes
482779,2019,2019-02-01,07:10,Choque,SOLO DAÑOS,CALLE 8 SUR CON CARRERA 50 E,6.20076273,-75.58345785,15,Guayabal,1510,Guayabal
657510,2023,2023-10-31,06:00,Otro,HERIDO,Calle 32 Con Carrera 48,6.23336817,-75.57352578,10,La Candelaria,1012,Perpetuo Socorro
486109,2019,2019-02-28,12:15,Choque,HERIDO,CALLE 35 CON CARRERA 50,6.23625332,-75.57325669,10,La Candelaria,1012,Perpetuo Socorro
678236,2024,2024-09-27,05:00,Choque,HERIDO,Calle 50 Con Carrera 66,6.25652294,-75.58210555,11,Laureles Estadio,1102,Suramericana
525897,2020,2020-01-06,15:00,Choque,HERIDO,CALLE 65 CON CARRERA 37,6.25534107,-75.55172244,8,Villa Hermosa,0801,Villa Hermosa
572343,2021,2021-06-04,13:17,Choque,SOLO DAÑOS,CALLE 81 CON CARRERA 64 A,6.27633391,-75.57345587,5,Castilla,Inst_3,Cementerio Universal
513741,2019,2019-10-06,20:45,Atropello,HERIDO,CALLE 8 CON CARRERA 52,6.21248892,-75.58302777,15,Guayabal,1507,Campo Amor
684066,2025,2025-01-07,18:20,Otro,HERIDO,Calle 85 B Con Carrera 32 A,6.27652401,-75.54528522,3,Manrique,302,Las Granjas
537268,2020,2020-05-13,03:00,Volcamiento,HERIDO,CALLE 40 CON CARRERA 35,6.23688222,-75.56051582,9,Buenos Aires,0911,El Salvador
564128,2021,2021-03-10,19:15,Caida Ocupante,HERIDO,CALLE 44 CON CARRERA 63,6.24854018,-75.58088972,11,Laureles Estadio,1103,Naranjal
683969,2025,2025-01-05,01:00,Otro,HERIDO,Calle 42 Con Carrera 62,6.24420641,-75.5784229,10,La Candelaria,Inst_16,La Alpujarra
657638,2023,2023-11-01,12:40,Choque,HERIDO,Calle 53 Con Carrera 47,6.25116748,-75.56476775,10,La Candelaria,1019,La Candelaria
541203,2020,2020-07-07,15:50,Choque,SOLO DAÑOS,CALLE 74 CON CIRCULAR 4,6.2445293,-75.59325221,11,Laureles Estadio,1107,Laureles
619503,2022,2022-07-08,11:30,Choque,SOLO DAÑOS,Calle 110 Con Carrera 51,6.30191502,-75.55500803,2,Santa Cruz,0205,La Francia
687013,2025,2025-02-20,17:00,Choque,HERIDO,Calle 93 Con Carrera 65,6.28917835,-75.57043284,5,Castilla,511,Castilla
664837,2024,2024-02-27,06:15,Choque,HERIDO,Carrera 64 C Con Calle 113 A,6.3083109,-75.56158361,5,Castilla,502,Las Brisas
701552,2025,2025-08-20,18:00,Choque,HERIDO,Calle 64 Con Carrera 104,6.28112269,-75.61470282,60,Corregimiento de San Cristóbal,AE1,Área de Expansión Pajarito
512576,2019,2019-09-28,10:10,Choque,SOLO DAÑOS,CALLE 1 SUR CON CARRERA 43 A,6.2034747,-75.57177884,14,El Poblado,1421,Patio Bonito
543281,2020,2020-08-08,14:00,Otro,HERIDO,CALLE 30 CON CARRERA 48,6.23188079,-75.57442636,10,La Candelaria,1012,Perpetuo Socorro
655950,2023,2023-10-08,21:50,Otro,MUERTO,Calle 10 Con Carrera 40  Oriente,6.20966347,-75.56802315,14,El Poblado,1418,El Poblado
670557,2024,2024-05-27,03:40,Choque,HERIDO,Calle 38 A Sur Con Carrera 65 D,6.18666287,-75.64622672,80,Corregimiento de San Antonio de Prado,AUC2,San Antonio de Prado
664575,2024,2024-02-23,09:00,Otro,HERIDO,Calle 2  Sur Con Carrera 51 B,6.20641163,-75.58544923,15,Guayabal,1509,Cristo Rey
695477,2025,2025-06-08,17:00,Otro,HERIDO,Calle 111 B Con Carrera 64 D,6.30654672,-75.56293801,5,Castilla,502,Las Brisas
632260,2022,2022-10-26,07:10,Otro,HERIDO,Calle 30 Con Carrera 50,6.23187752,-75.57442722,10,La Candelaria,1012,Perpetuo Socorro
593322,2021,2021-11-23,20:00,Choque,HERIDO,CALLE 78 CON CARRERA 64 A,6.27606967,-75.57066,5,Castilla,0517,Terminal de Transporte
599060,2022,2022-01-14,18:00,Otro,HERIDO,Calle 29 Con Carrera 46,6.23086845,-75.57374242,10,La Candelaria,1012,Perpetuo Socorro
617117,2022,2022-06-16,18:00,Otro,HERIDO,Calle 52 Con Carrera 26,6.24227719,-75.54848639,8,Villa Hermosa,0810,El Pinal
522852,2019,2019-12-11,22:00,Choque,SOLO DAÑOS,CALLE 101 C CON CARRERA 63,6.29551493,-75.56222434,5,Castilla,0508,Belalcázar
652223,2023,2023-08-18,05:40,Otro,HERIDO,Calle 93 Con Carrera 51 A,6.28479833,-75.56156196,4,Aranjuez,0402,San Isidro
590399,2021,2021-10-29,11:50,Choque,SOLO DAÑOS,CALLE 20 SUR CON CARRERA 27,6.1813391,-75.5682192,14,El Poblado,1412,San Lucas
574727,2021,2021-06-24,12:10,Choque,SOLO DAÑOS,CALLE 53 CON CARRERA 77 C,6.26526814,-75.59236142,11,Laureles Estadio,1114,Los Colores
639546,2023,2023-02-16,19:00,Otro,HERIDO,Calle 25 Con Carrera 52,6.22592655,-75.57845009,15,Guayabal,1503,Trinidad
663866,2024,2024-02-12,05:40,Otro,HERIDO,Carrera 46 Con Calle 55,6.25203548,-75.56317953,10,La Candelaria,1018,Villa Nueva
558431,2021,2021-01-18,10:50,Choque,SOLO DAÑOS,CALLE 103 C CON CARRERA 63,6.29632629,-75.56148686,5,Castilla,Inst_1,Plaza de Ferias
521032,2019,2019-11-29,12:00,Choque,HERIDO,CALLE 47 A CON CARRERA 37,6.24223082,-75.56009538,10,La Candelaria,1015,Bomboná No. 1
631149,2022,2022-10-10,13:40,Choque,HERIDO,Calle 44 Con Carrera 62,6.2477785,-75.57974987,10,La Candelaria,1008,La Alpujarra
652946,2023,2023-08-27,19:30,Otro,HERIDO,Calle 104 CC Con Carrera 80,6.30559215,-75.57693665,6,Doce de Octubre,0602,Doce de Octubre No.1
685073,2025,2025-01-25,04:40,Choque,HERIDO,Calle 82 Con Carrera 46,6.27467905,-75.55484476,4,Aranjuez,410,Campo Valdés No.1
527736,2020,2020-01-21,16:15,Choque,SOLO DAÑOS,CALLE 113 CON CARRERA 75,6.30948329,-75.57043103,5,Castilla,0504,Tejelo
608912,2022,2022-04-06,21:15,Otro,HERIDO,Calle 29 Con Carrera 37 A,6.2269845,-75.56400727,9,Buenos Aires,0914,Asomadera No. 1
614214,2022,2022-05-22,12:09,Choque,HERIDO,Calle 40 A Con Carrera 57,6.24240911,-75.57681733,10,La Candelaria,Inst_16,La Alpujarra
617730,2022,2022-06-22,05:40,Otro,HERIDO,Calle 67 Con Carrera 52,6.26422643,-75.56633632,10,La Candelaria,Inst_12,Hospital San Vicente de Paúl
654835,2023,2023-09-23,20:00,Atropello,HERIDO,Calle 54 Con Carrera 50,6.25304412,-75.56625863,10,La Candelaria,1019,La Candelaria
487442,2019,2019-03-12,11:40,Choque,SOLO DAÑOS,CALLE 474 CON CARRERA 71,,,11,Laureles Estadio,Sin inf,Sin inf
693464,2025,2025-05-14,05:58,Atropello,HERIDO,Calle 67 Con Carrera 55 B,6.2635442,-75.560099,N/D,N/D,,
581018,2021,2021-08-15,02:40,Choque,SOLO DAÑOS,CALLE 45 F CON CARRERA 80,6.25452601,-75.5988641,12,La América,1205,La Floresta
651009,2023,2023-07-30,09:40,Choque,HERIDO,Calle 40 Con Carrera 66 B,6.24520161,-75.58451492,11,Laureles Estadio,1104,San Joaquín
697464,2025,2025-07-03,19:20,Choque,HERIDO,Calle 80 Con Avenida 80,6.2844327,-75.58415367,7,Robledo,710,López de  Mesa
529637,2020,2020-02-04,13:50,Choque,HERIDO,CALLE 76 CON CARRERA 50 B,6.27029873,-75.56072327,4,Aranjuez,0414,San Pedro
694946,2025,2025-06-01,21:30,Volcamiento,HERIDO,Calle 15 Con Avenida 14,6.2204998,-75.60155135,16,Belén,1612,La Gloria
619414,2022,2022-07-07,15:00,Choque,SOLO DAÑOS,Calle 103 B Con Carrera 52,6.29530559,-75.55954866,2,Santa Cruz,0210,Santa Cruz
559026,2021,2021-01-24,06:30,Choque,HERIDO,CALLE 51 CON CARRERA 82 A,6.26584114,-75.60012171,12,La América,1213,Calasanz Parte Alta
541041,2020,2020-07-05,19:15,Otro,HERIDO,CALLE 56 E CON CARRERA 24 BB,6.24481676,-75.54330142,8,Villa Hermosa,0810,El Pinal
517339,2019,2019-11-01,12:00,Choque,SOLO DAÑOS,CALLE 54 CON CARRERA 46,6.25127197,-75.56343004,10,La Candelaria,1019,La Candelaria
666528,2024,2024-03-23,00:30,Choque,HERIDO,Carrera 53 Con Calle 57,6.25645986,-75.56889069,10,La Candelaria,1005,Estación Villa
678087,2024,2024-09-24,15:30,Choque,HERIDO,CR 062 077,,,4,Aranjuez,,
493671,2019,2019-05-06,21:30,Choque,HERIDO,CALLE 54 CON CARRERA 65,6.25807002,-75.58038136,11,Laureles Estadio,1101,Carlos E. Restrepo
592421,2021,2021-11-16,14:00,Otro,HERIDO,CALLE 104 CON CARRERA 64 C,6.30339931,-75.56155025,5,Castilla,0502,Las Brisas
609807,2022,2022-04-15,14:00,Otro,HERIDO,Calle 49 Con Carrera 80,6.26087399,-75.59723211,11,Laureles Estadio,1113,El Estadio
547722,2020,2020-09-29,09:50,Choque,HERIDO,CALLE 28 CON CARRERA 65 A,6.22878107,-75.58355185,15,Guayabal,1503,Trinidad
573060,2021,2021-06-10,17:00,Choque,HERIDO,CALLE 75 B CON CARRERA 64 A,6.27606967,-75.57066,5,Castilla,0517,Terminal de Transporte
489361,2019,2019-03-29,08:20,Choque,SOLO DAÑOS,CALLE 48 CON CARRERA 63,6.25159371,-75.57924808,11,Laureles Estadio,1102,Suramericana
580142,2021,2021-08-08,09:19,Choque,SOLO DAÑOS,CALLE 58 CON CARRERA 63,6.26129925,-75.57404871,7,Robledo,Inst_8,Universidad Nacional
592351,2021,2021-11-16,05:30,Otro,HERIDO,CALLE 94 CON CARRERA 46 A,6.28569936,-75.55418456,4,Aranjuez,0401,Berlin
493337,2019,2019-05-04,04:45,Choque,HERIDO,CALLE 20 SUR CON CARRERA 35,6.18114014,-75.57111459,14,El Poblado,1413,El Diamante No. 2
613331,2022,2022-05-14,20:30,Atropello,HERIDO,Calle 47 Con Carrera 50,6.24742342,-75.56870095,10,La Candelaria,1019,La Candelaria
633600,2022,2022-11-13,13:25,Choque,HERIDO,Calle 84 Con Carrera 45,6.27619921,-75.55351989,4,Aranjuez,0410,Campo Valdés No. 2
605978,2022,2022-03-14,00:30,Otro,HERIDO,Calle 62 Con Carrera 32,6.25266627,-75.55187117,8,Villa Hermosa,0804,La Ladera
506559,2019,2019-08-16,14:35,Choque,SOLO DAÑOS,CALLE 6 CON CARRERA 50 B,6.21120068,-75.57908987,15,Guayabal,1507,Campo Amor
578319,2021,2021-07-24,10:30,Choque,SOLO DAÑOS,CALLE 4 CON CARRERA 71 A,6.21498344,-75.59654471,16,Belén,1607,Diego Echavarría
545375,2020,2020-09-04,10:35,Atropello,HERIDO,CALLE 92 CON CARRERA 47,6.28323758,-75.554914,4,Aranjuez,0412,La Piñuela
620630,2022,2022-07-17,09:30,Choque,HERIDO,Calle 42 Con Diagonal 66 B,6.24559206,-75.58346358,11,Laureles Estadio,1105,Los Conquistadores
500048,2019,2019-06-29,01:50,Otro,HERIDO,CALLE 78 CON CARRERA 52,6.27292325,-75.56485988,4,Aranjuez,Inst_10,Moravia
636834,2023,2023-01-03,17:00,Otro,HERIDO,Calle 34 Con Carrera 48,6.23522693,-75.57277536,10,La Candelaria,1012,Perpetuo Socorro
570757,2021,2021-05-22,05:20,Caida Ocupante,HERIDO,CALLE 80 CON CARRERA 63,6.27573969,-75.56926151,4,Aranjuez,0405,Moravia
612180,2022,2022-05-05,06:30,Choque,SOLO DAÑOS,Calle 39 Con Carrera 44,6.23865251,-75.56901054,10,La Candelaria,1020,San Diego
578530,2021,2021-07-25,23:40,Choque,SOLO DAÑOS,CALLE 71 CON CARRERA 44,6.26622064,-75.55394605,3,Manrique,0307,Manrique Central No. 2
592961,2021,2021-11-20,17:40,Choque,SOLO DAÑOS,CALLE 76 CON CARRERA 62,,,4,Aranjuez,,
656672,2023,2023-10-20,05:45,Volcamiento,HERIDO,Calle 64 B Con Carrera 115,,,7,Robledo,,
552318,2020,2020-11-14,19:30,Volcamiento,HERIDO,CALLE 30 CON CARRERA 89,6.23411597,-75.61238041,16,Belén,1616,Las Violetas
689429,2025,2025-03-22,21:05,Choque,HERIDO,Calle 77 Con Carrera 64 C,6.27548757,-75.56859393,4,Aranjuez,Inst_9,Parque Norte
665776,2024,2024-03-11,11:29,Volcamiento,HERIDO,Calle 106 B Con Carrera 33,6.29429494,-75.54250773,1,Popular,101,Santo Domingo Savio No. 1
629649,2022,2022-09-26,15:20,Atropello,HERIDO,Calle 70 Con Carrera 30,6.26435422,-75.54320202,3,Manrique,0309,Versalles No. 1
498121,2019,2019-06-12,19:45,Choque,SOLO DAÑOS,CALLE 32 CON CARRERA 48,6.23336817,-75.57352578,10,La Candelaria,1012,Perpetuo Socorro
638472,2023,2023-01-31,15:28,Atropello,HERIDO,Calle 98 Con Carrera 70,6.29416616,-75.57256613,5,Castilla,0511,Castilla
502827,2019,2019-07-21,19:00,Choque,SOLO DAÑOS,CALLE 74 CON CARRERA 64,6.2742099,-75.57068522,5,Castilla,0517,Terminal de Transporte
546442,2020,2020-09-15,20:55,Choque,SOLO DAÑOS,CALLE 102 CON CARRERA 64 C,6.2936258,-75.56356589,5,Castilla,0510,Tricentenario
685227,2025,2025-01-27,06:45,Choque,HERIDO,Calle 42  Sur Con Carrera 63,6.18300533,-75.64438298,80,Corregimiento de San Antonio de Prado,AUC2,San Antonio de Prado
590928,2021,2021-11-03,19:00,Otro,HERIDO,CALLE 9 CON CARRERA 84,6.2199926,-75.60657283,16,Belén,1612,Loma de los Bernal
592397,2021,2021-11-16,10:50,Choque,SOLO DAÑOS,CALLE 30 CON CARRERA 77,6.23135903,-75.59707318,16,Belén,1603,Belén
513572,2019,2019-10-05,11:00,Choque,SOLO DAÑOS,CALLE 44 CON CARRERA 57,6.24625198,-75.57519767,10,La Candelaria,Inst_17,Centro Administrativo
496864,2019,2019-06-02,06:10,Choque,SOLO DAÑOS,CALLE 94 CON CARRERA 64 C,6.2883718,-75.56960943,5,Castilla,0511,Castilla
510228,2019,2019-09-12,09:30,Atropello,HERIDO,CALLE 18 CON CARRERA 96,6.22338686,-75.62383391,70,Corregimiento de Altavista,7006,La Esperanza
701173,2025,2025-08-15,16:50,Atropello,HERIDO,Calle 92 Con Carrera 48,6.28326312,-75.55553511,4,Aranjuez,401,Berlín
565215,2021,2021-03-20,17:15,Choque,SOLO DAÑOS,CALLE 63 CON CARRERA 64 C,6.29526346,-75.5622696,5,Castilla,0508,Belalcázar
585784,2021,2021-09-22,15:35,Choque,SOLO DAÑOS,CALLE 47 CON CARRERA 44,6.24524639,-75.5655477,10,La Candelaria,1013,Barrio Colón
628381,2022,2022-09-15,19:45,Choque,SOLO DAÑOS,Calle 57 Con Carrera 63 A,6.25648035,-75.57674227,11,Laureles Estadio,1101,Carlos E. Restrepo
569933,2021,2021-05-14,16:05,Choque,SOLO DAÑOS,CALLE 44 CON CARRERA 63 D,6.2482061,-75.58223452,11,Laureles Estadio,1104,San Joaquín
678803,2024,2024-10-05,16:30,Otro,HERIDO,CL 071 024,6.26584877,-75.5347849,90,Corregimiento de Santa Elena,9003,Piedras Blancas - Matasano
623031,2022,2022-08-05,15:00,Otro,SOLO DAÑOS,Calle 4  Sur Con Carrera 42,6.19988924,-75.57194426,14,El Poblado,1416,Alejandría
667307,2024,2024-04-05,00:45,Choque,HERIDO,Transversal 39 B Con Diagonal 75,6.24374963,-75.5954322,11,Laureles Estadio,1108,Laureles
479856,2019,2019-01-03,22:10,Choque,SOLO DAÑOS,CALLE 104 CON CARRERA 64 C,6.30339931,-75.56155025,5,Castilla,0502,Las Brisas
485578,2019,2019-02-23,14:00,Choque,SOLO DAÑOS,CALLE 49 E CON CARRERA 86,6.2642244,-75.60360467,12,La América,1213,Calasanz Parte Alta
481016,2019,2019-01-16,16:00,Choque,SOLO DAÑOS,CALLE 10 CON CARRERA 52,6.21454133,-75.58155761,15,Guayabal,1507,Campo Amor
515628,2019,2019-10-20,16:30,Choque,SOLO DAÑOS,CALLE 61 CON CARRERA 45,6.25556321,-75.55889355,8,Villa Hermosa,0803,San Miguel
551663,2020,2020-11-08,05:00,Choque,HERIDO,CARRERA 98 AD CON DIAGONAL 78,,,7,Robledo,,
521592,2019,2019-12-03,21:30,Atropello,HERIDO,CALLE 52 CON CARRERA 8 A,6.23246726,-75.53682047,8,Villa Hermosa,0815,Las Estancias
513188,2019,2019-10-02,18:30,Otro,HERIDO,CALLE 58 CON CARRERA 57,6.25749428,-75.5710408,10,La Candelaria,1005,Estación Villa
583661,2021,2021-09-06,08:10,Choque,SOLO DAÑOS,CALLE 8 CON CARRERA 70,6.21615264,-75.5932878,15,Guayabal,Inst_19,Parque Juan Pablo II
509140,2019,2019-09-05,06:50,Choque,HERIDO,CALLE 50 CON CARRERA 64 B,6.25539954,-75.57940873,11,Laureles Estadio,1101,Carlos E. Restrepo
629944,2022,2022-09-28,19:40,Choque,SOLO DAÑOS,Calle 37 Con Carrera 57,,,10,La Candelaria,,
592482,2021,2021-11-16,23:40,Choque,SOLO DAÑOS,CALLE 30 CON CARRERA 50,6.23187752,-75.57442722,10,La Candelaria,1012,Perpetuo Socorro
499784,2019,2019-06-26,18:45,Choque,SOLO DAÑOS,CALLE 44 CON CARRERA 45,6.24356483,-75.567635,10,La Candelaria,1013,Barrio Colón
570530,2021,2021-05-19,20:00,Choque,SOLO DAÑOS,CALLE 78 CON CARRERA 64 C,6.27699394,-75.57266359,5,Castilla,Inst_4,Terminal de Transporte
540865,2020,2020-07-03,13:50,Choque,SOLO DAÑOS,CALLE 67 CON CARRERA 64,6.26132273,-75.57391131,7,Robledo,Inst_8,Universidad Nacional
548447,2020,2020-10-06,10:30,Otro,HERIDO,CALLE 98 CON CARRERA 59,,,7,Robledo,,
583959,2021,2021-09-08,15:20,Choque,SOLO DAÑOS,CALLE 113 CON CARRERA 74,6.3091928,-75.56958971,5,Castilla,0504,Tejelo
634788,2022,2022-12-01,09:00,Choque,HERIDO,Calle 4 Con Carrera 50,6.20907495,-75.57906424,15,Guayabal,1507,Campo Amor
669660,2024,2024-05-12,01:30,Choque,HERIDO,Calle 76 D Con Carrera 86 B,6.28149639,-75.59263087,7,Robledo,715,Villa Flora
544417,2020,2020-08-24,13:10,Choque,SOLO DAÑOS,CALLE 67 CON CARRERA 64,6.26405683,-75.5751214,7,Robledo,Inst_8,Universidad Nacional
561323,2021,2021-02-13,15:10,Caida Ocupante,HERIDO,CALLE 67 CON CARRERA 48,6.26309807,-75.55767504,10,La Candelaria,1001,Prado
671479,2024,2024-06-12,05:40,Atropello,HERIDO,Carrera 32 Con Calle 52,6.24318713,-75.55367923,8,Villa Hermosa,809,Sucre
515421,2019,2019-10-18,18:00,Choque,SOLO DAÑOS,CALLE 67 CON CARRERA 64 C,6.26572662,-75.57502301,5,Castilla,0517,Caribe
489712,2019,2019-04-01,19:25,Choque,SOLO DAÑOS,CALLE 58 CON CARRERA 39,6.25007332,-75.55687787,10,La Candelaria,1016,Boston
615480,2022,2022-06-02,16:50,Choque,SOLO DAÑOS,Calle 53 Con Carrera 52 A,6.25279665,-75.56880821,10,La Candelaria,1019,La Candelaria
682049,2024,2024-11-27,09:45,Caida Ocupante,HERIDO,CL 067 045 046,6.26308588,-75.5558224,4,Aranjuez,409,Manrique Central No.1
520679,2019,2019-11-26,07:40,Otro,HERIDO,CALLE 3 CON CARRERA 78,6.21371571,-75.60114516,16,Belén,1610,El Rincón
484676,2019,2019-02-16,15:00,Volcamiento,HERIDO,CALLE 3 SUR CON CARRERA 43 A,6.20094758,-75.57256506,14,El Poblado,1416,Alejandría
527563,2020,2020-01-20,15:00,Caida Ocupante,HERIDO,CALLE 33 CON CARRERA 61,6.23645498,-75.5767221,16,Belén,Inst_18,Cerro Nutibara
490160,2019,2019-04-05,06:50,Choque,SOLO DAÑOS,CALLE 17 CON CARRERA 49,6.21878158,-75.57671398,14,El Poblado,1403,Villa Carlota
681852,2024,2024-11-24,05:30,Choque,HERIDO,CL 049 A 003 C 003,6.23024413,-75.53330322,9,Buenos Aires,902,Barrios de Jesús
682764,2024,2024-12-08,16:07,Choque,HERIDO,CL 048 051 A,6.24828046,-75.56966727,10,La Candelaria,1019,La Candelaria
483570,2019,2019-02-07,19:00,Volcamiento,HERIDO,CALLE 4 CON CARRERA 48,6.20758868,-75.57673897,14,El Poblado,1421,Patio Bonito
502743,2019,2019-07-20,19:00,Choque,SOLO DAÑOS,CALLE 50 CON CARRERA 63,6.25439574,-75.57831338,11,Laureles Estadio,1102,Suramericana
651465,2023,2023-08-06,17:45,Atropello,HERIDO,Calle 73 Con Carrera 69,6.273532,-75.57997014,7,Robledo,0707,B. Cerro  El Volador
523297,2019,2019-12-15,00:10,Choque,SOLO DAÑOS,CALLE 43 CON CARRERA 69,6.24831239,-75.58759268,11,Laureles Estadio,1104,Bolivariana
632132,2022,2022-10-24,08:00,Caida Ocupante,HERIDO,Calle 94 D Con Carrera 80 A,6.29353762,-75.58399344,6,Doce de Octubre,0608,Picacho
499536,2019,2019-06-25,01:40,Choque,HERIDO,CALLE 24 CON CARRERA 50,6.22535334,-75.57709734,15,Guayabal,1504,Santa Fé
487534,2019,2019-03-12,21:00,Choque,SOLO DAÑOS,CALLE 94 A CON CARRERA 63,6.29370617,-75.56368184,5,Castilla,0510,Tricentenario
605534,2022,2022-03-10,12:30,Choque,HERIDO,Calle 30 Con Carrera 65,6.23193333,-75.58282281,16,Belén,1601,Fátima
684150,2025,2025-01-09,10:30,Otro,HERIDO,Calle 49 F Con Carrera 81 A,6.26303132,-75.59856264,12,La América,1202,Calasanz
674283,2024,2024-07-27,20:00,Choque,HERIDO,Carrera 43 A Con Calle 6  Sur,6.19914661,-75.57360521,14,El Poblado,1415,Los Balsos No.2
595396,2021,2021-12-09,16:00,Choque,HERIDO,CALLE 50 CON CARRERA 63,6.25430926,-75.57757397,11,Laureles Estadio,1102,Suramericana
492730,2019,2019-04-28,09:50,Choque,HERIDO,CALLE 45 CON CARRERA 57,6.24754481,-75.57505907,10,La Candelaria,1007,Guayaquil
671628,2024,2024-06-14,15:00,Choque,HERIDO,CL 055 068 067 B,,,11,Laureles Estadio,,
701917,2025,2025-08-24,21:00,Otro,HERIDO,Calle 40 Con Carrera 92,6.25180593,-75.61048098,12,La América,1208,Campo Alegre
487142,2019,2019-03-09,15:00,Choque,SOLO DAÑOS,CALLE 72 CON CARRERA 65,6.27188961,-75.57528034,5,Castilla,0519,El Progreso
690822,2025,2025-04-09,12:00,Atropello,HERIDO,Calle 65 AA Con Carrera 105,6.2830383,-75.61691183,60,Corregimiento de San Cristóbal,AE1,Área de Expansión Pajarito
498275,2019,2019-06-14,06:30,Choque,HERIDO,CALLE 56 CON CARRERA 68,,,N/D,N/D,Sin inf,Sin inf
517797,2019,2019-11-05,08:10,Choque,SOLO DAÑOS,CALLE 42 C CON CARRERA 63 C,6.24716355,-75.58205641,11,Laureles Estadio,1104,San Joaquín
649908,2023,2023-07-15,00:20,Caida Ocupante,HERIDO,Calle 32 A Con Carrera 73,6.23508173,-75.59375704,16,Belén,1603,Belén
605235,2022,2022-03-08,00:30,Otro,HERIDO,Calle 26 Con Carrera 38,6.22464718,-75.56524268,9,Buenos Aires,0915,Asomadera No. 2
636855,2023,2023-01-03,22:15,Choque,HERIDO,Calle 10 Con Carrera 25,6.20792361,-75.55488044,14,El Poblado,1409,Altos del Poblado
481306,2019,2019-01-18,22:20,Choque,HERIDO,CALLE 25 CON CARRERA 50,6.22538614,-75.57675499,15,Guayabal,1504,Santa Fé
585175,2021,2021-09-17,20:00,Choque,SOLO DAÑOS,CALLE 50 B CON CARRERA 40,6.24678733,-75.56003494,10,La Candelaria,1016,Boston
481920,2019,2019-01-24,13:15,Choque,SOLO DAÑOS,CALLE 26 CON CARRERA 38,6.22464718,-75.56524268,9,Buenos Aires,0915,Asomadera No. 2
662515,2024,2024-01-24,06:50,Choque,HERIDO,Carrera 90 Con Calle 43,6.2516534,-75.60814822,12,La América,1207,El Danubio
597787,2021,2021-12-30,11:30,Choque,SOLO DAÑOS,CALLE 44 CON CARRERA 65,6.2485157,-75.5833068,11,Laureles Estadio,1104,San Joaquín
590503,2021,2021-10-30,15:20,Choque,SOLO DAÑOS,CALLE 16 CON CARRERA 29,6.21486146,-75.55944187,9,Buenos Aires,0915,Asomadera No. 2
681737,2024,2024-11-22,06:30,Atropello,HERIDO,,,,60,Corregimiento de San Cristóbal,,
585612,2021,2021-09-21,08:00,Choque,HERIDO,CALLE 41 CON CARRERA 101,6.25513792,-75.61619494,13,San Javier,1309,San Javier No.1
543888,2020,2020-08-18,05:45,Choque,SOLO DAÑOS,CALLE 65 CON TRANSVERSAL 78,6.27540582,-75.5737457,5,Castilla,0519,El Progreso
502987,2019,2019-07-22,18:10,Choque,SOLO DAÑOS,CALLE 29 CON CARRERA 31,6.22757186,-75.56032039,9,Buenos Aires,0914,Loreto
523068,2019,2019-12-13,12:20,Choque,HERIDO,CALLE 14 CON CARRERA 52,6.21763099,-75.58095561,15,Guayabal,1507,Santa Fé
491578,2019,2019-04-16,17:00,Choque,SOLO DAÑOS,CALLE 96 A CON CARRERA 80,6.29458326,-75.58130141,6,Doce de Octubre,0606,San Martín de Porres
674016,2024,2024-07-23,13:00,Atropello,HERIDO,Calle 52 Con Carrera 46,6.2491511,-75.56480157,10,La Candelaria,1019,La Candelaria
503758,2019,2019-07-28,10:35,Choque,SOLO DAÑOS,CALLE 55 CON CARRERA 60,,,80,Corregimiento de San Antonio de Prado,Sin inf,Sin inf
536763,2020,2020-05-02,12:00,Choque,SOLO DAÑOS,CALLE 62 CON CARRERA 51 D,6.26076349,-75.56604825,10,La Candelaria,1003,Jesús Nazareno
547595,2020,2020-09-28,05:30,Otro,HERIDO,CALLE 103 CON CARRERA 63,6.29632629,-75.56148686,5,Castilla,Inst_1,Plaza de Ferias
552941,2020,2020-11-21,12:30,Choque,SOLO DAÑOS,CALLE 34 CON CARRERA 52,6.23606265,-75.57469269,10,La Candelaria,1012,Perpetuo Socorro
686908,2025,2025-02-19,12:50,Otro,HERIDO,Calle 63 B Con Carrera 100,6.27966652,-75.6124204,60,Corregimiento de San Cristóbal,AE1,Área de Expansión Pajarito
550862,2020,2020-10-30,18:00,Atropello,HERIDO,CALLE 49 CON CARRERA 38,6.24412997,-75.55919378,10,La Candelaria,1015,Bomboná No. 1
512467,2019,2019-09-27,15:00,Atropello,HERIDO,CALLE 45 CON CARRERA 61,6.24890715,-75.57892188,10,La Candelaria,1008,Corazón de Jesús
639167,2023,2023-02-10,21:20,Otro,HERIDO,Calle 58 Con Carrera 51,6.2568106,-75.56602888,10,La Candelaria,1003,Estación Villa
656316,2023,2023-10-14,16:50,Choque,HERIDO,Calle 44 Con Carrera 68 A,6.24895639,-75.58675914,11,Laureles Estadio,1104,San Joaquín
535533,2020,2020-03-20,14:30,Choque,SOLO DAÑOS,CALLE 77 CON CARRERA 64,6.27583255,-75.5725802,5,Castilla,0517,Terminal de Transporte
672503,2024,2024-06-28,22:26,Atropello,HERIDO,Carrera 46 Con Calle 52,6.2492965,-75.564548,10,La Candelaria,1019,La Candelaria
486302,2019,2019-03-02,04:40,Choque,SOLO DAÑOS,CALLE 77 CON CARRERA 62,6.27548757,-75.56859393,4,Aranjuez,Inst_9,Parque Norte
577676,2021,2021-07-19,07:50,Volcamiento,HERIDO,CALLE 56 CON CARRERA 25 A,6.24400684,-75.54631334,8,Villa Hermosa,0810,El Pinal
578208,2021,2021-07-23,13:00,Choque,SOLO DAÑOS,CALLE 50 CON CARRERA 66,6.25652294,-75.58210555,11,Laureles Estadio,1102,Suramericana
513487,2019,2019-10-04,17:15,Choque,HERIDO,CARRERA 2 CON DIAGONAL 75,6.21051905,-75.59450074,16,Belén,1607,El Rodeo
685955,2025,2025-02-07,00:35,Choque,HERIDO,Calle 15 Con Avenida 80,6.2204998,-75.60155135,16,Belén,1612,La Gloria
590164,2021,2021-10-27,09:40,Choque,SOLO DAÑOS,CALLE 55 SUR CON CARRERA 54 F,6.17566946,-75.63656148,80,Corregimiento de San Antonio de Prado,8000,Cabecera San Antonio de Prado
701399,2025,2025-08-19,02:25,Choque,HERIDO,Calle 70 A Con Carrera 45,6.2657776,-75.55522225,3,Manrique,307,Manrique Central No.2
623733,2022,2022-08-10,15:20,Choque,SOLO DAÑOS,Calle 8  Sur Con Carrera 36,,,14,El Poblado,,
613994,2022,2022-05-20,14:20,Choque,SOLO DAÑOS,Calle 27 Con Carrera 42 F,6.22622854,-75.57106482,14,El Poblado,1401,Barrio Colombia
679634,2024,2024-10-19,09:00,Otro,HERIDO,CL 001 079,6.21075784,-75.60150113,16,Belén,1610,El Rincón
636118,2022,2022-12-20,23:45,Choque,HERIDO,Calle 6 Con Carrera 49,6.20878049,-75.57673335,14,El Poblado,1421,Patio Bonito
489587,2019,2019-04-01,06:00,Volcamiento,HERIDO,CALLE 2 SUR CON CARRERA 52,6.20663327,-75.58599406,15,Guayabal,1509,Cristo Rey
619060,2022,2022-07-04,16:50,Choque,HERIDO,Calle 39 Con Carrera 10 G,,,13,San Javier,,
533301,2020,2020-03-01,22:40,Volcamiento,HERIDO,CALLE 35 CON CARRERA 15,6.22950456,-75.54416655,9,Buenos Aires,0903,Bomboná No. 2
538685,2020,2020-06-04,10:45,Choque,SOLO DAÑOS,CALLE 47 CON CARRERA 46,6.2545337,-75.56243284,10,La Candelaria,1018,Villa Nueva
614989,2022,2022-05-29,04:51,Choque,HERIDO,Calle 60 Con Carrera 51 D,6.25883755,-75.5663906,10,La Candelaria,1003,Jesús Nazareno
635828,2022,2022-12-16,19:10,Otro,HERIDO,Calle 61 Con Carrera 55,6.26024311,-75.56953037,10,La Candelaria,1004,El Chagualo
676383,2024,2024-08-29,07:00,Otro,HERIDO,Calle 67 Con Carrera 63,6.26555613,-75.57533261,7,Robledo,Inst_8,Universidad Nacional
662464,2024,2024-01-23,12:00,Caida Ocupante,HERIDO,Calle 44 Con Carrera 48,6.24411995,-75.569095,10,La Candelaria,1013,Barrio Colón
485476,2019,2019-02-22,17:00,Choque,SOLO DAÑOS,CALLE 43 CON CARRERA 4 SUR,,,14,El Poblado,Sin inf,Sin inf
566130,2021,2021-03-30,09:22,Choque,SOLO DAÑOS,CALLE 65 CON CARRERA 89,6.27753302,-75.59845213,7,Robledo,0717,Robledo
557467,2021,2021-01-04,13:10,Volcamiento,HERIDO,CALLE 31 BB CON CARRERA 87 A,6.23372098,-75.61105985,16,Belén,1617,Las Mercedes
660086,2023,2023-12-07,14:23,Caida Ocupante,HERIDO,Calle 50 Con Carrera 45,6.24802941,-75.56408375,10,La Candelaria,1019,La Candelaria
600885,2022,2022-02-01,10:20,Otro,HERIDO,Calle 113 E Con Carrera 63,6.30882601,-75.55858807,5,Castilla,0501,Toscana
619896,2022,2022-07-11,08:05,Otro,HERIDO,Calle 44 Con Carrera 58,6.24695052,-75.57682688,10,La Candelaria,1008,Corazón de Jesús
536884,2020,2020-05-05,16:00,Choque,HERIDO,CALLE 16 CON CARRERA 48,6.21709148,-75.5758958,14,El Poblado,1403,Villa Carlota
505749,2019,2019-08-11,02:30,Choque,SOLO DAÑOS,CALLE 72 CON CARRERA 44,6.26726325,-75.55383255,3,Manrique,0306,El Pomar
667227,2024,2024-04-03,17:20,Choque,HERIDO,Calle 94 Con Carrera 79 B,6.29218927,-75.5836342,6,Doce de Octubre,608,Picacho
560626,2021,2021-02-07,21:40,Otro,HERIDO,CALLE 59 CON CARRERA 36,6.25029375,-75.55349378,8,Villa Hermosa,0808,Enciso
636107,2022,2022-12-20,20:27,Otro,HERIDO,Calle 76 Con Carrera 80,6.27725622,-75.58946486,7,Robledo,0706,La Pilarica
554136,2020,2020-12-02,07:50,Choque,HERIDO,CALLE 67 CON CARRERA 56,6.26477826,-75.56934324,4,Aranjuez,Inst_11,Universidad de Antioquia
649609,2023,2023-07-10,11:12,Choque,HERIDO,Calle 10 Con Carrera 49,6.21362121,-75.57760421,14,El Poblado,1419,Manila
550987,2020,2020-11-01,06:40,Otro,HERIDO,CALLE 29 CON CARRERA 80,6.23053602,-75.60062836,16,Belén,1614,La Palma
502281,2019,2019-07-17,15:10,Choque,SOLO DAÑOS,CALLE 32 EE CON CARRERA 80 A,6.23769651,-75.60090051,16,Belén,1619,Las Acacias
540420,2020,2020-06-27,16:10,Atropello,HERIDO,CALLE 60 CON CARRERA 51,6.258647,-75.56550591,10,La Candelaria,1003,Jesús Nazareno
541974,2020,2020-07-16,16:30,Choque,SOLO DAÑOS,CARRERA 1 CON DIAGONAL 75 B,6.21098402,-75.59506651,15,Guayabal,Inst_20,La mota
640946,2023,2023-03-08,15:00,Otro,HERIDO,Calle 59 A Con Carrera 36 A,6.25069019,-75.55431191,8,Villa Hermosa,0804,La Ladera
695046,2025,2025-06-03,08:45,Choque,HERIDO,Calle 2  Sur Con Carrera 50,6.20431158,-75.57974228,15,Guayabal,1509,Cristo Rey
583158,2021,2021-09-01,21:20,Choque,SOLO DAÑOS,CALLE 5 SUR CON CARRERA 85,6.20520327,-75.60761725,16,Belén,1609,La Hondonada
698621,2025,2025-07-17,21:30,Atropello,HERIDO,Calle 107 Con Carrera 49 A,6.29879542,-75.55210346,2,Santa Cruz,205,La Francia
558037,2021,2021-01-13,12:40,Volcamiento,HERIDO,CALLE 63 CON CARRERA 64 C,6.29526346,-75.5622696,5,Castilla,0508,Belalcázar
519488,2019,2019-11-17,16:45,Choque,SOLO DAÑOS,CALLE 73 CON CARRERA 69,6.273532,-75.57997014,7,Robledo,0707,B. Cerro  El Volador
621020,2022,2022-07-20,19:50,Choque,HERIDO,Calle 63 Con Carrera 94 B,6.27923685,-75.60611782,7,Robledo,0718,Cucaracho
492329,2019,2019-04-25,01:08,Choque,SOLO DAÑOS,CALLE 2 SUR CON CARRERA 50,6.20431082,-75.57979001,15,Guayabal,1509,Cristo Rey
634369,2022,2022-11-24,23:00,Otro,HERIDO,Calle 49 Con Carrera 6,6.23095093,-75.53679502,9,Buenos Aires,0902,Barrio de Jesús
546239,2020,2020-09-13,15:00,Volcamiento,HERIDO,CALLE 52 CON CARRERA 2,6.2309548,-75.53005163,8,Villa Hermosa,0815,Las Estancias
609023,2022,2022-04-07,15:50,Choque,SOLO DAÑOS,Calle 11  Sur Con Carrera 50,6.1968011,-75.58137585,15,Guayabal,,
488060,2019,2019-03-17,17:00,Otro,HERIDO,CALLE 85 CON CARRERA 44 A,6.27696771,-75.55286613,3,Manrique,0302,Las Granjas
621340,2022,2022-07-23,11:00,Otro,HERIDO,Calle 50 Con Carrera 56,6.25203161,-75.5729499,10,La Candelaria,1006,San Benito
613731,2022,2022-05-18,09:20,Choque,SOLO DAÑOS,Calle 56 A Con Carrera 25 B,6.24516946,-75.54579894,8,Villa Hermosa,0810,El Pinal
601778,2022,2022-02-08,12:00,Otro,HERIDO,Calle 55 Con Carrera 109,6.27066468,-75.61710847,7,Robledo,0722,Olaya Herrera
593451,2021,2021-11-24,20:30,Otro,HERIDO,CALLE 30 CON CARRERA 70,6.23155194,-75.59145375,16,Belén,1604,Rosales
486323,2019,2019-03-02,10:30,Otro,HERIDO,CALLE 32 F CON DIAGONAL 74 B,6.23865197,-75.59046498,16,Belén,1620,Rosales
588482,2021,2021-10-13,11:38,Choque,SOLO DAÑOS,CALLE 4 SUR CON CARRERA 49,6.20378337,-75.57914215,14,El Poblado,1422,La Aguacatala
698992,2025,2025-07-22,08:30,Otro,HERIDO,Calle 47 Con Carrera 36,6.24121297,-75.55805723,9,Buenos Aires,907,Buenos Aires
574633,2021,2021-06-23,17:40,Otro,HERIDO,CALLE 16 SUR CON CARRERA 48,6.19070365,-75.58025488,14,El Poblado,1423,Santa María de los Ángeles
596368,2021,2021-12-17,17:35,Volcamiento,HERIDO,CALLE 53 CON CARRERA 71,6.26101176,-75.5858353,11,Laureles Estadio,1115,Cuarta Brigada
592028,2021,2021-11-12,20:00,Choque,SOLO DAÑOS,CALLE 65 CON CARRERA 70,6.26225774,-75.5842048,7,Robledo,Inst_7,Nueva Villa de la Iguaná
659831,2023,2023-12-03,22:20,Atropello,HERIDO,Calle 21 Con Carrera 82 A,6.22660753,-75.60547141,16,Belén,1613,Altavista
575649,2021,2021-07-02,11:00,Volcamiento,HERIDO,CALLE 16 A SUR CON CARRERA 43 A,6.18978273,-75.57708172,14,El Poblado,1414,El Diamante No. 2
592729,2021,2021-11-19,06:47,Choque,HERIDO,CALLE 68 CON CARRERA 63,6.2652665,-75.57266554,5,Castilla,0517,Caribe
601442,2022,2022-02-05,17:50,Choque,SOLO DAÑOS,Calle 33 Con Avenida 80,,,11,Laureles Estadio,,
559467,2021,2021-01-28,13:00,Choque,SOLO DAÑOS,CALLE 64 CON CARRERA 50 D,6.26138335,-75.56366799,10,La Candelaria,1001,Prado
648324,2023,2023-06-22,14:30,Choque,HERIDO,Calle 69 Con Carrera 44,6.26420444,-75.55417669,3,Manrique,0307,Manrique Central No. 2
584126,2021,2021-09-10,06:30,Otro,HERIDO,CALLE 88 CON CARRERA 46,6.2806639,-75.55377927,4,Aranjuez,0411,Las Esmeraldas
622877,2022,2022-08-04,12:00,Choque,SOLO DAÑOS,Calle 41 Con Carrera 51,6.24189702,-75.57173513,10,La Candelaria,1011,Calle Nueva
654366,2023,2023-09-17,06:30,Otro,HERIDO,Calle 86 A Con Carrera 136,,,7,Robledo,,
656501,2023,2023-10-17,14:20,Choque,HERIDO,Calle 59 Con Carrera 50,6.25677449,-75.56358952,10,La Candelaria,1001,Prado
694640,2025,2025-05-29,01:40,Otro,HERIDO,Calle 16 A Sur Con Carrera 9,6.18514554,-75.54559005,90,Corregimiento de Santa Elena,9001,Las Palmas
522549,2019,2019-12-10,01:30,Choque,SOLO DAÑOS,CALLE 68 CON CARRERA 42,6.26346137,-75.55308112,3,Manrique,0308,Manrique Central No. 2
511573,2019,2019-09-21,10:00,Caida Ocupante,HERIDO,CALLE 33 CON CARRERA 63,6.23910782,-75.57808752,16,Belén,1621,Cerro Nutibara
568722,2021,2021-05-01,05:10,Volcamiento,HERIDO,CALLE 83 B CON CARRERA 53 A,6.27755736,-75.56475459,4,Aranjuez,0404,Moravia
589092,2021,2021-10-19,00:10,Choque,SOLO DAÑOS,TRAMO 15 CON KILOMETRO 42,,,60,Corregimiento de San Cristóbal,,
655365,2023,2023-10-01,07:00,Otro,HERIDO,Calle 74 Con Carrera 38,,,3,Manrique,,
548768,2020,2020-10-09,12:00,Choque,SOLO DAÑOS,CALLE 46 CON CARRERA 45 NORTE,,,10,La Candelaria,,
564339,2021,2021-03-12,17:40,Caida Ocupante,HERIDO,CALLE 1 CON CARRERA 80,6.21102405,-75.60505702,16,Belén,SN02,El Rincón
510429,2019,2019-09-13,15:30,Atropello,HERIDO,CALLE 96 CON CARRERA 80,6.29430301,-75.58147552,6,Doce de Octubre,0606,San Martín de Porres
520107,2019,2019-11-22,09:00,Volcamiento,HERIDO,CALLE 65 CON CARRERA 72,6.26630909,-75.58687716,7,Robledo,0703,San Germán
525442,2020,2020-01-01,11:20,Choque,SOLO DAÑOS,CALLE 51 D CON CARRERA 82 C,6.26422365,-75.59981335,12,La América,1202,Calasanz
626557,2022,2022-09-02,09:30,Choque,SOLO DAÑOS,Calle 53 Con Carrera 56,6.25481766,-75.57118094,10,La Candelaria,1005,Estación Villa
526559,2020,2020-01-12,18:00,Choque,SOLO DAÑOS,CALLE 30 A CON CARRERA 67,6.23151563,-75.5872892,15,Guayabal,Inst_19,Parque Juan Pablo II
606709,2022,2022-03-19,14:10,Choque,SOLO DAÑOS,Calle 33 Con Carrera 65 C,6.23933804,-75.58489409,16,Belén,1601,Fátima
674745,2024,2024-08-04,06:50,Choque,HERIDO,Calle 106 B Con Carrera 67,6.30484482,-75.56713706,5,Castilla,504,Tejelo
621742,2022,2022-07-26,18:55,Choque,HERIDO,Calle 40 Con Carrera 46,6.24110913,-75.56975431,10,La Candelaria,1013,Barrio Colón
628382,2022,2022-09-15,19:54,Choque,SOLO DAÑOS,Calle 47 Con Carrera 73,6.25320434,-75.59183092,11,Laureles Estadio,1117,Florida Nueva
639243,2023,2023-02-12,05:00,Choque,SOLO DAÑOS,Calle 46 Con Carrera 42,6.24297057,-75.5637119,10,La Candelaria,1015,Bomboná No. 1
507931,2019,2019-08-27,07:50,Caida Ocupante,HERIDO,CALLE 49 B CON CARRERA 70,6.25799339,-75.58634778,11,Laureles Estadio,Inst_14,U.D. Atanasio Girardot
685535,2025,2025-01-31,20:30,Otro,HERIDO,Calle 101 CC Con Carrera 82,6.30203285,-75.57969279,6,Doce de Octubre,603,Doce de Octubre No.2
601971,2022,2022-02-10,09:00,Atropello,HERIDO,Calle 43 Con Carrera 70 A,6.24853051,-75.58939778,11,Laureles Estadio,1107,Bolivariana
583116,2021,2021-09-01,16:10,Atropello,HERIDO,CALLE 53 CON CARRERA 73,6.26231305,-75.58772627,11,Laureles Estadio,1115,Cuarta Brigada
660156,2023,2023-12-08,08:30,Choque,HERIDO,Calle 45 Con Carrera 31,6.23826265,-75.55499147,9,Buenos Aires,0910,La Milagrosa
633189,2022,2022-11-07,16:37,Choque,HERIDO,Calle 74 Con Carrera 51,6.26956607,-75.5619665,4,Aranjuez,0408,Jardín Botánico
575118,2021,2021-06-27,17:30,Atropello,HERIDO,CALLE 111 CON CARRERA 78,6.30845263,-75.57448586,6,Doce de Octubre,0601,Santander
575710,2021,2021-07-02,18:30,Choque,SOLO DAÑOS,CALLE 52 CON CARRERA 23,6.24045892,-75.54581578,8,Villa Hermosa,0812,El Pinal
634982,2022,2022-12-03,19:10,Choque,HERIDO,Calle 3  Sur Con Avenida 80,,,15,Guayabal,,
630250,2022,2022-10-01,10:00,Choque,HERIDO,Calle 38 Con Carrera 51,6.23912525,-75.57300053,10,La Candelaria,1011,Calle Nueva
546640,2020,2020-09-18,00:00,Caida Ocupante,HERIDO,CALLE 60 CON CARRERA 55,6.2583859,-75.57072191,10,La Candelaria,1004,El Chagualo
560082,2021,2021-02-02,16:30,Atropello,HERIDO,CALLE 34 B CON CARRERA 24 D,6.22850328,-75.55314325,9,Buenos Aires,0909,Cataluña
577977,2021,2021-07-21,17:30,Otro,HERIDO,CALLE 98 CON CARRERA 55,6.292768,-75.56268093,2,Santa Cruz,0211,Santa Cruz
664111,2024,2024-02-15,21:15,Atropello,HERIDO,Calle 45 A Con Carrera 107,6.25761417,-75.6206836,13,San Javier,1318,Antonio Nariño
647496,2023,2023-06-11,14:10,Atropello,HERIDO,Calle 54 Con Carrera 59,6.25658147,-75.5751402,10,La Candelaria,1006,San Benito
679875,2024,2024-10-22,20:22,Otro,HERIDO,CL 065 075,6.27006029,-75.58747684,7,Robledo,703,San Germán
514402,2019,2019-10-11,12:15,Otro,HERIDO,CALLE 100 CON CARRERA 64 C,6.2936258,-75.56356589,5,Castilla,0510,Tricentenario
671575,2024,2024-06-13,18:30,Choque,HERIDO,Carrera 50 Con Calle 25,6.22926251,-75.57654636,15,Guayabal,1504,Santa Fé
680610,2024,2024-11-02,12:00,Otro,HERIDO,CL 020 065 GG,6.22339425,-75.58673969,15,Guayabal,1503,Trinidad
683367,2024,2024-12-17,10:40,Choque,HERIDO,CL S 034   090 D 010 00000,6.19646635,-75.66919515,80,Corregimiento de San Antonio de Prado,8003,Montañita
552478,2020,2020-11-17,08:50,Choque,HERIDO,CALLE 58 CON CARRERA 36,6.24949803,-75.55385113,8,Villa Hermosa,0808,Enciso
676979,2024,2024-09-06,17:15,Choque,HERIDO,Carrera 66 Con Calle 98,6.29370664,-75.56973518,5,Castilla,511,Castilla
511773,2019,2019-09-22,22:10,Choque,HERIDO,CALLE 6 SUR CON CARRERA 51,6.20316673,-75.58520417,15,Guayabal,1510,Guayabal
619330,2022,2022-07-06,18:45,Otro,HERIDO,Calle 39 D Con Carrera 38 E,6.23851985,-75.56433057,10,La Candelaria,1014,Las Palmas
607692,2022,2022-03-28,05:30,Otro,HERIDO,Calle 25 Con Carrera 50,6.22538614,-75.57675499,15,Guayabal,1504,Santa Fé
589795,2021,2021-10-24,07:45,Choque,HERIDO,CALLE 67 CON CARRERA 63,6.26555613,-75.57533261,7,Robledo,Inst_8,Universidad Nacional
572332,2021,2021-06-04,12:00,Otro,HERIDO,CALLE 81 CON CARRERA 64 C,6.27633391,-75.57345587,5,Castilla,Inst_3,Cementerio Universal
517082,2019,2019-10-30,14:40,Choque,SOLO DAÑOS,CALLE 67 CON CARRERA 51 B,6.26392033,-75.56405303,10,La Candelaria,Inst_12,Hospital San Vicente de Paúl
701519,2025,2025-08-20,10:59,Choque,HERIDO,Calle 1 Con Carrera 49,6.2039339,-75.5789604,14,El Poblado,1422,La Aguacatala
675236,2024,2024-08-11,08:50,Atropello,HERIDO,Calle 44 Con Carrera 86,6.25113233,-75.60549653,12,La América,1204,La América
596691,2021,2021-12-20,12:30,Choque,SOLO DAÑOS,CALLE 92 CON CARRERA 53,6.28398036,-75.56372223,4,Aranjuez,0403,Palermo
701884,2025,2025-08-24,11:34,Choque,HERIDO,Calle 32 Con Carrera 62,,,N/D,N/D,,
647810,2023,2023-06-15,22:00,Atropello,HERIDO,Calle 108 Con Carrera 42,6.29624604,-75.54730003,1,Popular,0101,Popular
603870,2022,2022-02-25,06:55,Choque,HERIDO,Calle 79 C Con Carrera 67,6.2767782,-75.57584915,5,Castilla,0519,El Progreso
569324,2021,2021-05-08,12:00,Volcamiento,HERIDO,CALLE 57 C CON CARRERA 26 A,6.24783884,-75.54777291,8,Villa Hermosa,0808,Enciso
586604,2021,2021-09-29,11:20,Choque,SOLO DAÑOS,CALLE 27 CON CARRERA 43,6.22562147,-75.56827896,10,La Candelaria,1020,Castropol
577956,2021,2021-07-21,15:30,Choque,SOLO DAÑOS,CALLE 54 CON CARRERA 63,6.25784093,-75.57963515,11,Laureles Estadio,1101,Carlos E. Restrepo
691726,2025,2025-04-22,09:00,Otro,HERIDO,Calle 67 A Con Carrera 52,6.26539392,-75.5660885,4,Aranjuez,407,Sevilla
593309,2021,2021-11-23,18:30,Otro,HERIDO,CALLE 4 CON CARRERA 75 D,6.21482939,-75.5987218,16,Belén,1608,La mota
502602,2019,2019-07-19,17:00,Choque,SOLO DAÑOS,CALLE 30 CON CARRERA 50,6.23187753,-75.57442721,10,La Candelaria,1012,Perpetuo Socorro
590662,2021,2021-11-01,21:04,Choque,HERIDO,CALLE 43 CON CARRERA 30,6.23677406,-75.55506751,9,Buenos Aires,0910,La Milagrosa
675038,2024,2024-08-08,08:00,Otro,HERIDO,Carrera 84 Con Calle 44,6.25082021,-75.60445749,12,La América,1204,La América
512704,2019,2019-09-29,07:15,Choque,HERIDO,CALLE 10 B CON CARRERA 25,6.21340429,-75.55490336,14,El Poblado,1408,Altos del Poblado
666939,2024,2024-03-30,23:35,Choque,SOLO DAÑOS,,,,11,Laureles Estadio,,
585277,2021,2021-09-18,15:50,Choque,HERIDO,CALLE 58 CON CARRERA 92,6.27426584,-75.60474948,13,San Javier,1302,Blanquizal
552243,2020,2020-11-14,05:40,Choque,SOLO DAÑOS,CALLE 112 CON CARRERA 67,6.3070931,-75.56542552,5,Castilla,0504,Tejelo
621083,2022,2022-07-21,12:10,Choque,SOLO DAÑOS,Calle 9  Sur Con Carrera 52,6.20092442,-75.58856617,15,Guayabal,1511,La Colina
627997,2022,2022-09-13,06:45,Otro,HERIDO,Calle 50 Con Carrera 74,6.26036709,-75.5901796,11,Laureles Estadio,1113,U.D. Atanasio Girardot
542070,2020,2020-07-19,15:40,Caida Ocupante,HERIDO,CALLE 50 CON CARRERA 66 B,6.25600972,-75.58105222,11,Laureles Estadio,1102,Suramericana
491119,2019,2019-04-12,15:46,Choque,SOLO DAÑOS,CALLE 22 CON CARRERA 75,6.22561278,-75.59612376,16,Belén,1605,San Bernardo
624491,2022,2022-08-16,14:10,Choque,SOLO DAÑOS,Calle 16 A Sur Con Carrera 42,6.18922245,-75.57591407,14,El Poblado,1414,El Diamante No. 2
578221,2021,2021-07-23,14:30,Choque,SOLO DAÑOS,CALLE 35 CON CARRERA 32,6.23225463,-75.55844115,9,Buenos Aires,0913,Loreto
570150,2021,2021-05-16,13:00,Otro,HERIDO,CALLE 81 CON CARRERA 70,6.28020218,-75.57618729,7,Robledo,0709,Córdoba
536955,2020,2020-05-06,21:00,Choque,HERIDO,CALLE 47 CON CARRERA 42,6.24391442,-75.56323124,10,La Candelaria,1015,Bomboná No. 1
652911,2023,2023-08-27,09:00,Otro,HERIDO,Calle 39 Con Carrera 107,6.25182278,-75.62009762,13,San Javier,1310,Veinte de Julio
662525,2024,2024-01-24,08:00,Otro,HERIDO,CL 029 C 108 110,,,70,Corregimiento de Altavista,,
586937,2021,2021-10-01,16:30,Choque,SOLO DAÑOS,CALLE 9 SUR CON CARRERA 50 FF,6.20035761,-75.58470123,15,Guayabal,1510,Guayabal
673863,2024,2024-07-21,01:14,Atropello,HERIDO,Carrera 42 C Con Calle 109,6.29819749,-75.54729519,1,Popular,103,Popular
583977,2021,2021-09-08,17:49,Choque,SOLO DAÑOS,CALLE 49 CON CARRERA 46,6.24757839,-75.565918,10,La Candelaria,1019,La Candelaria
571504,2021,2021-05-28,12:00,Choque,SOLO DAÑOS,CALLE 67 CON CARRERA 51,6.26408278,-75.56326166,4,Aranjuez,0407,Sevilla
681079,2024,2024-11-10,12:30,Atropello,HERIDO,CL 094 095,6.29666243,-75.60726693,60,Corregimiento de San Cristóbal,6012,Pajarito
602346,2022,2022-02-13,05:13,Choque,HERIDO,Calle 94 Con Carrera 65,6.28848726,-75.56957285,5,Castilla,0511,Castilla
623309,2022,2022-08-07,13:55,Choque,SOLO DAÑOS,Calle 47 F Con Carrera 87,6.25924723,-75.60419132,12,La América,1206,Santa Lucía
565347,2021,2021-03-22,09:20,Volcamiento,HERIDO,CALLE 39 F CON CARRERA 115 A,6.25534912,-75.62569131,13,San Javier,1316,El Salado
570606,2021,2021-05-20,14:55,Choque,HERIDO,CALLE 16 CON CARRERA 52,6.21918034,-75.58060177,15,Guayabal,1504,Santa Fé
492772,2019,2019-04-28,23:00,Atropello,HERIDO,CALLE 111 CON CARRERA 63,6.30341672,-75.5579709,5,Castilla,0507,Héctor Abad Gómez
485484,2019,2019-02-22,17:50,Atropello,HERIDO,CALLE 103 CON CARRERA 45,6.29258524,-75.5514673,2,Santa Cruz,0209,Villa del Socorro
678481,2024,2024-09-30,15:00,Volcamiento,HERIDO,CL 061 103 C 103,,,7,Robledo,,
693360,2025,2025-05-12,17:00,Otro,HERIDO,Calle 94 Con Carrera 49 B,6.2858485,-75.55722851,4,Aranjuez,401,Berlín
622707,2022,2022-08-03,08:00,Otro,HERIDO,Calle 80 Con Carrera 80,6.18661632,-75.65660126,80,Corregimiento de San Antonio de Prado,8000,Cabecera San Antonio de Prado
623998,2022,2022-08-12,16:40,Choque,HERIDO,Carrera 78 A Con Avenida 80,,,7,Robledo,,
612230,2022,2022-05-05,13:10,Choque,HERIDO,Calle 80 Con Carrera 39,6.27169418,-75.54855032,3,Manrique,0304,Santa Inés
613212,2022,2022-05-13,23:00,Choque,SOLO DAÑOS,Calle 76 Con Carrera 80,6.27725622,-75.58946486,7,Robledo,0706,La Pilarica
609690,2022,2022-04-13,17:25,Choque,HERIDO,Calle 78 Con Carrera 48 A,6.2715833,-75.55723314,4,Aranjuez,0410,Campo Valdés No. 1
544032,2020,2020-08-19,14:30,Choque,SOLO DAÑOS,CALLE 16 A CON CARRERA 43 A,6.21700589,-75.5721431,14,El Poblado,1403,Villa Carlota
558141,2021,2021-01-14,11:40,Caida Ocupante,HERIDO,CALLE 59 CON CARRERA 55,6.25862715,-75.57057412,10,La Candelaria,1004,El Chagualo
655215,2023,2023-09-29,09:00,Choque,HERIDO,Calle 90 Con Carrera 55,6.28290171,-75.56565879,4,Aranjuez,0404,Bermejal-Los Alamos
509149,2019,2019-09-05,07:10,Caida Ocupante,HERIDO,CALLE 33 CON CARRERA 80,6.23889176,-75.60023756,11,Laureles Estadio,1109,Las Acacias
670570,2024,2024-05-27,07:30,Volcamiento,HERIDO,Calle 50 Con Carrera 64 A,6.25501759,-75.57850596,11,Laureles Estadio,1101,Carlos E. Restrepo
624855,2022,2022-08-19,14:30,Choque,HERIDO,Calle 67 Con Carrera 55,6.26460605,-75.56815425,4,Aranjuez,Inst_11,Universidad de Antioquia
609872,2022,2022-04-16,15:00,Otro,HERIDO,Calle 81 Con Carrera 46,6.27382758,-75.55499119,4,Aranjuez,0410,Campo Valdés No. 1
506342,2019,2019-08-15,10:30,Volcamiento,HERIDO,CALLE 69 CON CARRERA 50,6.26529665,-75.5601731,4,Aranjuez,0408,San Pedro
584843,2021,2021-09-15,15:10,Volcamiento,HERIDO,CALLE 48 DD CON CARRERA 95,6.26038166,-75.60958914,13,San Javier,1306,La Pradera
628082,2022,2022-09-13,15:30,Choque,SOLO DAÑOS,Calle 101 Con Carrera 64 C,6.29429848,-75.56759494,5,Castilla,0510,Tricentenario
677568,2024,2024-09-16,09:30,Otro,HERIDO,CR 047 C 066,,,5,Castilla,,
534458,2020,2020-03-10,17:20,Choque,HERIDO,CALLE 53 CON CARRERA 42,6.24917872,-75.56085703,10,La Candelaria,1016,Boston
652566,2023,2023-08-22,10:20,Otro,HERIDO,Calle 64 Con Carrera 94 A,6.28030642,-75.60423267,7,Robledo,0718,Cucaracho
539781,2020,2020-06-19,15:50,Choque,SOLO DAÑOS,CALLE 9 SUR CON CARRERA 80,6.2043391,-75.60397969,16,Belén,1609,La Hondonada
506841,2019,2019-08-18,11:00,Caida Ocupante,HERIDO,CALLE 65 CON CARRERA 85,6.27552397,-75.59591475,7,Robledo,0717,Robledo
533887,2020,2020-03-06,05:50,Choque,HERIDO,CALLE 80 CON CARRERA 50,6.27367263,-75.55909406,4,Aranjuez,0414,Brasilia
650564,2023,2023-07-24,17:00,Choque,HERIDO,Calle 30 A Con Carrera 53,6.23255729,-75.57763087,16,Belén,Inst_18,Tenche
479738,2019,2019-01-02,17:50,Choque,SOLO DAÑOS,CALLE 71 CON CARRERA 65,6.2696323,-75.57618452,5,Castilla,0519,B. Cerro  El Volador
687725,2025,2025-03-01,15:49,Choque,HERIDO,Calle 62 Con Carrera 93,6.27668676,-75.60513874,7,Robledo,719,Fuente Clara
664077,2024,2024-02-15,13:00,Volcamiento,HERIDO,Calle 30 Con Carrera 75,6.23141213,-75.59540584,16,Belén,1603,Belén
537983,2020,2020-05-24,11:15,Volcamiento,HERIDO,CALLE 89 CON CARRERA 44 A,6.28164522,-75.55199083,3,Manrique,0302,La Salle
622850,2022,2022-08-04,07:50,Choque,SOLO DAÑOS,Calle 2  Sur Con Carrera 50,6.20427609,-75.57969314,15,Guayabal,1509,Cristo Rey
649118,2023,2023-07-03,15:00,Choque,HERIDO,Calle 97 A Con Carrera 48,6.28932147,-75.55585511,2,Santa Cruz,0209,La Rosa
546053,2020,2020-09-11,08:40,Volcamiento,HERIDO,CALLE 99 CON CARRERA 99,6.29022786,-75.55256781,1,Popular,0105,Moscú No. 2
664789,2024,2024-02-26,15:00,Choque,HERIDO,Carrera 48 Con Calle 12  Sur,6.19507175,-75.57932951,14,El Poblado,1422,La Aguacatala
493101,2019,2019-05-02,10:10,Choque,HERIDO,CARRERA 32 B CON DIAGONAL 74 B,6.23512481,-75.5940258,16,Belén,1603,Belén
595992,2021,2021-12-14,20:30,Caida Ocupante,HERIDO,CALLE 47 CON CARRERA 29,6.23869008,-75.55289767,9,Buenos Aires,0907,Buenos Aires
700221,2025,2025-08-05,13:10,Atropello,HERIDO,Calle 42 Con Carrera 108 A,6.25558463,-75.62353847,13,San Javier,1316,El Salado
658072,2023,2023-11-07,17:20,Choque,HERIDO,Calle 98 Con Carrera 83,6.29766693,-75.58240998,6,Doce de Octubre,0608,Picacho
647007,2023,2023-06-05,10:40,Choque,HERIDO,Calle 35 Con Carrera 84,6.24418497,-75.60678279,12,La América,1211,Simón Bolívar
603318,2022,2022-02-20,20:00,Choque,SOLO DAÑOS,Calle 35 Con Carrera 32,6.23225463,-75.55844115,9,Buenos Aires,0913,Loreto
594171,2021,2021-11-30,13:50,Caida Ocupante,HERIDO,CALLE 34 CON CARRERA 85,6.24198001,-75.60834896,12,La América,1212,La Castellana
523870,2019,2019-12-19,00:30,Choque,HERIDO,CALLE 77 CON CARRERA 91 B,6.28384912,-75.59307096,7,Robledo,0713,Aures No.1
691878,2025,2025-04-24,06:30,Otro,HERIDO,Calle 1 Con Diagonal 75 B,6.21049237,-75.59490027,15,Guayabal,Inst_20,El Rodeo
569967,2021,2021-05-14,20:15,Choque,HERIDO,CALLE 64 CON CARRERA 52,6.26230856,-75.5667372,10,La Candelaria,Inst_12,Jesús Nazareno
601503,2022,2022-02-06,08:40,Choque,SOLO DAÑOS,Calle 44 Con Carrera 52,6.24520865,-75.57255081,10,La Candelaria,Inst_17,Centro Administrativo
680693,2024,2024-11-03,18:00,Volcamiento,HERIDO,CR 042 021,,,14,El Poblado,,
533959,2020,2020-03-06,16:00,Choque,HERIDO,CALLE 50 CON CARRERA 80,6.26362588,-75.59697998,12,La América,1202,Calasanz
640621,2023,2023-03-04,19:30,Otro,HERIDO,Calle 48 D Con Carrera 67 B,6.25545553,-75.58474048,11,Laureles Estadio,1102,Suramericana
507007,2019,2019-08-20,07:10,Choque,SOLO DAÑOS,CALLE 67 CON CARRERA 63,6.26555613,-75.57533261,7,Robledo,Inst_8,Universidad Nacional
624365,2022,2022-08-15,17:10,Caida Ocupante,HERIDO,Calle 48 Con Carrera 74,6.25648536,-75.59242669,11,Laureles Estadio,1113,El Estadio
481617,2019,2019-01-22,06:50,Choque,MUERTO,CALLE 18 C SUR CON CARRERA 49,6.18868362,-75.5829053,14,El Poblado,1423,Santa María de los Ángeles
690996,2025,2025-04-11,14:10,Choque,HERIDO,Calle 32 A Con Carrera 86,6.23543023,-75.608447,16,Belén,1617,Las Mercedes
628822,2022,2022-09-19,10:20,Choque,HERIDO,Calle 95 Con Carrera 50 A,6.28718671,-75.55839435,4,Aranjuez,0402,San Isidro
531768,2020,2020-02-20,06:50,Volcamiento,HERIDO,CALLE 1 A SUR CON CARRERA 25,6.1958431,-75.55958884,14,El Poblado,1410,Los Naranjos
699036,2025,2025-07-22,21:20,Atropello,HERIDO,Calle 57 Con Carrera 55,,,N/D,N/D,,
628069,2022,2022-09-13,14:00,Choque,SOLO DAÑOS,Calle 29 C Con Carrera 54,6.23054419,-75.57870712,15,Guayabal,1502,Tenche
551577,2020,2020-11-07,10:00,Choque,SOLO DAÑOS,CALLE 35 CON CARRERA 80,6.24268065,-75.60016784,11,Laureles Estadio,1109,Las Acacias
678004,2024,2024-09-23,06:10,Otro,HERIDO,CR 080 011 013,,,16,Belén,,
686185,2025,2025-02-09,20:30,Otro,HERIDO,Calle 1 Con Carrera 81,,,16,Belén,,
661059,2023,2023-12-22,06:54,Choque,HERIDO,Calle 56 Con Carrera 41,6.25045515,-75.55918136,10,La Candelaria,1016,Boston
498348,2019,2019-06-14,15:20,Choque,SOLO DAÑOS,CALLE 2 SUR CON CARRERA 48,6.20293004,-75.57716326,14,El Poblado,1422,La Aguacatala
512233,2019,2019-09-26,05:30,Choque,HERIDO,CALLE 33 CON CARRERA 63,6.2399959,-75.57855539,11,Laureles Estadio,1105,Los Conquistadores
678781,2024,2024-10-05,11:10,Choque,HERIDO,CL 067 064 C,6.26555613,-75.57533261,7,Robledo,Inst_8,Universidad Nacional
672307,2024,2024-06-25,14:58,Choque,HERIDO,Calle 34 Con Carrera 45 A,6.23484397,-75.57175572,10,La Candelaria,1012,Perpetuo Socorro
482681,2019,2019-01-30,21:30,Caida Ocupante,HERIDO,CALLE 59 A CON CARRERA 65,6.25972748,-75.57973201,7,Robledo,Inst_8,Universidad Nacional
622637,2022,2022-08-02,17:20,Choque,HERIDO,Calle 58 Con Carrera 50,6.25576738,-75.56428522,10,La Candelaria,1018,Villa Nueva
528563,2020,2020-01-27,16:40,Otro,HERIDO,CALLE 59 CON CARRERA 62,6.26062246,-75.57306875,10,La Candelaria,1004,El Chagualo
515937,2019,2019-10-22,18:30,Otro,HERIDO,CALLE 32 E CON CARRERA 78,6.23720388,-75.59832886,16,Belén,1620,El Nogal-Los Almendros
555877,2020,2020-12-17,12:00,Otro,HERIDO,CALLE 60 CON CARRERA 52,6.2590223,-75.56734835,10,La Candelaria,1003,Jesús Nazareno
647941,2023,2023-06-17,19:30,Otro,HERIDO,Calle 91 Con Carrera 65,6.28232505,-75.5719957,5,Castilla,0514,Alfonso López
646454,2023,2023-05-29,09:04,Choque,HERIDO,Calle 34 B Con Carrera 112,6.24672388,-75.62354388,13,San Javier,1313,El Corazón
669228,2024,2024-05-05,20:00,Otro,HERIDO,,,,60,Corregimiento de San Cristóbal,,
546147,2020,2020-09-12,10:10,Volcamiento,HERIDO,CALLE 10 CON CARRERA 72,6.2182243,-75.59510717,16,Belén,1607,Las Playas
559017,2021,2021-01-24,02:00,Otro,HERIDO,CALLE 92 CON CARRERA 83,6.29020852,-75.58476304,6,Doce de Octubre,0607,Kennedy
697985,2025,2025-07-09,16:00,Otro,HERIDO,Calle 35 Con Carrera 92,6.24740469,-75.61531624,12,La América,1209,Santa Mónica
507522,2019,2019-08-23,18:50,Choque,SOLO DAÑOS,CALLE 9 SUR CON DIAGONAL 29 D,6.1914641,-75.56600781,14,El Poblado,1411,Los Balsos No.1
702346,2025,2025-08-29,20:30,Choque,HERIDO,Calle 94 Con Carrera 64 C,6.28837181,-75.56960942,5,Castilla,511,Castilla
645633,2023,2023-05-18,07:00,Choque,HERIDO,Calle 73 Con Carrera 62,6.27571713,-75.56911422,4,Aranjuez,0405,Parque Norte
656488,2023,2023-10-17,13:30,Otro,HERIDO,Calle 71 Con Carrera 65,6.2696323,-75.57618452,5,Castilla,0519,B. Cerro  El Volador
522385,2019,2019-12-08,21:03,Choque,SOLO DAÑOS,CALLE 48 CON CARRERA 57,6.25016827,-75.57523336,10,La Candelaria,1008,Corazón de Jesús
549572,2020,2020-10-17,20:00,Choque,HERIDO,CALLE 25 CON CARRERA 59,6.22667926,-75.58265492,15,Guayabal,1503,Trinidad
559804,2021,2021-01-31,09:20,Volcamiento,HERIDO,CALLE 91 CON CARRERA 70,6.28306348,-75.57558743,5,Castilla,0514,Alfonso López
657647,2023,2023-11-01,14:21,Otro,HERIDO,Calle 80 Con Carrera 62,6.27573969,-75.56926151,4,Aranjuez,0405,Moravia
642400,2023,2023-04-01,06:56,Choque,HERIDO,Calle 104 A Con Carrera 62,6.29632629,-75.56148686,5,Castilla,Inst_1,Plaza de Ferias
505804,2019,2019-08-11,16:50,Otro,HERIDO,CALLE 99 CON CARRERA 99,6.29022786,-75.55256781,1,Popular,0105,Moscú No. 2
628034,2022,2022-09-13,09:20,Choque,HERIDO,Transversal 39 Con Carrera 77,,,11,Laureles Estadio,,
490235,2019,2019-04-05,16:30,Choque,SOLO DAÑOS,CALLE 6 SUR CON CARRERA 50 FF,6.20285784,-75.58478636,15,Guayabal,1510,Guayabal
695091,2025,2025-06-03,20:00,Volcamiento,HERIDO,Calle 104 Con Carrera 76,6.30245662,-75.5741873,6,Doce de Octubre,604,Pedregal
511937,2019,2019-09-24,06:25,Choque,HERIDO,CALLE 44 B CON CARRERA 80,6.25213872,-75.60164192,12,La América,1203,Los Pinos
619383,2022,2022-07-07,10:30,Otro,HERIDO,Calle 44 A Con Carrera 61,6.24824956,-75.57892507,10,La Candelaria,1008,Corazón de Jesús
551747,2020,2020-11-09,06:00,Choque,SOLO DAÑOS,CALLE 78 CON CARRERA 64,6.27601881,-75.5701112,5,Castilla,Inst_4,Terminal de Transporte
543107,2020,2020-08-05,15:40,Choque,SOLO DAÑOS,CALLE 24 CON CARRERA 52,6.22466815,-75.57857974,15,Guayabal,1504,Santa Fé
635933,2022,2022-12-18,05:30,Atropello,HERIDO,Calle 64 Con Carrera 80,6.27777639,-75.57295482,5,Castilla,Inst_4,Terminal de Transporte
508168,2019,2019-08-28,19:00,Atropello,HERIDO,CALLE 66 D CON CARRERA 37,6.25854965,-75.54934972,8,Villa Hermosa,0801,Villa Hermosa
614193,2022,2022-05-22,07:00,Atropello,HERIDO,Calle 54 Con Carrera 51,6.25373144,-75.56735824,10,La Candelaria,1018,La Candelaria
529397,2020,2020-02-02,20:10,Choque,SOLO DAÑOS,CALLE 63 CON CARRERA 94,6.28302845,-75.60461894,7,Robledo,0723,Pajarito
500058,2019,2019-06-29,07:50,Choque,SOLO DAÑOS,CALLE 77 CON CARRERA 64 C,6.27548756,-75.56859393,4,Aranjuez,Inst_9,Parque Norte
515222,2019,2019-10-17,13:20,Choque,SOLO DAÑOS,CALLE 14 CON CARRERA 48,6.21495874,-75.57615305,14,El Poblado,1419,Villa Carlota
671031,2024,2024-06-04,06:00,Otro,HERIDO,Calle 58 Con Carrera 30,6.24930113,-75.55005136,8,Villa Hermosa,808,Enciso
490267,2019,2019-04-05,20:00,Choque,SOLO DAÑOS,CALLE 45 GG CON CARRERA 79,6.25508275,-75.59769747,11,Laureles Estadio,1112,El Velódromo
608150,2022,2022-03-31,20:30,Otro,HERIDO,Calle 16 Con Carrera 58 A,6.21985363,-75.5835388,15,Guayabal,1504,Santa Fé
611069,2022,2022-04-26,17:00,Choque,HERIDO,Calle 45 B Con Carrera 62,6.23965413,-75.57718102,10,La Candelaria,Inst_16,La Alpujarra
494774,2019,2019-05-15,08:30,Choque,SOLO DAÑOS,CALLE 37 CON CARRERA 44,6.23583059,-75.56842378,10,La Candelaria,1020,San Diego
666990,2024,2024-03-31,17:40,Otro,HERIDO,Calle 10 Con Carrera 52,6.21517048,-75.58190382,15,Guayabal,1507,Campo Amor
650200,2023,2023-07-19,07:00,Volcamiento,HERIDO,Calle 2 B Con Carrera 81 A,6.21111547,-75.60439866,16,Belén,1610,El Rincón
554163,2020,2020-12-02,12:17,Choque,SOLO DAÑOS,CALLE 11 SUR CON CARRERA 50,6.19678769,-75.58160239,15,Guayabal,1510,Guayabal
564875,2021,2021-03-17,18:20,Atropello,HERIDO,CALLE 44 A CON CARRERA 69,6.24973575,-75.58736706,11,Laureles Estadio,1103,Naranjal
564686,2021,2021-03-16,08:25,Choque,SOLO DAÑOS,CALLE 25 CON CARRERA 50,6.22535334,-75.57709734,15,Guayabal,1504,Santa Fé
681099,2024,2024-11-10,23:07,Atropello,HERIDO,CL 071 065,6.26963231,-75.57618451,5,Castilla,519,El Progreso
507791,2019,2019-08-26,08:30,Caida Ocupante,HERIDO,CALLE 94 CON CARRERA 65,6.28848726,-75.56957285,5,Castilla,0511,Castilla
564589,2021,2021-03-15,12:30,Atropello,HERIDO,CALLE 123 CON CARRERA 50 B,6.30611428,-75.55281079,2,Santa Cruz,0204,La Frontera
633946,2022,2022-11-18,19:40,Choque,HERIDO,Calle 74 Con Carrera 44,6.26817346,-75.55373924,3,Manrique,0306,El Pomar
644112,2023,2023-04-28,20:30,Choque,HERIDO,Calle 43  Sur Con Carrera 58,6.18158077,-75.63986016,80,Corregimiento de San Antonio de Prado,AUC2,San Antonio de Prado
550254,2020,2020-10-24,16:00,Volcamiento,HERIDO,CALLE 44 CON CARRERA 82,6.2506077,-75.6034238,12,La América,1204,La América
673108,2024,2024-07-09,18:30,Otro,HERIDO,Carrera 80 Con Calle 54,6.26826843,-75.59567862,12,La América,1201,Ferrini
556310,2020,2020-12-21,05:45,Choque,HERIDO,CALLE 65 CON CARRERA 70,6.26225774,-75.5842048,7,Robledo,Inst_7,Nueva Villa de la Iguaná
527011,2020,2020-01-16,16:00,Choque,SOLO DAÑOS,CALLE 48 D CON CARRERA 68,6.25569486,-75.58521127,11,Laureles Estadio,1102,Suramericana
672058,2024,2024-06-21,13:00,Atropello,HERIDO,Carrera 84 Con Calle 63,6.27378327,-75.59551549,7,Robledo,717,Robledo
547240,2020,2020-09-24,11:00,Choque,HERIDO,CALLE 29 CON CARRERA 52,6.22772187,-75.57777852,15,Guayabal,1503,Trinidad
523063,2019,2019-12-13,11:30,Choque,SOLO DAÑOS,CALLE 45 CON CARRERA 50,6.24554063,-75.56937138,10,La Candelaria,1007,Guayaquil
688833,2025,2025-03-15,05:40,Choque,HERIDO,Calle 30 Con Carrera 78,6.23130191,-75.59816968,16,Belén,1603,Belén
641602,2023,2023-03-18,18:05,Volcamiento,HERIDO,Calle 92 A Con Carrera 52,6.28526259,-75.56285703,4,Aranjuez,0403,Palermo
574512,2021,2021-06-22,17:30,Choque,SOLO DAÑOS,CALLE 1 A SUR CON CARRERA 30,6.19932784,-75.56303998,14,El Poblado,1410,Los Naranjos
549219,2020,2020-10-14,08:30,Atropello,HERIDO,CALLE 80 CON CARRERA 43,6.27241643,-75.55208278,3,Manrique,0303,Campo Valdés No. 2
496339,2019,2019-05-28,12:30,Atropello,HERIDO,CALLE 104 CON CARRERA 39,6.29252348,-75.54739275,1,Popular,0104,Granizal
487528,2019,2019-03-12,19:10,Caida Ocupante,HERIDO,CALLE 72 CON CARRERA 94 C,,,5,Castilla,Sin inf,Sin inf
518239,2019,2019-11-08,08:00,Choque,HERIDO,CALLE 65 CON CARRERA 89,6.27753302,-75.59845213,7,Robledo,0717,Robledo
628473,2022,2022-09-16,11:40,Choque,HERIDO,Calle 46 Con Carrera 46,6.28238355,-75.55373503,4,Aranjuez,0412,La Piñuela
496471,2019,2019-05-29,14:00,Choque,SOLO DAÑOS,CALLE 42 CON CARRERA 77,6.24847651,-75.59606217,11,Laureles Estadio,1111,Lorena
521864,2019,2019-12-05,14:00,Choque,HERIDO,CALLE 79 CON CARRERA 51,6.27338086,-75.56235295,4,Aranjuez,0415,Miranda
663323,2024,2024-02-03,21:00,Otro,HERIDO,Carrera 96 C Con Calle 49 AB,6.26355959,-75.60942126,13,San Javier,1305,Metropolitano
507732,2019,2019-08-25,16:00,Otro,HERIDO,CALLE 80 CON CARRERA 72,6.27989696,-75.57850285,7,Robledo,0708,Altamira
628809,2022,2022-09-19,08:20,Choque,SOLO DAÑOS,Calle 44 B Con Carrera 69 A,6.25037744,-75.58785063,11,Laureles Estadio,1103,Naranjal
670087,2024,2024-05-19,01:00,Atropello,HERIDO,Carrera 81 Con Calle 54,6.26851599,-75.59685328,12,La América,1201,Ferrini
698025,2025,2025-07-10,08:40,Caida Ocupante,HERIDO,Calle 34 C Con Carrera 108,,,N/D,N/D,,
544646,2020,2020-08-27,09:30,Volcamiento,HERIDO,CALLE 76 CC CON CARRERA 86,6.28110408,-75.59213656,7,Robledo,0715,Villa Flora
635302,2022,2022-12-09,05:17,Choque,HERIDO,Calle 58 Con Carrera 48,6.25499811,-75.56292942,10,La Candelaria,1018,Villa Nueva
623186,2022,2022-08-06,14:50,Choque,HERIDO,Calle 27 Con Carrera 66 B,6.22905706,-75.58722845,15,Guayabal,Inst_19,Parque Juan Pablo II
550956,2020,2020-10-31,17:40,Choque,SOLO DAÑOS,CALLE 94 A CON CARRERA 83,6.29261946,-75.58417587,6,Doce de Octubre,0608,Kennedy
620010,2022,2022-07-12,11:40,Atropello,HERIDO,Calle 73 Con Carrera 72 A,6.27363149,-75.5820561,7,Robledo,0702,La Pilarica
634093,2022,2022-11-20,21:00,Atropello,HERIDO,Calle 92 Con Carrera 49,6.28328135,-75.5561159,4,Aranjuez,0412,La Piñuela
500699,2019,2019-07-05,08:00,Choque,SOLO DAÑOS,CALLE 10 A CON CARRERA 40,6.21040462,-75.56770834,14,El Poblado,1418,El Poblado
671037,2024,2024-06-04,07:00,Otro,HERIDO,Calle 113 B Con Carrera 65,6.30898459,-75.56388154,5,Castilla,502,Las Brisas
550484,2020,2020-10-27,07:00,Atropello,HERIDO,CALLE 78 CON CARRERA 48 A,6.2715833,-75.55723314,4,Aranjuez,0410,Campo Valdés No. 1
590114,2021,2021-10-27,05:00,Choque,HERIDO,CALLE 2 CON AVENIDA 80,,,15,Guayabal,,
642539,2023,2023-04-02,22:20,Otro,HERIDO,Calle 58 D Con Carrera 93,6.27426584,-75.60474948,13,San Javier,1302,Blanquizal
615380,2022,2022-06-01,17:36,Choque,SOLO DAÑOS,Calle 47 Con Carrera 83,6.25706003,-75.60069974,12,La América,1205,La Floresta
533495,2020,2020-03-03,12:00,Atropello,HERIDO,CALLE 78 CON CARRERA 70,6.27888526,-75.57862657,7,Robledo,0708,Altamira
483919,2019,2019-02-11,07:15,Atropello,HERIDO,CALLE 79 CON CARRERA 37,6.27087771,-75.54819984,3,Manrique,0304,Santa Inés
525559,2020,2020-01-02,17:00,Caida Ocupante,HERIDO,CALLE 1 CON CARRERA 1,6.20160049,-75.52773007,90,Corregimiento de Santa Elena,9009,SUBURB El Plan
673504,2024,2024-07-15,11:10,Choque,HERIDO,Carrera 48 Con Calle 65 F,6.26154652,-75.55873994,10,La Candelaria,1001,Prado
629347,2022,2022-09-23,14:30,Otro,HERIDO,Calle 45 Con Carrera 80,6.24986181,-75.59968792,11,Laureles Estadio,1111,Lorena
679643,2024,2024-10-19,11:07,Choque,HERIDO,CL  064   115  185 00000,6.27828892,-75.62234771,60,Corregimiento de San Cristóbal,AE1,Área de Expansión Pajarito
484306,2019,2019-02-14,05:20,Choque,HERIDO,CALLE 58 CON CARRERA 39,6.25007332,-75.55687787,10,La Candelaria,1016,Boston
686409,2025,2025-02-12,20:30,Otro,HERIDO,Calle 92 A Con Carrera 36,6.28270978,-75.54594712,3,Manrique,301,La Salle
526999,2020,2020-01-16,14:45,Caida Ocupante,HERIDO,CALLE 39 CON CARRERA 64 B,6.24243106,-75.58099939,11,Laureles Estadio,1105,Los Conquistadores
694480,2025,2025-05-27,06:50,Choque,HERIDO,Calle 69 Con Carrera 47,6.26459696,-75.55622693,4,Aranjuez,409,Manrique Central No.1
576319,2021,2021-07-08,11:30,Choque,HERIDO,CALLE 49 CON CARRERA 65,6.25430332,-75.58225639,11,Laureles Estadio,1102,Suramericana
580114,2021,2021-08-08,04:00,Caida Ocupante,HERIDO,CALLE 11 CON CARRERA 43 B,6.21207033,-75.57073392,14,El Poblado,1419,Manila
604241,2022,2022-02-28,06:25,Choque,HERIDO,Calle 45 Con Carrera 49,6.24544984,-75.56912934,10,La Candelaria,1007,Guayaquil
652319,2023,2023-08-19,00:55,Otro,HERIDO,Calle 81 Con Carrera 39,6.27269677,-75.54867355,3,Manrique,0304,Santa Inés
554923,2020,2020-12-09,02:15,Atropello,HERIDO,CALLE 79 CON CARRERA 44,6.27174983,-75.55326439,3,Manrique,0303,Campo Valdés No. 2
580044,2021,2021-08-07,13:50,Choque,SOLO DAÑOS,CALLE 107 CON CARRERA 52,6.29963024,-75.55728776,2,Santa Cruz,0206,Andalucía
603278,2022,2022-02-20,12:00,Otro,HERIDO,Calle 102 B Con Carrera 76 A,6.30132808,-75.57596546,6,Doce de Octubre,0604,Pedregal
632873,2022,2022-11-03,02:00,Caida Ocupante,HERIDO,Calle 58 Con Carrera 50,6.25576738,-75.56428522,10,La Candelaria,1018,Villa Nueva
536010,2020,2020-04-08,16:10,Otro,HERIDO,CALLE 7 CON CARRERA 20,6.20472301,-75.5506389,14,El Poblado,1409,El Tesoro
481117,2019,2019-01-17,12:20,Choque,SOLO DAÑOS,CALLE 2 CON CARRERA 32,6.20019004,-75.56362082,14,El Poblado,1410,Los Naranjos
612293,2022,2022-05-06,03:00,Otro,HERIDO,Calle 24 Con Carrera 52,6.22466815,-75.57857974,15,Guayabal,1504,Santa Fé
642715,2023,2023-04-06,03:00,Otro,HERIDO,Calle 10 Con Carrera 50,6.21364324,-75.57832075,15,Guayabal,1507,Campo Amor
532217,2020,2020-02-22,16:55,Choque,SOLO DAÑOS,CALLE 78 CON CARRERA 64,6.27601881,-75.5701112,5,Castilla,Inst_4,Terminal de Transporte
480427,2019,2019-01-10,19:20,Choque,SOLO DAÑOS,CALLE 9 SUR CON CARRERA 53,6.20165184,-75.59049748,15,Guayabal,1511,La Colina
619152,2022,2022-07-05,15:30,Choque,SOLO DAÑOS,Calle 51 Con Carrera 50,6.25023987,-75.56761235,10,La Candelaria,1019,La Candelaria
565912,2021,2021-03-27,18:30,Volcamiento,HERIDO,CALLE 94 CON CARRERA 49,6.28578455,-75.55601294,4,Aranjuez,0401,Berlin
511960,2019,2019-09-24,09:25,Atropello,HERIDO,CALLE 79 C CON CARRERA 80,6.28261682,-75.58448061,7,Robledo,0708,Altamira
646171,2023,2023-05-25,11:00,Otro,HERIDO,Calle 12  Sur Con Carrera 52,6.19763443,-75.58978021,15,Guayabal,1510,Guayabal
494269,2019,2019-05-10,18:40,Choque,SOLO DAÑOS,CALLE 44 CON CARRERA 55,6.2462135,-75.57446575,10,La Candelaria,1007,Guayaquil
565003,2021,2021-03-18,20:30,Choque,SOLO DAÑOS,CALLE 44 CON CARRERA 92,6.25344418,-75.60921962,12,La América,1207,Campo Alegre
537544,2020,2020-05-17,07:00,Choque,SOLO DAÑOS,CALLE 999 CON CARRERA 999,,,3,Manrique,,
653938,2023,2023-09-11,07:20,Otro,HERIDO,Calle 9  Sur Con Carrera 53 D,6.20212739,-75.59167834,15,Guayabal,Inst_20,El Rodeo
654305,2023,2023-09-16,13:40,Choque,HERIDO,Calle 108 Con Carrera 39 F,6.29514002,-75.54724942,1,Popular,0101,Santo Domingo Savio No. 1
516126,2019,2019-10-23,19:10,Otro,HERIDO,CALLE 48 CON CARRERA 82,6.26211026,-75.60087728,12,La América,1202,Los Alcázares
518322,2019,2019-11-08,17:50,Choque,HERIDO,CALLE 18 CON CARRERA 49,6.22000363,-75.57667405,14,El Poblado,1403,Villa Carlota
503279,2019,2019-07-24,17:40,Choque,SOLO DAÑOS,CALLE 38 CON CARRERA 94,6.25107329,-75.61367907,12,La América,1208,Campo Alegre
546026,2020,2020-09-10,19:54,Choque,HERIDO,CALLE 15 B CON CARRERA 35 A,6.21554772,-75.5641386,14,El Poblado,1404,Castropol
639930,2023,2023-02-22,18:00,Otro,HERIDO,Calle 42 Con Carrera 99,6.25596969,-75.61619279,13,San Javier,1309,San Javier No.1
641365,2023,2023-03-15,00:05,Otro,HERIDO,Calle 60 Con Carrera 47,6.25620099,-75.56128332,10,La Candelaria,1001,Prado
537375,2020,2020-05-14,13:50,Otro,HERIDO,CALLE 65 CON CARRERA 52,6.26283562,-75.56664817,10,La Candelaria,Inst_12,Jesús Nazareno
538423,2020,2020-05-31,08:00,Caida Ocupante,HERIDO,CALLE 103 CON CARRERA 30 A,6.29246839,-75.54117108,1,Popular,0110,La Esperanza No. 2
666871,2024,2024-03-29,00:05,Choque,HERIDO,Carrera 37 Con Calle 66 D,6.25854965,-75.54934972,8,Villa Hermosa,801,Villa Hermosa
514409,2019,2019-10-11,13:00,Otro,HERIDO,CALLE 29 CON CARRERA 48,6.23045759,-75.57448966,14,El Poblado,1401,Barrio Colombia
679115,2024,2024-10-10,13:30,Choque,HERIDO,CL 048 A 068,6.25413205,-75.58574971,11,Laureles Estadio,1102,Suramericana
681985,2024,2024-11-26,08:20,Choque,HERIDO,CL 001 S 048,6.20337372,-75.57725214,14,El Poblado,1421,Patio Bonito
530566,2020,2020-02-11,12:00,Choque,SOLO DAÑOS,CALLE 16 A SUR CON CARRERA 43 A,6.18978273,-75.57708172,14,El Poblado,1414,El Diamante No. 2
630836,2022,2022-10-06,12:30,Choque,HERIDO,Calle 46 Con Carrera 43,6.24365015,-75.56465814,10,La Candelaria,1013,Barrio Colón
677656,2024,2024-09-17,09:30,Otro,HERIDO,Carrera 92 AA Con Calle 62 B,6.27723137,-75.60449906,7,Robledo,719,Fuente Clara
588728,2021,2021-10-15,11:00,Choque,HERIDO,CALLE 44 CON CARRERA 57,6.24625198,-75.57519767,10,La Candelaria,Inst_17,Centro Administrativo
481135,2019,2019-01-17,16:00,Choque,SOLO DAÑOS,CALLE 25 CON CARRERA 50,6.22538614,-75.57675499,15,Guayabal,1504,Santa Fé
576689,2021,2021-07-11,12:50,Atropello,HERIDO,CALLE 94 CON CARRERA 55,6.28617161,-75.56458096,4,Aranjuez,0403,Palermo
551152,2020,2020-11-03,10:40,Choque,SOLO DAÑOS,CALLE 29 CON CARRERA 58 A,6.22929624,-75.58200876,15,Guayabal,1503,Trinidad
481178,2019,2019-01-17,20:50,Choque,SOLO DAÑOS,CALLE 34 CON CARRERA 63,6.24024038,-75.57875111,11,Laureles Estadio,1105,Los Conquistadores
565208,2021,2021-03-20,15:26,Atropello,HERIDO,CALLE 68 CON CARRERA 48,6.26407731,-75.55746781,4,Aranjuez,0409,Manrique Central No. 1
626308,2022,2022-08-31,10:00,Choque,SOLO DAÑOS,Calle 37 Con Carrera 43,6.23626338,-75.56860175,10,La Candelaria,1020,San Diego
678275,2024,2024-09-27,15:30,Otro,HERIDO,Calle 47 D Con Carrera 82,6.25910929,-75.60096773,12,La América,1205,La Floresta
627731,2022,2022-09-10,20:50,Choque,HERIDO,Calle 104 Con Carrera 64 C,6.30339931,-75.56155025,5,Castilla,0502,Las Brisas
601541,2022,2022-02-06,17:00,Otro,HERIDO,Tramo 18 Con Kilometro 13,,,50,Corregimiento de San Sebastián de Palmitas,,
639261,2023,2023-02-12,11:30,Choque,HERIDO,Calle 62 D Con Carrera 110,6.27651836,-75.6195964,60,Corregimiento de San Cristóbal,6098,Área de Expansión Pajarito
550837,2020,2020-10-30,12:30,Choque,HERIDO,CALLE 45 F CON CARRERA 80,6.25452601,-75.5988641,12,La América,1205,La Floresta
629904,2022,2022-09-28,15:30,Choque,SOLO DAÑOS,Calle 30 A Con Carrera 76,6.23213838,-75.59628039,16,Belén,1603,Belén
639664,2023,2023-02-18,13:20,Atropello,HERIDO,Tramo 18 Con Kilometro 0,,,7,Robledo,,
561489,2021,2021-02-15,09:40,Choque,SOLO DAÑOS,CALLE 44 CON CARRERA 70,6.24928539,-75.58876359,11,Laureles Estadio,1103,Florida Nueva
536676,2020,2020-04-29,22:25,Caida Ocupante,HERIDO,CALLE 30 CON CARRERA 50,6.23187752,-75.57442722,10,La Candelaria,1012,Perpetuo Socorro
662243,2024,2024-01-19,20:30,Atropello,HERIDO,Calle 49 Con Carrera 18,6.23718132,-75.54563194,9,Buenos Aires,905,Los Cerros El Vergel
661953,2024,2024-01-15,08:15,Choque,HERIDO,Calle 30 Con Carrera 53,6.23166867,-75.57799397,15,Guayabal,1502,Tenche
564515,2021,2021-03-14,17:30,Choque,HERIDO,CALLE 47 CON CARRERA 73,6.25320434,-75.59183092,11,Laureles Estadio,1117,Florida Nueva
673045,2024,2024-07-08,16:20,Choque,HERIDO,Calle 76 B Con Carrera 88,6.28191033,-75.5934323,7,Robledo,713,Aures No.1
604533,2022,2022-03-02,07:20,Otro,HERIDO,Calle 59 Con Carrera 77,6.27030576,-75.59254412,7,Robledo,0703,San Germán
543052,2020,2020-08-05,06:10,Volcamiento,HERIDO,CALLE 46 CON CARRERA 102,6.25780386,-75.6167668,13,San Javier,1308,San Javier No.2
603548,2022,2022-02-22,16:15,Otro,HERIDO,Calle 77 D Con Carrera 94 A,6.28990887,-75.5955113,7,Robledo,0713,Aures No.1
534179,2020,2020-03-08,12:00,Choque,SOLO DAÑOS,CALLE 46 CON CARRERA 80,6.25629565,-75.59823978,11,Laureles Estadio,1112,El Velódromo
596361,2021,2021-12-17,17:00,Choque,SOLO DAÑOS,CALLE 20 SUR CON CARRERA 9 A,6.17839269,-75.54430836,90,Corregimiento de Santa Elena,9001,Suburbano Chacaltaya
657417,2023,2023-10-29,22:00,Choque,HERIDO,Via 50 Con Kilometro 33,,,50,Corregimiento de San Sebastián de Palmitas,,
513230,2019,2019-10-03,06:15,Caida Ocupante,HERIDO,CALLE 66 CON CARRERA 94,6.28358596,-75.60074311,7,Robledo,0718,Cucaracho
507470,2019,2019-08-23,13:00,Choque,SOLO DAÑOS,CALLE 64 CON CARRERA 98,6.2817809,-75.60911674,7,Robledo,0723,Pajarito
520818,2019,2019-11-27,10:20,Caida Ocupante,HERIDO,CALLE 67 CON CARRERA 48,6.26309807,-75.55767504,10,La Candelaria,1001,Prado
561100,2021,2021-02-11,16:15,Choque,SOLO DAÑOS,CALLE 107 CON CARRERA 51 A,6.29927553,-75.5567321,2,Santa Cruz,0206,Andalucía
645710,2023,2023-05-19,06:50,Otro,HERIDO,Calle 58 Con Carrera 49,6.25547889,-75.56342613,10,La Candelaria,1001,Villa Nueva
509877,2019,2019-09-10,06:00,Volcamiento,HERIDO,CALLE 18 CON CARRERA 71,6.2225084,-75.59322815,16,Belén,1606,Las Playas
515656,2019,2019-10-20,22:11,Otro,HERIDO,CALLE 29 CON CARRERA 43,6.22809294,-75.56881172,10,La Candelaria,1020,San Diego
669699,2024,2024-05-12,23:00,Otro,HERIDO,Carrera 81 A Con Calle 49,6.2612386,-75.59883872,12,La América,1202,Calasanz
627982,2022,2022-09-13,03:50,Choque,SOLO DAÑOS,Calle 91 AB Con Carrera 79 A,6.28909661,-75.58427967,6,Doce de Octubre,0607,Kennedy
682868,2024,2024-12-10,09:00,Otro,HERIDO,AV 033 063 A 018,,,11,Laureles Estadio,,
610699,2022,2022-04-23,15:50,Choque,SOLO DAÑOS,Calle 10 Con Carrera 37,6.20913505,-75.56664069,14,El Poblado,1418,El Poblado
620405,2022,2022-07-15,15:10,Otro,HERIDO,Calle 10 Con Carrera 50,6.21364324,-75.57832075,15,Guayabal,1507,Campo Amor
626955,2022,2022-09-05,08:01,Choque,SOLO DAÑOS,Calle 57 Con Carrera 57,6.24905755,-75.54346123,8,Villa Hermosa,0807,Los Mangos
650328,2023,2023-07-21,01:45,Volcamiento,HERIDO,Calle 94 Con Carrera 63,6.28804489,-75.57117403,5,Castilla,0511,Castilla
663459,2024,2024-02-05,23:00,Volcamiento,HERIDO,Carrera 76 A Con Calle 103 D,6.3024791,-75.57530838,6,Doce de Octubre,604,Doce de Octubre No.2
623284,2022,2022-08-07,08:30,Otro,HERIDO,Calle 45 G Con Carrera 78,6.25485983,-75.59642276,12,La América,1203,Los Pinos
500373,2019,2019-07-02,13:00,Otro,HERIDO,CALLE 57 CON CARRERA 46,6.25340368,-75.56238211,10,La Candelaria,1018,Villa Nueva
589314,2021,2021-10-20,14:30,Choque,SOLO DAÑOS,CALLE 19 A CON CARRERA 43 A,6.2200816,-75.56952148,14,El Poblado,1403,Villa Carlota
512123,2019,2019-09-25,08:50,Choque,HERIDO,CALLE 98 CON CARRERA 74 B,6.29579543,-75.57751164,6,Doce de Octubre,0605,La Esperanza
653361,2023,2023-09-02,19:40,Choque,HERIDO,Calle 67 Con Carrera 50,6.26359989,-75.56047585,10,La Candelaria,1001,Prado
623231,2022,2022-08-06,19:30,Choque,SOLO DAÑOS,Calle 47 A Con Carrera 99,6.25755617,-75.61443141,13,San Javier,1308,San Javier No.2
655500,2023,2023-10-02,21:40,Otro,HERIDO,Calle 44 Con Carrera 51,6.24480598,-75.57078042,10,La Candelaria,1007,Guayaquil
514032,2019,2019-10-08,19:20,Choque,SOLO DAÑOS,CALLE 78 CON CARRERA 64 C,6.27699394,-75.57266359,5,Castilla,Inst_4,Terminal de Transporte
480353,2019,2019-01-10,07:20,Caida Ocupante,HERIDO,CALLE 59 CON TRANSVERSAL 49 B,6.25230996,-75.57577764,10,La Candelaria,1008,Corazón de Jesús
562191,2021,2021-02-21,00:00,Otro,HERIDO,CALLE 35 CON CARRERA 66 B,6.24001973,-75.5830172,11,Laureles Estadio,1105,Los Conquistadores
606595,2022,2022-03-18,15:00,Choque,SOLO DAÑOS,Calle 20 A Sur Con Carrera 28 B,6.18006235,-75.5675627,14,El Poblado,1412,San Lucas
635440,2022,2022-12-11,05:30,Choque,HERIDO,Calle 44 Con Carrera 63,6.24854018,-75.58088972,11,Laureles Estadio,1103,Naranjal
550150,2020,2020-10-23,15:30,Otro,HERIDO,CALLE 5 CON CARRERA 43 A,6.20607713,-75.57303687,14,El Poblado,1421,Patio Bonito
691533,2025,2025-04-19,04:30,Choque,HERIDO,Calle 94 Con Carrera 68,6.28862123,-75.57289251,5,Castilla,511,Castilla
620178,2022,2022-07-13,19:00,Choque,SOLO DAÑOS,Calle 55 Con Carrera 67 B,6.25984944,-75.58263077,11,Laureles Estadio,1101,Carlos E. Restrepo
609351,2022,2022-04-10,09:20,Choque,SOLO DAÑOS,Calle 55 Con Carrera 46,6.25203548,-75.56317953,10,La Candelaria,1018,Villa Nueva
503316,2019,2019-07-24,23:30,Otro,HERIDO,CALLE 40 CON CARRERA 42,6.23955973,-75.56532767,10,La Candelaria,1014,Las Palmas
563179,2021,2021-03-02,09:10,Atropello,HERIDO,CALLE 49 CON CARRERA 55,6.25037624,-75.57262572,10,La Candelaria,1006,Guayaquil
501003,2019,2019-07-08,08:00,Atropello,HERIDO,CALLE 82 C CON CARRERA 51 D,6.27765583,-75.56383763,4,Aranjuez,0415,Miranda
626770,2022,2022-09-03,17:50,Atropello,HERIDO,Calle 82 Con Carrera 42,6.27393413,-75.55073664,3,Manrique,0303,Campo Valdés No. 2
587253,2021,2021-10-04,06:00,Choque,SOLO DAÑOS,CALLE 60 CON CARRERA 74,6.26688275,-75.58928588,7,Robledo,0703,San Germán
523493,2019,2019-12-16,12:20,Choque,SOLO DAÑOS,CALLE 30 A CON CARRERA 65 B,6.23311837,-75.58504816,16,Belén,1601,Fátima
632982,2022,2022-11-04,13:00,Choque,HERIDO,Calle 3 Con Carrera 48,,,14,El Poblado,,
559879,2021,2021-02-01,05:50,Otro,HERIDO,CALLE 10 B SUR CON CARRERA 52,6.19898694,-75.58935928,15,Guayabal,1511,La Colina
492977,2019,2019-04-30,22:00,Choque,SOLO DAÑOS,CALLE 4 CON CARRERA 49,6.20914658,-75.57938411,15,Guayabal,1507,Campo Amor
586605,2021,2021-09-29,11:30,Choque,SOLO DAÑOS,CALLE 17 B SUR CON CARRERA 48,6.1885154,-75.58110331,14,El Poblado,1423,Santa María de los Ángeles
561774,2021,2021-02-17,22:00,Caida Ocupante,HERIDO,CALLE 35 CON CARRERA 66 B,6.24001973,-75.5830172,11,Laureles Estadio,1105,Los Conquistadores
621368,2022,2022-07-23,14:15,Choque,SOLO DAÑOS,Calle 103 Con Carrera 64 C,6.29768239,-75.56663576,5,Castilla,0509,Girardot
686025,2025,2025-02-07,19:30,Atropello,HERIDO,Calle 80 Con Carrera 43 A,6.27252221,-75.55263183,3,Manrique,303,Campo Valdés No.2
555499,2020,2020-12-14,04:55,Atropello,HERIDO,CALLE 44 CON CARRERA 91,6.25317346,-75.60873255,12,La América,1207,El Danubio
506072,2019,2019-08-13,12:00,Otro,HERIDO,CALLE 30 CON CARRERA 48,6.23188079,-75.57442636,10,La Candelaria,1012,Perpetuo Socorro
643340,2023,2023-04-17,05:00,Volcamiento,HERIDO,Calle 50 A Con Carrera 42,6.24743013,-75.56181766,10,La Candelaria,1016,Boston
631598,2022,2022-10-17,00:15,Atropello,HERIDO,Calle 102 B Con Carrera 82,6.30326264,-75.57965806,6,Doce de Octubre,0602,Doce de Octubre No.1
669640,2024,2024-05-11,19:00,Choque,HERIDO,Carrera 41 Con Calle 56,6.25045515,-75.55918136,10,La Candelaria,1016,Boston
633204,2022,2022-11-07,22:00,Atropello,HERIDO,Calle 115 Con Carrera 50,6.30319241,-75.55327919,2,Santa Cruz,0203,Pablo VI
613566,2022,2022-05-16,22:30,Choque,HERIDO,Calle 75 Con Carrera 72 B,6.27490413,-75.58312756,7,Robledo,0706,La Pilarica
539652,2020,2020-06-18,09:50,Choque,HERIDO,CALLE 55 A CON CARRERA 57,6.26364687,-75.57197297,10,La Candelaria,1004,El Chagualo
576807,2021,2021-07-12,12:50,Choque,HERIDO,CALLE 31 CON CARRERA 63,6.23828285,-75.57898126,16,Belén,1621,Cerro Nutibara
598734,2022,2022-01-11,09:00,Choque,SOLO DAÑOS,Calle 74 Con Carrera 64 A,6.27212616,-75.57146499,5,Castilla,0517,Caribe
501085,2019,2019-07-08,20:30,Choque,HERIDO,CALLE 58 CON CARRERA 52,6.25698965,-75.56770341,10,La Candelaria,1005,Estación Villa
619430,2022,2022-07-07,17:00,Choque,SOLO DAÑOS,Calle 66 Con Carrera 41 A,6.25989584,-75.55372537,8,Villa Hermosa,0802,La Mansión
660358,2023,2023-12-11,16:10,Choque,HERIDO,Calle 25 Con Carrera 52,6.22592655,-75.57845009,15,Guayabal,1503,Trinidad
584094,2021,2021-09-09,18:30,Choque,SOLO DAÑOS,CALLE 10 CON CARRERA 52,6.21454133,-75.58155761,15,Guayabal,1507,Campo Amor
491377,2019,2019-04-15,04:18,Choque,SOLO DAÑOS,CALLE 65 CON CARRERA 89,6.27753302,-75.59845213,7,Robledo,0717,Robledo
611333,2022,2022-04-28,17:00,Otro,HERIDO,Calle 65 Con Carrera 58,6.26047672,-75.57328816,10,La Candelaria,1004,El Chagualo
603036,2022,2022-02-18,14:30,Otro,HERIDO,Calle 55 Con Carrera 24,6.24220897,-75.5451302,8,Villa Hermosa,0810,La Libertad
667729,2024,2024-04-11,22:00,Otro,HERIDO,CL 030 A 102,,,16,Belén,,
698128,2025,2025-07-11,17:46,Choque,HERIDO,Calle 73 Con Carrera 49,6.2689077,-75.55879705,4,Aranjuez,409,Manrique Central No.1
554398,2020,2020-12-04,10:00,Choque,SOLO DAÑOS,CALLE 47 B CON CARRERA 103 A,6.25838964,-75.61941488,13,San Javier,1318,Antonio Nariño
569112,2021,2021-05-06,11:20,Choque,SOLO DAÑOS,CALLE 52 CON CARRERA 42,6.24817999,-75.56144465,10,La Candelaria,1016,Boston
549590,2020,2020-10-17,23:59,Choque,HERIDO,CALLE 26 CON CARRERA 38,6.22464718,-75.56524268,9,Buenos Aires,0915,Asomadera No. 2
525186,2019,2019-12-29,18:15,Choque,SOLO DAÑOS,CALLE 50 CON CARRERA 78 A,6.26273969,-75.59491109,11,Laureles Estadio,1114,Los Colores
685579,2025,2025-02-01,14:45,Otro,HERIDO,Calle 79 Con Carrera 46,6.27212476,-75.55530918,4,Aranjuez,410,Campo Valdés No.1
569498,2021,2021-05-10,16:00,Choque,SOLO DAÑOS,CALLE 42 A CON CARRERA 55,6.24485561,-75.57525131,10,La Candelaria,Inst_17,Centro Administrativo
499579,2019,2019-06-25,08:50,Choque,SOLO DAÑOS,CALLE 14 CON CARRERA 48,6.21495874,-75.57615305,14,El Poblado,1419,Villa Carlota
686765,2025,2025-02-17,15:00,Choque,HERIDO,Calle 58 Con Carrera 57,6.25749429,-75.57104079,10,La Candelaria,1005,Estación Villa
679777,2024,2024-10-21,12:30,Otro,HERIDO,CL 104 078,,,6,Doce de Octubre,,
672815,2024,2024-07-04,18:50,Choque,HERIDO,Calle 91 Con Carrera 51,6.28258868,-75.56117421,4,Aranjuez,413,Aranjuez
674380,2024,2024-07-29,12:30,Choque,HERIDO,Carrera 50 Con Calle 25,6.22535334,-75.57709734,15,Guayabal,1504,Santa Fé
642493,2023,2023-04-02,04:10,Choque,HERIDO,Calle 11 Con Carrera 43 D,6.21230181,-75.57212727,14,El Poblado,1419,Manila
656427,2023,2023-10-16,15:15,Otro,HERIDO,Calle 105 Con Carrera 46,6.2944497,-75.55284196,2,Santa Cruz,0207,Villa del Socorro
517988,2019,2019-11-06,12:40,Atropello,HERIDO,CALLE 74 CON CARRERA 47,6.26859509,-75.55669975,4,Aranjuez,0409,Manrique Central No. 1
605614,2022,2022-03-11,06:40,Otro,HERIDO,Calle 4  Sur Con Carrera 49,6.20378337,-75.57914214,14,El Poblado,1422,La Aguacatala
519999,2019,2019-11-21,07:50,Volcamiento,HERIDO,CALLE 92 CON CARRERA 70,6.28561211,-75.57542692,5,Castilla,0513,Francisco Antonio Zea
526005,2020,2020-01-07,16:00,Choque,HERIDO,CALLE 44 CON CARRERA 80,6.2507671,-75.60248345,12,La América,1204,La América
694971,2025,2025-06-02,10:30,Otro,HERIDO,Calle 88 Con Carrera 45,6.28060316,-75.55316145,4,Aranjuez,411,Las Esmeraldas
693163,2025,2025-05-10,11:00,Otro,HERIDO,Calle 55 Con Carrera 70,6.26149566,-75.58510494,11,Laureles Estadio,1115,Cuarta Brigada
509748,2019,2019-09-09,03:00,Otro,HERIDO,CALLE 92 CON CARRERA 47,6.28323758,-75.554914,4,Aranjuez,0412,La Piñuela
652471,2023,2023-08-21,01:00,Otro,HERIDO,Calle 56 Con Carrera 20,6.23949938,-75.54351311,8,Villa Hermosa,0812,La Libertad
581737,2021,2021-08-21,13:00,Atropello,HERIDO,CALLE 28 CON CARRERA 65,6.22863332,-75.58297239,15,Guayabal,1503,Trinidad
514436,2019,2019-10-11,15:40,Choque,SOLO DAÑOS,CALLE 59 CON CARRERA 51 D,6.25785771,-75.56654086,10,La Candelaria,1003,Jesús Nazareno
664910,2024,2024-02-28,12:00,Atropello,HERIDO,Carrera 46 Con Calle 45,6.24491657,-75.56766781,10,La Candelaria,1013,Barrio Colón
527238,2020,2020-01-18,08:50,Choque,SOLO DAÑOS,CALLE 33 CON CARRERA 51,6.2338212,-75.57482884,10,La Candelaria,1012,Perpetuo Socorro
644040,2023,2023-04-27,19:00,Otro,HERIDO,Calle 41 Con Carrera 57,6.24240911,-75.57681733,10,La Candelaria,Inst_16,La Alpujarra
627847,2022,2022-09-12,01:00,Otro,MUERTO,Calle 80 Con Carrera 75,6.28248872,-75.58171147,7,Robledo,0710,López de Mesa
614639,2022,2022-05-26,08:45,Choque,SOLO DAÑOS,Calle 10 Con Carrera 26 A,6.20858149,-75.55680232,14,El Poblado,1407,Las Lomas No.2
520890,2019,2019-11-28,01:40,Volcamiento,HERIDO,CALLE 59 A CON CARRERA 64,6.25975411,-75.57517193,7,Robledo,Inst_8,Universidad Nacional
544963,2020,2020-08-30,17:30,Choque,SOLO DAÑOS,CALLE 85 CON TRANSVERSAL 79 C,6.28419831,-75.58467286,7,Robledo,0711,El Diamante
618781,2022,2022-07-01,16:59,Choque,SOLO DAÑOS,Calle 25 Con Carrera 51,6.22538614,-75.57675499,15,Guayabal,1504,Santa Fé
652292,2023,2023-08-18,17:00,Otro,HERIDO,Calle 30 Con Carrera 43 A,6.22976619,-75.56972478,10,La Candelaria,1020,San Diego
650641,2023,2023-07-25,20:30,Choque,HERIDO,Calle 6  Sur Con Carrera 43 A,6.19914661,-75.57360521,14,El Poblado,1415,Los Balsos No.2
663627,2024,2024-02-08,09:00,Volcamiento,HERIDO,Calle 6 Con Carrera 25,6.20221412,-75.55615847,14,El Poblado,1409,El Tesoro
499420,2019,2019-06-23,19:00,Choque,SOLO DAÑOS,CALLE 104 CON CARRERA 64 C,6.30339931,-75.56155025,5,Castilla,0502,Las Brisas
638903,2023,2023-02-06,18:55,Choque,HERIDO,Calle 55 Con Carrera 74,6.26475364,-75.58753334,11,Laureles Estadio,1114,Los Colores
614428,2022,2022-05-24,10:30,Choque,HERIDO,Calle 78 B Con Carrera 88,6.28670733,-75.58975181,7,Robledo,0711,Aures No.1
615626,2022,2022-06-03,21:00,Choque,SOLO DAÑOS,Calle 30 A Con Carrera 81,6.23195224,-75.60214669,16,Belén,1603,Belén
596627,2021,2021-12-19,17:00,Atropello,HERIDO,CALLE 56 BB CON CARRERA 21,6.24180969,-75.54195757,8,Villa Hermosa,0812,La Libertad
484231,2019,2019-02-13,12:30,Caida Ocupante,HERIDO,CALLE 100 CON CARRERA 50 C,6.29233607,-75.55924103,2,Santa Cruz,0210,Santa Cruz
658097,2023,2023-11-08,04:45,Choque,HERIDO,Calle 42 Con Carrera 63,6.24716355,-75.58205641,11,Laureles Estadio,1104,San Joaquín
676475,2024,2024-08-30,18:30,Choque,HERIDO,CL 065 D 145,,,11,Laureles Estadio,,
524581,2019,2019-12-24,05:15,Choque,HERIDO,CALLE 10 CON CARRERA 52,6.21454133,-75.58155761,15,Guayabal,1507,Campo Amor
661807,2024,2024-01-12,16:46,Choque,HERIDO,Calle 30 A Con Carrera 80,6.23201029,-75.60066666,16,Belén,1603,Belén
557112,2020,2020-12-29,17:38,Atropello,HERIDO,CALLE 42 C CON CARRERA 63,6.24421105,-75.57979909,11,Laureles Estadio,1105,Los Conquistadores
487348,2019,2019-03-11,15:00,Choque,SOLO DAÑOS,CALLE 91 CON CARRERA 65,6.28232505,-75.5719957,5,Castilla,0514,Alfonso López
642527,2023,2023-04-02,17:35,Choque,HERIDO,Calle 49 B Con Carrera 65,6.25555835,-75.58125579,11,Laureles Estadio,1102,Suramericana
561335,2021,2021-02-13,16:30,Otro,HERIDO,CALLE 34 CON CARRERA 63,6.24024038,-75.57875111,11,Laureles Estadio,1105,Los Conquistadores
577149,2021,2021-07-15,06:56,Atropello,HERIDO,CALLE 48 A CON CARRERA 95,6.25883056,-75.61132227,13,San Javier,1306,La Pradera
591353,2021,2021-11-07,16:00,Otro,HERIDO,CALLE 2 B CON CARRERA 81 A,6.21111547,-75.60439866,16,Belén,1610,El Rincón
592206,2021,2021-11-14,12:00,Choque,HERIDO,CALLE 50 CON CARRERA 80,6.26362588,-75.59697998,12,La América,1202,Calasanz
653768,2023,2023-09-09,05:15,Atropello,HERIDO,Calle 39 Con Carrera 36,6.23672331,-75.56183781,9,Buenos Aires,0912,El Salvador
602387,2022,2022-02-13,17:20,Caida Ocupante,HERIDO,Calle 41 Con Carrera 62,6.24199672,-75.57763096,10,La Candelaria,Inst_16,La Alpujarra
489072,2019,2019-03-26,16:20,Otro,HERIDO,CALLE 66 CON CARRERA 131,6.2811179,-75.6367792,60,Corregimiento de San Cristóbal,6000,Cabecera Urbana San Cristobal
509672,2019,2019-09-08,08:00,Choque,HERIDO,CALLE 30 A CON CARRERA 80,6.2320103,-75.60066666,16,Belén,1603,Belén
628997,2022,2022-09-20,18:50,Choque,HERIDO,Calle 3  Sur Con Carrera 51,6.20520526,-75.58438729,15,Guayabal,1509,Cristo Rey
663829,2024,2024-02-11,14:30,Otro,HERIDO,Carrera 43 B Con Calle 9,6.21010913,-75.57143195,14,El Poblado,1420,Astorga
667737,2024,2024-04-12,06:07,Choque,HERIDO,Carrera 51 Con Calle 81,6.27509347,-75.56246443,4,Aranjuez,415,Miranda
587045,2021,2021-10-02,12:30,Choque,SOLO DAÑOS,CALLE 6 SUR CON CARRERA 50 EE,6.20304038,-75.58465809,15,Guayabal,1509,Cristo Rey
480761,2019,2019-01-14,12:00,Choque,HERIDO,CALLE 15 B CON CARRERA 35 A,6.21554772,-75.5641386,14,El Poblado,1404,Castropol
687394,2025,2025-02-25,11:15,Otro,HERIDO,Calle 25 Con Carrera 65 G,6.22523392,-75.5871691,15,Guayabal,1503,Trinidad
579768,2021,2021-08-05,10:20,Choque,SOLO DAÑOS,CALLE 55 CON CARRERA 62,6.25884013,-75.5736201,10,La Candelaria,1006,San Benito
566838,2021,2021-04-07,18:04,Choque,SOLO DAÑOS,CALLE 104 CON CARRERA 67,6.30102582,-75.56729436,5,Castilla,0509,Tejelo
556961,2020,2020-12-28,06:00,Choque,HERIDO,CALLE 80 CON CARRERA 47,6.27310015,-75.55590015,4,Aranjuez,0410,Campo Valdés No. 1
545340,2020,2020-09-03,20:30,Atropello,HERIDO,CALLE 30 AC CON CARRERA 89 C,6.23217394,-75.61435881,16,Belén,1616,Las Violetas
678610,2024,2024-10-02,21:15,Otro,HERIDO,CL 066 096,,,5,Castilla,,
579650,2021,2021-08-04,10:00,Choque,HERIDO,CALLE 45 SUR CON CARRERA 76,6.18157288,-75.65459502,80,Corregimiento de San Antonio de Prado,8098,Área de Expansión San Antonio de Prado
623696,2022,2022-08-10,08:30,Atropello,HERIDO,Calle 50 Con Carrera 64 B,6.25539954,-75.57940873,11,Laureles Estadio,1101,Carlos E. Restrepo
553512,2020,2020-11-26,18:40,Choque,HERIDO,CALLE 24 CON CARRERA 48,6.22568434,-75.57504458,14,El Poblado,1401,Villa Carlota
492866,2019,2019-04-29,20:30,Otro,HERIDO,CALLE 100 CON CARRERA 49 C,6.2919004,-75.55664844,2,Santa Cruz,0210,Santa Cruz
531123,2020,2020-02-15,10:00,Choque,SOLO DAÑOS,CALLE 63 CON CARRERA 94 B,6.27923685,-75.60611782,7,Robledo,0718,Cucaracho
529906,2020,2020-02-06,15:00,Otro,HERIDO,CALLE 29 CON CARRERA 43,6.22809294,-75.56881172,10,La Candelaria,1020,San Diego
572018,2021,2021-06-01,18:30,Choque,SOLO DAÑOS,CALLE 30 CON CARRERA 44,6.22999216,-75.57083839,10,La Candelaria,1012,Perpetuo Socorro
500988,2019,2019-07-07,22:00,Otro,HERIDO,CALLE 28 CON CARRERA 76,6.22955341,-75.59608673,16,Belén,1604,Belén
629581,2022,2022-09-25,21:10,Choque,SOLO DAÑOS,Calle 31 A Con Carrera 83 B,6.23846737,-75.60855447,11,Laureles Estadio,1110,Las Mercedes
628424,2022,2022-09-16,07:04,Otro,HERIDO,Calle 93 Con Carrera 64 C,6.28720688,-75.56982048,5,Castilla,Inst_2,Oleoducto
543439,2020,2020-08-11,11:00,Choque,SOLO DAÑOS,CALLE 32 B CON CARRERA 75 A,6.23500789,-75.59589678,16,Belén,1603,Belén
599434,2022,2022-01-18,15:50,Choque,HERIDO,Calle 44 Con Carrera 57,6.24625198,-75.57519767,10,La Candelaria,Inst_17,Centro Administrativo
522568,2019,2019-12-10,08:10,Choque,HERIDO,CALLE 18 CON CARRERA 48,6.22013939,-75.5754467,14,El Poblado,1403,Villa Carlota
589222,2021,2021-10-19,19:05,Atropello,HERIDO,CALLE 31 A CON CARRERA 89,6.23629531,-75.61300206,16,Belén,1617,Area De Expansion El Noral
578486,2021,2021-07-25,16:00,Choque,SOLO DAÑOS,CALLE 85 CON CARRERA 84,6.30301564,-75.58361975,6,Doce de Octubre,0610,Mirador del Doce
643321,2023,2023-04-16,18:00,Choque,HERIDO,Calle 65 Con Carrera 80,6.27341491,-75.59308412,7,Robledo,Inst_5,Facultad de Minas U. Nacional
693699,2025,2025-05-16,22:00,Choque,HERIDO,Calle 9  Sur Con Carrera 55 D,6.20187967,-75.59413939,15,Guayabal,Inst_20,El Rodeo
616610,2022,2022-06-12,13:30,Choque,HERIDO,Calle 26 Con Carrera 72,6.22736882,-75.59305028,16,Belén,1605,San Bernardo
595728,2021,2021-12-12,16:40,Atropello,HERIDO,CALLE 98 CON CARRERA 39,6.28915846,-75.54784722,1,Popular,0105,Moscú No. 2
658556,2023,2023-11-15,08:00,Caida Ocupante,HERIDO,Calle 2  Sur Con Carrera 48,6.20293004,-75.57716326,14,El Poblado,1422,La Aguacatala
674851,2024,2024-08-05,08:20,Otro,HERIDO,Carrera 65 Con Calle 74,6.27328358,-75.57462486,5,Castilla,517,Caribe
595884,2021,2021-12-14,05:35,Volcamiento,HERIDO,CALLE 94 A CON CARRERA 63,6.29370617,-75.56368184,5,Castilla,0510,Tricentenario
631781,2022,2022-10-19,15:00,Otro,HERIDO,Calle 113 Con Carrera 64 C,6.30935059,-75.55832917,5,Castilla,0501,Toscana
681521,2024,2024-11-18,09:30,Choque,HERIDO,CL 062 058,6.26225284,-75.57244727,10,La Candelaria,1004,El Chagualo
637797,2023,2023-01-20,19:15,Choque,HERIDO,Calle 50 Con Carrera 62,6.25384772,-75.57642315,10,La Candelaria,1006,San Benito
578683,2021,2021-07-27,09:04,Otro,HERIDO,CALLE 47 CON CARRERA 30,6.2391577,-75.55380527,9,Buenos Aires,0907,Buenos Aires
653879,2023,2023-09-10,20:30,Choque,HERIDO,Calle 101 AB Con Carrera 72,6.29836598,-75.57279547,5,Castilla,0509,Pedregal
495143,2019,2019-05-17,21:42,Caida Ocupante,HERIDO,CALLE 48 CON CARRERA 57,6.25016827,-75.57523336,10,La Candelaria,1008,Corazón de Jesús
589543,2021,2021-10-22,10:30,Choque,SOLO DAÑOS,CALLE 58 CON CARRERA 34,6.24913864,-75.55295728,8,Villa Hermosa,0808,Enciso
644961,2023,2023-05-10,07:30,Otro,HERIDO,Calle 93 Con Carrera 64 C,6.28720688,-75.56982048,5,Castilla,Inst_2,Oleoducto
539482,2020,2020-06-15,19:40,Caida Ocupante,HERIDO,CALLE 50 CON CARRERA 81 B,6.26412732,-75.59902163,12,La América,1202,Calasanz
520736,2019,2019-11-26,16:00,Choque,HERIDO,CALLE 5 CON CARRERA 52,6.21135531,-75.58410633,15,Guayabal,1507,Campo Amor
540556,2020,2020-06-29,21:30,Choque,HERIDO,CALLE 76 CON CARRERA 44,6.26925736,-75.55356253,3,Manrique,0306,Campo Valdés No. 2
497260,2019,2019-06-05,18:05,Choque,SOLO DAÑOS,CALLE 67 CON CARRERA 64 C,6.26572662,-75.57502301,5,Castilla,0517,Caribe
641123,2023,2023-03-11,01:30,Choque,HERIDO,Calle 48 DD Con Carrera 99 F,6.26657691,-75.61517905,13,San Javier,1307,Juan XXIII La Quiebra
690406,2025,2025-04-03,21:25,Choque,HERIDO,Calle 83 B Con Carrera 53 A,6.27755736,-75.56475459,4,Aranjuez,404,Bermejal-Los Álamos
556761,2020,2020-12-24,17:30,Choque,SOLO DAÑOS,CALLE 80 CON CARRERA 80,6.18661632,-75.65660126,80,Corregimiento de San Antonio de Prado,8000,Cabecera San Antonio de Prado
598629,2022,2022-01-09,09:00,Otro,HERIDO,Calle 57 Con Carrera 17 B,6.2493207,-75.53931975,8,Villa Hermosa,0806,Los Mangos
691470,2025,2025-04-17,20:00,Otro,HERIDO,Calle 41 C Sur Con Carrera 67,6.18296054,-75.64824201,80,Corregimiento de San Antonio de Prado,AUC2,San Antonio de Prado
565596,2021,2021-03-24,18:10,Choque,HERIDO,CALLE 14 CON CARRERA 43 F,6.21530833,-75.57355586,14,El Poblado,1403,Villa Carlota
628295,2022,2022-09-15,08:20,Choque,HERIDO,Calle 32 Con Carrera 70,6.23446954,-75.59154165,16,Belén,1602,Rosales
671260,2024,2024-06-08,14:00,Otro,HERIDO,Carrera 62 Con Calle 43,6.24615392,-75.5791373,10,La Candelaria,Inst_16,La Alpujarra
671800,2024,2024-06-17,11:15,Otro,HERIDO,Carrera 25 Con Calle 12  Sur,6.18696877,-75.56168755,14,El Poblado,1411,Los Balsos No.1
673185,2024,2024-07-10,19:50,Choque,HERIDO,Carrera 72 Con Calle 26 B,6.22844813,-75.59268653,16,Belén,1605,San Bernardo
588013,2021,2021-10-09,15:10,Choque,SOLO DAÑOS,CALLE 38 CON CARRERA 77,6.24540425,-75.59878807,11,Laureles Estadio,1108,Laureles
531286,2020,2020-02-16,16:30,Choque,HERIDO,CALLE 81 CON CARRERA 43,6.27327791,-75.55192786,3,Manrique,0303,Campo Valdés No. 2
480462,2019,2019-01-11,09:00,Atropello,HERIDO,CALLE 50 CON CARRERA 64 B,6.25539954,-75.57940873,11,Laureles Estadio,1101,Carlos E. Restrepo
509621,2019,2019-09-07,19:30,Choque,SOLO DAÑOS,CALLE 31 CON CARRERA 81,6.23340294,-75.60218869,16,Belén,1603,Belén
566800,2021,2021-04-07,12:10,Choque,HERIDO,CALLE 10 A CON CARRERA 43 F,6.20910817,-75.49777652,90,Corregimiento de Santa Elena,9006,El Cerro
657163,2023,2023-10-26,05:15,Choque,HERIDO,Calle 70 Con Carrera 47,6.26532337,-75.55635681,4,Aranjuez,0409,Manrique Central No. 1
624800,2022,2022-08-19,07:20,Choque,SOLO DAÑOS,Calle 44 Con Carrera 73,6.24957616,-75.59226188,11,Laureles Estadio,1107,Lorena
700895,2025,2025-08-12,22:07,Otro,HERIDO,Calle 86 Con Carrera 45,6.27952611,-75.55300191,4,Aranjuez,411,Las Esmeraldas
569772,2021,2021-05-13,07:40,Caida Ocupante,HERIDO,CALLE 49 B CON CARRERA 56,6.25111516,-75.5744593,10,La Candelaria,1006,Guayaquil
646644,2023,2023-05-31,17:30,Atropello,HERIDO,Calle 82 Con Carrera 52,6.27634633,-75.56422233,4,Aranjuez,0405,Moravia
522770,2019,2019-12-11,13:45,Volcamiento,HERIDO,CALLE 65 CON CARRERA 70,6.26225775,-75.58420479,7,Robledo,Inst_7,Nueva Villa de la Iguaná
485716,2019,2019-02-25,08:30,Choque,SOLO DAÑOS,CALLE 52 A CON CARRERA 41,6.24782506,-75.5595977,10,La Candelaria,1016,Boston
599448,2022,2022-01-18,18:25,Choque,SOLO DAÑOS,Calle 30 Con Carrera 80,6.23123883,-75.60064487,16,Belén,1603,Belén
643975,2023,2023-04-26,16:00,Otro,HERIDO,Calle 65 GG Con Carrera 40,6.25635115,-75.5531044,8,Villa Hermosa,0801,Villa Hermosa
697942,2025,2025-07-09,08:30,Otro,HERIDO,Calle 60 Con Carrera 48,6.25661259,-75.56187443,10,La Candelaria,1001,Prado
605569,2022,2022-03-10,17:30,Choque,SOLO DAÑOS,Calle 10 Con Carrera 49,6.21362121,-75.57760421,14,El Poblado,1419,Manila
493964,2019,2019-05-08,21:30,Atropello,HERIDO,CALLE 40 CON CARRERA 55,6.24061573,-75.57493867,10,La Candelaria,1011,Calle Nueva
572749,2021,2021-06-08,10:00,Volcamiento,HERIDO,CALLE 56 CON CARRERA 36,6.24761523,-75.55467618,10,La Candelaria,1016,Boston
625546,2022,2022-08-25,06:40,Choque,HERIDO,Calle 32 B Con Carrera 76 A,6.23500345,-75.59682332,16,Belén,1620,El Nogal-Los Almendros
610505,2022,2022-04-22,06:15,Choque,SOLO DAÑOS,Calle 2  Sur Con Carrera 51,6.20586228,-75.58411699,15,Guayabal,1509,Cristo Rey
513047,2019,2019-10-01,19:00,Choque,HERIDO,CALLE 29 B CON CARRERA 55,6.22956135,-75.5798119,15,Guayabal,1502,Tenche
622555,2022,2022-08-02,07:00,Choque,SOLO DAÑOS,Calle 10 Con Carrera 76,6.22000339,-75.59868475,16,Belén,1606,Las Playas
498468,2019,2019-06-15,11:00,Atropello,HERIDO,CALLE 93 CON CARRERA 65,6.28917835,-75.57043284,5,Castilla,0511,Castilla
535959,2020,2020-04-06,20:50,Caida Ocupante,HERIDO,CALLE 52 B CON CARRERA 80,6.26619877,-75.59611188,12,La América,1202,Ferrini
541521,2020,2020-07-10,22:00,Choque,SOLO DAÑOS,CALLE 45 CON CARRERA 46,6.24500986,-75.56788408,10,La Candelaria,1013,Barrio Colón
587165,2021,2021-10-03,10:00,Otro,HERIDO,CALLE 101 CON CARRERA 49,6.29243612,-75.555739,2,Santa Cruz,0210,Santa Cruz
552781,2020,2020-11-20,07:35,Choque,SOLO DAÑOS,CALLE 52 CON CARRERA 47,6.2495142,-75.56559538,10,La Candelaria,1019,La Candelaria
569536,2021,2021-05-10,20:30,Choque,SOLO DAÑOS,CALLE 62 CON CARRERA 108,6.27427775,-75.61750713,7,Robledo,0720,Santa Margarita
550685,2020,2020-10-29,07:15,Choque,HERIDO,CALLE 70 CON CARRERA 39,6.26476111,-75.5499881,3,Manrique,0308,Manrique Oriental
544147,2020,2020-08-20,20:40,Volcamiento,HERIDO,CALLE 50 CON CARRERA 67,6.25695049,-75.58301041,11,Laureles Estadio,1102,Suramericana
482628,2019,2019-01-30,14:00,Caida Ocupante,HERIDO,CALLE 30 CON CARRERA 49,6.22960141,-75.57619025,15,Guayabal,1504,Santa Fé
659599,2023,2023-11-30,22:15,Choque,HERIDO,Calle 66 Con Carrera 89,6.27855048,-75.59710571,7,Robledo,0718,Cucaracho
666321,2024,2024-03-20,08:00,Caida Ocupante,HERIDO,Calle 24 Con Carrera 44,6.22559125,-75.57400027,14,El Poblado,1403,Villa Carlota
691103,2025,2025-04-12,20:00,Otro,HERIDO,Calle 29 Con Carrera 52,6.22818724,-75.57846954,15,Guayabal,1503,Trinidad
680631,2024,2024-11-02,18:45,Atropello,HERIDO,CL 082 045,6.27448941,-75.55383481,3,Manrique,303,Campo Valdés No.2
645986,2023,2023-05-23,06:00,Otro,HERIDO,Calle 44 Con Carrera 45,6.24356483,-75.567635,10,La Candelaria,1013,Barrio Colón
664336,2024,2024-02-19,09:50,Choque,HERIDO,Calle 53 Con Carrera 45,6.25058805,-75.56383557,10,La Candelaria,1019,La Candelaria
528580,2020,2020-01-27,18:00,Atropello,HERIDO,CALLE 44 CON CARRERA 57,6.24671613,-75.57612411,10,La Candelaria,1008,Corazón de Jesús
603343,2022,2022-02-21,06:50,Choque,HERIDO,Calle 65 F Con Carrera 48,6.26154651,-75.55873994,10,La Candelaria,1001,Prado
640467,2023,2023-03-02,14:50,Volcamiento,HERIDO,Calle 46 Con Carrera 41,6.2425837,-75.56314735,10,La Candelaria,1015,Bomboná No. 1
671908,2024,2024-06-18,23:34,Otro,HERIDO,CL 072 066,,,5,Castilla,,
622287,2022,2022-07-31,05:40,Choque,SOLO DAÑOS,Calle 80 Con Carrera 87 A,6.28699191,-75.58747941,7,Robledo,0711,El Diamante
678874,2024,2024-10-06,18:10,Choque,HERIDO,CL 045 078,6.25138642,-75.5967621,12,La América,1203,Los Pinos
607511,2022,2022-03-26,13:20,Choque,SOLO DAÑOS,Calle 37 Con Carrera 47,6.23807596,-75.57248767,10,La Candelaria,1012,Perpetuo Socorro
573523,2021,2021-06-15,06:50,Otro,HERIDO,CALLE 33 C CON CARRERA 84,6.2426166,-75.60562267,11,Laureles Estadio,1110,La Castellana
649961,2023,2023-07-15,16:30,Choque,HERIDO,Calle 12 Con Carrera 43 A,6.21301652,-75.56991612,14,El Poblado,1405,Lalinde
535327,2020,2020-03-18,11:40,Choque,SOLO DAÑOS,CALLE 49 CON CARRERA 4,6.23006744,-75.53400107,9,Buenos Aires,0902,Barrio de Jesús
511316,2019,2019-09-19,15:00,Otro,HERIDO,CALLE 4 SUR CON CARRERA 50,6.20293397,-75.58025386,15,Guayabal,1509,Cristo Rey
656588,2023,2023-10-18,15:30,Otro,HERIDO,Calle 30 Con Carrera 85,6.23115443,-75.60833251,16,Belén,1615,Los Alpes
644556,2023,2023-05-04,16:20,Otro,HERIDO,Calle 48 Con Carrera 95,6.25816159,-75.61123062,13,San Javier,1308,Santa Lucía
540682,2020,2020-07-01,12:10,Choque,SOLO DAÑOS,CALLE 5 SUR CON CARRERA 88 B,6.20816292,-75.60887609,70,Corregimiento de Altavista,7007,Altavista Sector Central
559980,2021,2021-02-01,23:00,Choque,SOLO DAÑOS,CALLE 7 A CON CARRERA 30,6.20275524,-75.56176864,14,El Poblado,1409,La Florida
514967,2019,2019-10-15,20:45,Caida Ocupante,HERIDO,CALLE 1 CON CARRERA 75 D,6.21101313,-75.59496393,16,Belén,1607,Diego Echavarría
607604,2022,2022-03-27,09:00,Otro,HERIDO,Calle 71 Con Carrera 36,6.26564425,-75.54783034,3,Manrique,0308,Manrique Oriental
651845,2023,2023-08-12,15:00,Choque,HERIDO,Calle 18 Con Carrera 113,,,70,Corregimiento de Altavista,,
587211,2021,2021-10-03,16:30,Choque,SOLO DAÑOS,CALLE 57 C CON CARRERA 24 BB,6.2482887,-75.54690979,8,Villa Hermosa,0807,Los Mangos
631712,2022,2022-10-18,19:20,Otro,HERIDO,Calle 94 Con Carrera 65,6.28816495,-75.57151914,5,Castilla,0511,Castilla
631866,2022,2022-10-20,17:00,Choque,HERIDO,Calle 32 F Con Carrera 78,6.23834626,-75.59834705,16,Belén,1620,El Nogal-Los Almendros
657310,2023,2023-10-28,02:50,Choque,HERIDO,Calle 12  Sur Con Carrera 52,6.19763443,-75.58978021,15,Guayabal,1510,Guayabal
683587,2024,2024-12-20,20:23,Choque,HERIDO,CL  065   075  097 00000,6.27083496,-75.58819011,7,Robledo,703,San Germán
671347,2024,2024-06-10,11:00,Otro,HERIDO,Carrera 74 Con Calle 108,6.30684186,-75.57045153,5,Castilla,504,Tejelo
598444,2022,2022-01-06,22:00,Choque,SOLO DAÑOS,Calle 65 Con Carrera 51,6.26228985,-75.56383096,10,La Candelaria,1001,Prado
649684,2023,2023-07-11,16:50,Atropello,HERIDO,Calle 79 Con Carrera 72 A,6.27840014,-75.58045623,7,Robledo,0708,Altamira
697408,2025,2025-07-03,05:30,Atropello,HERIDO,Calle 111 Con Carrera 79 B,6.30922184,-75.57604566,6,Doce de Octubre,601,Santander
613080,2022,2022-05-12,21:00,Choque,SOLO DAÑOS,Calle 61 Con Carrera 49,6.25762317,-75.56203811,10,La Candelaria,1001,Prado
523902,2019,2019-12-19,09:00,Choque,SOLO DAÑOS,CALLE 30 CON CARRERA 81,6.23086329,-75.602312,16,Belén,1614,La Palma
544339,2020,2020-08-23,10:35,Choque,HERIDO,CALLE 46 CON CARRERA 40,6.24211705,-75.56247398,10,La Candelaria,1015,Bomboná No. 1
606284,2022,2022-03-16,10:20,Atropello,HERIDO,Carrera 34 A Con Avenida 80,,,11,Laureles Estadio,,
518250,2019,2019-11-08,08:50,Choque,SOLO DAÑOS,CALLE 16 A SUR CON CARRERA 43 A,6.18978273,-75.57708172,14,El Poblado,1414,El Diamante No. 2
568357,2021,2021-04-27,06:55,Choque,SOLO DAÑOS,CALLE 50 CON CARRERA 46,6.24828804,-75.56510766,10,La Candelaria,1019,La Candelaria
644209,2023,2023-04-29,21:50,Choque,HERIDO,Calle 58 Con Carrera 49,6.25547889,-75.56342613,10,La Candelaria,1001,Villa Nueva
682203,2024,2024-11-30,01:00,Otro,HERIDO,CR 074 022 054,6.22585023,-75.59508778,16,Belén,1605,San Bernardo
506153,2019,2019-08-14,05:20,Caida Ocupante,HERIDO,CALLE 30 CON CARRERA 50,6.23187752,-75.57442722,10,La Candelaria,1012,Perpetuo Socorro
696660,2025,2025-06-23,04:40,Otro,HERIDO,Calle 65 Con Carrera 48,6.26077784,-75.55922056,10,La Candelaria,1001,Prado
688955,2025,2025-03-16,13:50,Choque,HERIDO,Calle 62 B Con Carrera 105 C,6.27628821,-75.61601793,7,Robledo,720,Santa Margarita
634437,2022,2022-11-26,05:40,Volcamiento,HERIDO,Calle 27 Con Carrera 48,6.23072741,-75.57475276,14,El Poblado,1401,Barrio Colombia
699104,2025,2025-07-23,20:10,Choque,HERIDO,Carrera 73 Con Diagonal 74 B,,,N/D,N/D,,
597181,2021,2021-12-24,06:10,Atropello,HERIDO,CALLE 10 CON CARRERA 43 B,6.21085248,-75.5711475,14,El Poblado,1420,Astorga
553965,2020,2020-11-30,18:00,Volcamiento,HERIDO,CALLE 92 C CON CARRERA 89,6.28996913,-75.58656043,7,Robledo,0712,Aures No. 2
617868,2022,2022-06-23,05:50,Atropello,HERIDO,Calle 29 Con Carrera 52,6.22772187,-75.57777852,15,Guayabal,1503,Trinidad
625473,2022,2022-08-24,10:20,Choque,HERIDO,Calle 14 Con Carrera 43 A,6.21466855,-75.56989855,14,El Poblado,1404,Lalinde
584614,2021,2021-09-13,21:30,Choque,HERIDO,CALLE 78 CON CARRERA 64 C,6.27699394,-75.57266359,5,Castilla,Inst_4,Terminal de Transporte
593895,2021,2021-11-28,03:58,Choque,MUERTO,CALLE 39 D CON CARRERA 108,6.25333047,-75.62132117,13,San Javier,1310,Veinte de Julio
660202,2023,2023-12-09,00:20,Otro,HERIDO,Calle 117 Con Carrera 51,6.30352812,-75.55317654,2,Santa Cruz,0203,Pablo VI
692825,2025,2025-05-05,14:44,Atropello,HERIDO,Calle 57 Con Carrera 57,6.2572142,-75.57126701,10,La Candelaria,1005,Estación Villa
599221,2022,2022-01-16,12:10,Choque,SOLO DAÑOS,Carrera 65 Con Transversal 78,6.27540582,-75.5737457,5,Castilla,0519,El Progreso
600570,2022,2022-01-29,12:15,Choque,SOLO DAÑOS,Calle 57 Con Carrera 76 A,6.26702517,-75.59063662,11,Laureles Estadio,1114,Los Colores
503246,2019,2019-07-24,14:00,Otro,HERIDO,CALLE 67 CON CARRERA 48,6.26309782,-75.55767356,10,La Candelaria,1001,Prado
564238,2021,2021-03-11,20:10,Choque,HERIDO,CALLE 44 CON CARRERA 53,6.24489594,-75.57152908,10,La Candelaria,Inst_17,Centro Administrativo
498048,2019,2019-06-12,06:10,Choque,HERIDO,CALLE 45 CON CARRERA 57,6.24754481,-75.57505907,10,La Candelaria,1007,Guayaquil
511558,2019,2019-09-21,06:30,Caida Ocupante,HERIDO,CALLE 55 CON CARRERA 33,6.24590395,-75.55325084,8,Villa Hermosa,0809,Sucre
538839,2020,2020-06-06,14:54,Choque,SOLO DAÑOS,CALLE 82 CON CARRERA 51 B,6.27612797,-75.56288553,4,Aranjuez,0415,Miranda
591641,2021,2021-11-10,06:00,Choque,HERIDO,CALLE 44 CON CARRERA 57,6.24625198,-75.57519767,10,La Candelaria,Inst_17,Centro Administrativo
494319,2019,2019-05-11,08:20,Choque,HERIDO,CALLE 2 CON CARRERA 50,6.20739849,-75.57930939,15,Guayabal,1509,Cristo Rey
516114,2019,2019-10-23,18:00,Volcamiento,HERIDO,CALLE 64 CON CARRERA 68,,,10,La Candelaria,Sin inf,Sin inf
671472,2024,2024-06-11,22:00,Atropello,HERIDO,CL 049 006 A,,,9,Buenos Aires,,
586768,2021,2021-09-30,12:00,Choque,SOLO DAÑOS,CALLE 37 CON CARRERA 48,6.23785828,-75.57168244,10,La Candelaria,1013,Barrio Colón
528939,2020,2020-01-30,13:45,Otro,HERIDO,CALLE 10 E CON CARRERA 25,6.21239486,-75.55623959,14,El Poblado,1408,Las Lomas No.2
697005,2025,2025-06-27,15:25,Choque,HERIDO,Calle 10 Con Carrera 49,6.21365677,-75.57806851,14,El Poblado,1421,Patio Bonito
530267,2020,2020-02-09,08:15,Caida Ocupante,HERIDO,CALLE 66 E CON CARRERA 37,6.25918578,-75.54890912,8,Villa Hermosa,0801,Villa Hermosa
527197,2020,2020-01-17,21:10,Caida Ocupante,HERIDO,CALLE 118 CON CARRERA 65,6.31085351,-75.563798,5,Castilla,0502,Florencia
671115,2024,2024-06-05,17:00,Otro,HERIDO,Calle 42 Con Carrera 45,6.24168048,-75.56842098,10,La Candelaria,1013,Barrio Colón
696243,2025,2025-06-17,16:30,Choque,HERIDO,Calle 102 A Con Carrera 30,6.29131937,-75.5414112,1,Popular,110,La Esperanza No.2
513808,2019,2019-10-07,11:45,Choque,SOLO DAÑOS,CALLE 78 B CON CARRERA 69,6.27583907,-75.57883675,7,Robledo,0707,Bosques de San Pablo
618410,2022,2022-06-28,13:30,Choque,SOLO DAÑOS,Calle 45 Con Carrera 80,6.254378,-75.59884035,11,Laureles Estadio,1112,El Velódromo
572400,2021,2021-06-04,21:00,Atropello,HERIDO,CALLE 57 CON CARRERA 92,6.275928,-75.60575835,13,San Javier,1302,Blanquizal
482912,2019,2019-02-02,03:45,Choque,HERIDO,CALLE 58 CON CARRERA 48,6.25499811,-75.56292942,10,La Candelaria,1018,Villa Nueva
587223,2021,2021-10-03,18:55,Otro,HERIDO,CALLE 24 CON CARRERA 50,6.22535334,-75.57709734,15,Guayabal,1504,Santa Fé
684014,2025,2025-01-06,13:00,Otro,HERIDO,Calle 46 Con Carrera 24,6.23663524,-75.55055816,9,Buenos Aires,908,Miraflores
578380,2021,2021-07-24,15:55,Choque,SOLO DAÑOS,CALLE 37 CON CARRERA 81,6.24524512,-75.60261549,11,Laureles Estadio,1111,Lorena
484976,2019,2019-02-19,06:20,Caida Ocupante,HERIDO,CALLE 1 CON DIAGONAL 75 B,6.21098402,-75.59506651,15,Guayabal,Inst_20,La mota
494444,2019,2019-05-12,05:30,Otro,HERIDO,CALLE 85 C CON CARRERA 49,6.27818163,-75.55716267,4,Aranjuez,0414,Brasilia
599706,2022,2022-01-21,12:15,Choque,SOLO DAÑOS,Calle 80 Con Carrera 72 C,6.2802013,-75.57907389,7,Robledo,0708,Altamira
545844,2020,2020-09-09,07:30,Atropello,HERIDO,CALLE 54 CON CARRERA 54,6.29001352,-75.56320854,4,Aranjuez,0403,Palermo
510307,2019,2019-09-12,18:45,Choque,SOLO DAÑOS,CALLE 30 CON CARRERA 54,6.23165725,-75.57845926,15,Guayabal,1502,Tenche
646903,2023,2023-06-03,23:00,Choque,HERIDO,Calle 9 Con Diagonal 75 B,6.21595752,-75.59764018,16,Belén,1608,La mota
498585,2019,2019-06-16,06:00,Choque,SOLO DAÑOS,CALLE 107 CON CARRERA 82,6.30887274,-75.57869589,6,Doce de Octubre,0602,Doce de Octubre No.1
506421,2019,2019-08-15,21:00,Caida Ocupante,HERIDO,CALLE 101 CON CARRERA 74,6.29848349,-75.57544561,6,Doce de Octubre,0604,Pedregal
598830,2022,2022-01-12,10:55,Choque,SOLO DAÑOS,Calle 19 Con Carrera 43 A,6.22008374,-75.56939314,14,El Poblado,1404,Castropol
542888,2020,2020-08-03,09:00,Choque,SOLO DAÑOS,CALLE 31 CON CARRERA 43 A,6.23123293,-75.56997147,10,La Candelaria,1012,Perpetuo Socorro
484620,2019,2019-02-16,07:40,Choque,HERIDO,CALLE 43 CON CARRERA 74,6.24902035,-75.59354886,11,Laureles Estadio,1111,Lorena
606933,2022,2022-03-22,06:37,Choque,HERIDO,Calle 20 A Con Autopista 80,6.22549529,-75.60715625,16,Belén,1613,Altavista
683819,2025,2025-01-02,10:00,Otro,HERIDO,Calle 75 Con Carrera 151,6.2938063,-75.64953567,60,Corregimiento de San Cristóbal,6017,El Llano
570901,2021,2021-05-23,05:30,Caida Ocupante,HERIDO,CALLE 14 CON CARRERA 52,6.21763099,-75.58095561,15,Guayabal,1507,Santa Fé
693774,2025,2025-05-17,21:10,Otro,HERIDO,Calle 98 Con Carrera 64 C,6.3002622,-75.5848654,N/D,N/D,,
553910,2020,2020-11-30,11:10,Choque,HERIDO,CALLE 71 AA CON CARRERA 39,6.26733768,-75.54963298,3,Manrique,0308,El Pomar
680898,2024,2024-11-07,15:50,Otro,HERIDO,,,,15,Guayabal,,
601909,2022,2022-02-09,15:50,Otro,HERIDO,Calle 45 G Con Carrera 80,6.2553733,-75.59853323,12,La América,1205,La Floresta
660135,2023,2023-12-07,23:40,Choque,HERIDO,Calle 18 Con Carrera 110 A,6.22361677,-75.63276668,70,Corregimiento de Altavista,7005,Suburbano Altavista
560956,2021,2021-02-10,10:00,Atropello,HERIDO,CALLE 105 CON CARRERA 74,6.30287391,-75.57156757,6,Doce de Octubre,0604,Pedregal
540088,2020,2020-06-23,17:35,Choque,SOLO DAÑOS,CALLE 3 SUR CON DIAGONAL 80,,,15,Guayabal,,
564540,2021,2021-03-15,05:30,Volcamiento,HERIDO,CALLE 50 CON CARRERA 80,6.26362588,-75.59697998,12,La América,1202,Calasanz
613057,2022,2022-05-12,17:30,Choque,SOLO DAÑOS,Calle 65 Con Carrera 40,6.25685951,-75.55379668,8,Villa Hermosa,0803,San Miguel
482054,2019,2019-01-25,13:40,Choque,SOLO DAÑOS,CALLE 30 A CON CARRERA 66 B,6.2324185,-75.58729876,16,Belén,1601,Rosales
499107,2019,2019-06-20,19:30,Choque,SOLO DAÑOS,CALLE 25 A CON CARRERA 56 C,6.22613942,-75.58087525,15,Guayabal,1504,Santa Fé
622185,2022,2022-07-30,11:00,Choque,SOLO DAÑOS,Calle 62 Con Carrera 51,6.26052633,-75.56470627,10,La Candelaria,1003,Jesús Nazareno
504280,2019,2019-08-01,13:33,Otro,HERIDO,CALLE 101 CON CARRERA 35 A,6.28992058,-75.54516108,1,Popular,0107,San Pablo
691690,2025,2025-04-21,20:50,Choque,HERIDO,Calle 60 Con Carrera 77 B,6.27122041,-75.59196314,7,Robledo,703,San Germán
610298,2022,2022-04-20,12:05,Choque,SOLO DAÑOS,Calle 41 Con Carrera 50,6.2417291,-75.57094606,10,La Candelaria,1013,Calle Nueva
512836,2019,2019-09-30,13:00,Choque,SOLO DAÑOS,CALLE 1 CON CARRERA 29,6.1988458,-75.55929164,14,El Poblado,1410,Los Naranjos
484915,2019,2019-02-18,17:30,Choque,SOLO DAÑOS,CALLE 58 CON CARRERA 57,6.25749428,-75.5710408,10,La Candelaria,1005,Estación Villa
562452,2021,2021-02-23,17:10,Choque,SOLO DAÑOS,CALLE 50 CON CARRERA 53,6.25063542,-75.57038057,10,La Candelaria,1019,San Benito
479694,2019,2019-01-02,09:50,Caida Ocupante,HERIDO,CALLE 81 CON CARRERA 44,6.27345969,-75.55295352,3,Manrique,0303,Campo Valdés No. 2
696298,2025,2025-06-18,11:10,Choque,HERIDO,Calle 40 A Con Carrera 31,6.23532927,-75.55674519,9,Buenos Aires,910,La Milagrosa
610431,2022,2022-04-21,13:50,Atropello,HERIDO,Calle 26 Con Carrera 65,6.22734649,-75.5833977,15,Guayabal,1503,Trinidad
646329,2023,2023-05-27,14:00,Otro,HERIDO,Calle 101 C Con Carrera 24,,,1,Popular,,
498622,2019,2019-06-16,17:45,Choque,SOLO DAÑOS,CALLE 66 CON CARRERA 45,6.26226204,-75.55742905,10,La Candelaria,1001,Prado
587197,2021,2021-10-03,15:00,Choque,SOLO DAÑOS,CALLE 3 SUR CON CARRERA 53,6.20604229,-75.58709799,15,Guayabal,1509,Cristo Rey
626939,2022,2022-09-05,06:40,Volcamiento,HERIDO,Tramo 7 Con Kilometro 1,,,90,Corregimiento de Santa Elena,,
537645,2020,2020-05-18,17:00,Otro,HERIDO,CALLE 29 CON CARRERA 80,6.23053602,-75.60062836,16,Belén,1614,La Palma
642061,2023,2023-03-26,21:30,Otro,HERIDO,Calle 23 Con Carrera 65 F,6.22388078,-75.58557881,15,Guayabal,1503,Trinidad
587229,2021,2021-10-03,20:00,Otro,HERIDO,CALLE 92 CON CARRERA 50 A,6.28338069,-75.55860855,4,Aranjuez,0402,San Isidro
701550,2025,2025-08-20,17:06,Atropello,HERIDO,Calle 58 Con Carrera 48,6.25499811,-75.56292941,10,La Candelaria,1018,Villa Nueva
519311,2019,2019-11-16,08:40,Choque,SOLO DAÑOS,CALLE 31 A CON CARRERA 75,6.23283426,-75.59631819,16,Belén,1603,Belén
575754,2021,2021-07-03,05:20,Choque,HERIDO,CALLE 9 CON CARRERA 10,6.200766,-75.54454319,90,Corregimiento de Santa Elena,9001,Las Palmas
533532,2020,2020-03-03,17:00,Choque,SOLO DAÑOS,CALLE 999 CON CARRERA 9,,,60,Corregimiento de San Cristóbal,,
552975,2020,2020-11-21,16:30,Choque,HERIDO,CALLE 95 CON CARRERA 65,6.29039152,-75.56997746,5,Castilla,0511,Castilla
567754,2021,2021-04-20,09:00,Atropello,HERIDO,CALLE 47 DD CON CARRERA 87,6.2582429,-75.60380627,12,La América,1206,Santa Lucía
655280,2023,2023-09-30,09:50,Choque,HERIDO,Calle 44 B Con Carrera 80,6.25213872,-75.60164192,12,La América,1203,Los Pinos
545791,2020,2020-09-08,16:30,Caida Ocupante,HERIDO,CALLE 50 CON CARRERA 35,6.24344922,-75.55608082,9,Buenos Aires,0906,Barrio Caicedo
686024,2025,2025-02-07,19:26,Atropello,HERIDO,Calle 58 Con Carrera 62,6.26047672,-75.57328816,10,La Candelaria,1004,El Chagualo
615796,2022,2022-06-05,09:51,Choque,MUERTO,Calle 59 Con Carrera 121,6.27696604,-75.62667311,60,Corregimiento de San Cristóbal,6000,Cabecera Urbana San Cristobal
542488,2020,2020-07-27,15:40,Choque,SOLO DAÑOS,CALLE 94 CON CARRERA 48,6.28575713,-75.55541012,4,Aranjuez,0401,Berlin
671386,2024,2024-06-10,20:10,Otro,HERIDO,CL 064 084 083,,,7,Robledo,,
689505,2025,2025-03-24,00:00,Choque,HERIDO,Calle 90 Con Carrera 45 A,6.28223087,-75.55287164,3,Manrique,301,La Salle
648072,2023,2023-06-19,10:00,Choque,HERIDO,Calle 49 B Con Carrera 75,6.26017403,-75.59094868,11,Laureles Estadio,1113,El Estadio
620727,2022,2022-07-18,09:45,Choque,HERIDO,Calle 95 Con Carrera 65,6.29039152,-75.56997746,5,Castilla,0511,Castilla
591020,2021,2021-11-04,16:40,Otro,HERIDO,CALLE 43 SUR CON CARRERA 81,6.18398928,-75.65754788,80,Corregimiento de San Antonio de Prado,AUC2,San Antonio de Prado
574878,2021,2021-06-25,16:00,Otro,HERIDO,CALLE 15 SUR CON CARRERA 25,6.18429209,-75.56475795,14,El Poblado,1412,San Lucas
525410,2020,2020-01-01,00:01,Choque,HERIDO,CALLE 56 CON CARRERA 14,6.23832523,-75.53809908,8,Villa Hermosa,0814,San Antonio
664088,2024,2024-02-15,17:00,Volcamiento,HERIDO,Calle 65 Con Carrera 78,6.27294018,-75.59222255,7,Robledo,703,San Germán
554597,2020,2020-12-05,23:00,Choque,SOLO DAÑOS,CALLE 11 FF CON CARRERA 53 BB,6.21655304,-75.58184389,15,Guayabal,1507,Campo Amor
566607,2021,2021-04-05,13:00,Choque,HERIDO,CALLE 68 CON CARRERA 62,6.26518149,-75.57170278,4,Aranjuez,Inst_11,Universidad de Antioquia
686592,2025,2025-02-15,15:05,Otro,HERIDO,Circular 4 Con Carrera 70,6.24650614,-75.5891482,11,Laureles Estadio,1107,Bolivariana
661180,2024,2024-01-01,05:00,Otro,HERIDO,Carrera 42 B Con Calle 97,6.28811513,-75.54972431,1,Popular,105,Moscú No. 2
625742,2022,2022-08-26,17:30,Otro,HERIDO,Calle 39 B Con Circular 1,,,11,Laureles Estadio,,
558292,2021,2021-01-15,19:09,Choque,HERIDO,CALLE 58 CON CARRERA 93,6.27426584,-75.60474948,13,San Javier,1302,Blanquizal
653898,2023,2023-09-11,04:30,Choque,HERIDO,Calle 9  Sur Con Carrera 53 D,6.20212739,-75.59167834,15,Guayabal,Inst_20,El Rodeo
650835,2023,2023-07-28,06:50,Choque,HERIDO,Calle 31 Con Carrera 46,6.23244354,-75.57308025,10,La Candelaria,1012,Perpetuo Socorro
609225,2022,2022-04-09,06:45,Otro,HERIDO,Calle 88 A Con Carrera 94 D,6.29731651,-75.59775726,60,Corregimiento de San Cristóbal,6011,El Picacho
593563,2021,2021-11-25,18:00,Volcamiento,HERIDO,CALLE 9 SUR CON CARRERA 32,6.19177533,-75.56731335,14,El Poblado,1411,El Castillo
553572,2020,2020-11-27,11:40,Atropello,HERIDO,CALLE 71 B CON CARRERA 32,6.26690034,-75.54454129,3,Manrique,0309,Versalles No. 1
480418,2019,2019-01-10,18:30,Choque,HERIDO,CALLE 53 CON CARRERA 45,6.24960584,-75.56303486,10,La Candelaria,1019,La Candelaria
503386,2019,2019-07-25,14:00,Atropello,HERIDO,CALLE 92 CON CARRERA 79,6.28977192,-75.58344099,6,Doce de Octubre,0607,Kennedy
676726,2024,2024-09-03,01:00,Otro,HERIDO,CR 076 018,,,16,Belén,,
553118,2020,2020-11-23,10:45,Choque,SOLO DAÑOS,CALLE 59 CON CARRERA 53,6.25823364,-75.56857744,10,La Candelaria,1003,Jesús Nazareno
607525,2022,2022-03-26,14:55,Choque,HERIDO,Calle 26 Con Carrera 38,6.22464718,-75.56524268,9,Buenos Aires,0915,Asomadera No. 2
515573,2019,2019-10-19,22:10,Choque,SOLO DAÑOS,CALLE 50 CON CARRERA 65,6.25612395,-75.5809366,11,Laureles Estadio,1101,Carlos E. Restrepo
603986,2022,2022-02-25,22:30,Choque,HERIDO,Calle 58 Con Carrera 57,6.26035459,-75.57318834,10,La Candelaria,1004,El Chagualo
619544,2022,2022-07-08,16:00,Choque,SOLO DAÑOS,Calle 50 Con Carrera 80,6.26338388,-75.59696967,12,La América,1202,Calasanz
681795,2024,2024-11-23,10:30,Otro,HERIDO,CR 081 AL 097 A 065,,,6,Doce de Octubre,,
527285,2020,2020-01-18,13:15,Otro,HERIDO,CALLE 58 CON CARRERA 32,6.2490042,-75.55254679,8,Villa Hermosa,0808,Enciso
533310,2020,2020-03-02,05:00,Caida Ocupante,HERIDO,CALLE 71 CON CARRERA 37,6.26569787,-75.54847361,3,Manrique,0308,Manrique Oriental
581145,2021,2021-08-16,15:15,Otro,HERIDO,CALLE 6 SUR CON CARRERA 51,6.20316673,-75.58520417,15,Guayabal,1510,Guayabal
534463,2020,2020-03-10,18:50,Choque,SOLO DAÑOS,CALLE 66 CON CARRERA 45,6.26226204,-75.55742905,10,La Candelaria,1001,Prado
507560,2019,2019-08-24,08:00,Choque,SOLO DAÑOS,CALLE 16 A CON CARRERA 48,6.21789511,-75.57582398,14,El Poblado,1403,Villa Carlota
545092,2020,2020-09-01,08:50,Choque,SOLO DAÑOS,CALLE 52 CON CARRERA 7,6.23203286,-75.53573884,8,Villa Hermosa,0815,Las Estancias
545069,2020,2020-08-31,20:00,Choque,SOLO DAÑOS,CALLE 97 CON CARRERA 52,6.29057897,-75.56278331,4,Aranjuez,0403,Palermo
620822,2022,2022-07-19,07:10,Choque,HERIDO,Calle 32 Con Carrera 50,6.23361436,-75.57422884,10,La Candelaria,1012,Perpetuo Socorro
641629,2023,2023-03-19,05:10,Choque,HERIDO,Calle 83 Con Carrera 49,6.27605518,-75.55754674,4,Aranjuez,0414,Brasilia
557294,2020,2020-12-31,15:00,Choque,HERIDO,CALLE 69 CON CARRERA 42,6.26399673,-75.55250599,3,Manrique,0308,Manrique Central No. 2
635303,2022,2022-12-09,05:20,Otro,HERIDO,Calle 42 Con Carrera 99,6.25596969,-75.61619279,13,San Javier,1309,San Javier No.1
518006,2019,2019-11-06,14:20,Atropello,HERIDO,CALLE 28 CON CARRERA 44,6.22837521,-75.57184993,14,El Poblado,1401,Barrio Colombia
666650,2024,2024-03-25,00:10,Choque,HERIDO,Calle 57 Con Carrera 45,6.25244689,-75.5610427,10,La Candelaria,1018,Villa Nueva
574349,2021,2021-06-21,15:42,Choque,SOLO DAÑOS,TRANSVERSAL 39 B CON CIRCULAR 73,6.24667853,-75.59450569,11,Laureles Estadio,1108,Laureles
527784,2020,2020-01-21,19:00,Otro,HERIDO,CALLE 104 CON CARRERA 43,6.29354667,-75.54839543,1,Popular,0104,Granizal
510861,2019,2019-09-16,20:00,Choque,SOLO DAÑOS,CALLE 20 A CON CARRERA 80,6.22568686,-75.60037402,16,Belén,1612,La Gloria
624136,2022,2022-08-13,15:00,Choque,HERIDO,Tramo 18 Con Kilometro 1,,,3,Manrique,,
693091,2025,2025-05-09,14:00,Choque,HERIDO,Calle 11 Con Avenida 14,6.216074,-75.580391,N/D,N/D,,
545325,2020,2020-09-03,17:50,Choque,HERIDO,CALLE 52 CON CARRERA 74,6.26197867,-75.58935475,11,Laureles Estadio,1115,Cuarta Brigada
594419,2021,2021-12-02,08:40,Choque,HERIDO,CALLE 93 CON CARRERA 51 A,6.28479833,-75.56156196,4,Aranjuez,0402,San Isidro
554030,2020,2020-12-01,07:50,Choque,SOLO DAÑOS,CALLE 55 CON CARRERA 57,6.25684564,-75.57269527,10,La Candelaria,1006,San Benito
505417,2019,2019-08-08,19:10,Choque,HERIDO,CALLE 37 CON CARRERA 50,6.23807597,-75.57248766,10,La Candelaria,1012,Perpetuo Socorro
682281,2024,2024-12-01,04:30,Atropello,HERIDO,CL 088 045,6.28047153,-75.55276348,4,Aranjuez,411,Las Esmeraldas
678591,2024,2024-10-02,17:00,Atropello,HERIDO,CL 025 A 065 E,6.22674383,-75.58667371,15,Guayabal,1503,Trinidad
499899,2019,2019-06-27,17:50,Choque,SOLO DAÑOS,CALLE 30 CON CARRERA 64,6.23163181,-75.58282126,15,Guayabal,1503,Trinidad
569975,2021,2021-05-14,21:10,Choque,HERIDO,CALLE 41 SUR CON CARRERA 79,6.18529234,-75.65606874,80,Corregimiento de San Antonio de Prado,8000,Cabecera San Antonio de Prado
621266,2022,2022-07-22,18:00,Choque,SOLO DAÑOS,Calle 19 Con Carrera 52,6.22125135,-75.58012259,15,Guayabal,1504,Santa Fé
496865,2019,2019-06-02,06:40,Choque,HERIDO,CALLE 57 CON CARRERA 80,6.27037001,-75.59517388,12,La América,1201,Los Colores
484473,2019,2019-02-14,22:40,Choque,HERIDO,CALLE 17 CON CARRERA 43 A,6.21905857,-75.56958602,14,El Poblado,1404,Castropol
549777,2020,2020-10-20,07:30,Caida Ocupante,HERIDO,CALLE 47 CON CARRERA 2,6.22861416,-75.53130548,9,Buenos Aires,0901,Juan Pablo II
604652,2022,2022-03-03,06:50,Choque,HERIDO,Calle 29 A Con Carrera 70,6.23097526,-75.59140875,16,Belén,1604,Granada
492149,2019,2019-04-23,14:10,Atropello,HERIDO,CALLE 46 CON CARRERA 57,6.24910451,-75.57501511,10,La Candelaria,1007,Guayaquil
606502,2022,2022-03-17,20:09,Choque,SOLO DAÑOS,Calle 47 Con Carrera 45 A,6.22830952,-75.52938052,9,Buenos Aires,0917,Ocho de Marzo
575054,2021,2021-06-26,21:40,Choque,SOLO DAÑOS,CALLE 814 CON CARRERA 362 B,,,3,Manrique,,
686588,2025,2025-02-15,14:32,Atropello,HERIDO,Calle 67 Con Carrera 52,6.26427615,-75.56638866,4,Aranjuez,407,Sevilla
588615,2021,2021-10-14,12:40,Choque,SOLO DAÑOS,CALLE 9 SUR CON CARRERA 42,6.19556847,-75.57437501,14,El Poblado,1415,Los Balsos No.2
480803,2019,2019-01-14,18:15,Choque,HERIDO,CALLE 9 SUR CON CARRERA 16 A,,,14,El Poblado,Sin inf,Sin inf
661094,2023,2023-12-24,00:00,Choque,HERIDO,Carrera 67 Con Transversal 78,6.2734804,-75.57902643,5,Castilla,0519,El Progreso
613606,2022,2022-05-17,09:00,Otro,HERIDO,Calle 44 Con Carrera 52,6.24520865,-75.57255081,10,La Candelaria,Inst_17,Centro Administrativo
556452,2020,2020-12-22,07:30,Otro,HERIDO,CALLE 79 CON CARRERA 45,6.27194092,-75.55428858,4,Aranjuez,0410,Campo Valdés No. 1
622315,2022,2022-07-31,13:00,Choque,SOLO DAÑOS,Calle 80 Con Carrera 65,6.27633391,-75.57345587,5,Castilla,Inst_3,Cementerio Universal
624498,2022,2022-08-16,15:20,Otro,SOLO DAÑOS,Calle 73 Con Carrera 152,6.29164778,-75.65137192,60,Corregimiento de San Cristóbal,6004,Suburbano La Cuchilla
645690,2023,2023-05-18,22:32,Choque,HERIDO,Calle 34 Con Carrera 42 B,6.23470103,-75.5690519,10,La Candelaria,1020,San Diego
527481,2020,2020-01-20,06:50,Choque,SOLO DAÑOS,CALLE 18 SUR CON CARRERA 43 A,6.18568492,-75.57849272,14,El Poblado,1413,El Diamante No. 2
577539,2021,2021-07-17,19:15,Choque,SOLO DAÑOS,CALLE 44 CON CARRERA 70,6.24928539,-75.58876359,11,Laureles Estadio,1103,Florida Nueva
635726,2022,2022-12-15,09:40,Otro,HERIDO,Calle 78 A Con Carrera 87,6.28605435,-75.58973128,7,Robledo,0711,El Diamante
619073,2022,2022-07-04,19:30,Choque,HERIDO,Calle 13 Con Carrera 65,6.21887448,-75.58586668,15,Guayabal,1504,Santa Fé
598371,2022,2022-01-06,08:50,Choque,HERIDO,Calle 135 Con Carrera 218 A,6.34199415,-75.70394843,50,Corregimiento de San Sebastián de Palmitas,5007,Suburbano La Aldea
694270,2025,2025-05-24,09:00,Otro,HERIDO,Calle 57 F Con Carrera 22 C,6.2510533,-75.54473713,8,Villa Hermosa,807,Los Mangos
590680,2021,2021-11-02,05:40,Choque,SOLO DAÑOS,CALLE 69 CON CARRERA 48 A,6.26498882,-75.55837846,4,Aranjuez,0409,Manrique Central No. 1
527386,2020,2020-01-19,08:40,Choque,HERIDO,CALLE 999 CON CARRERA 999,,,N/D,N/D,Sin inf,Sin inf
578885,2021,2021-07-28,19:20,Choque,SOLO DAÑOS,CALLE 18 CON CARRERA 38,6.21830466,-75.56595994,14,El Poblado,1404,Castropol
530646,2020,2020-02-11,20:35,Choque,HERIDO,CALLE 48 CON CARRERA 61,6.25103388,-75.57820779,10,La Candelaria,1008,Corazón de Jesús
486873,2019,2019-03-06,17:10,Choque,SOLO DAÑOS,CALLE 78 CON CARRERA 65,6.27540582,-75.5737457,5,Castilla,0519,El Progreso
525921,2020,2020-01-06,20:00,Otro,HERIDO,CALLE 100 CON CARRERA 35,6.28935003,-75.54484712,1,Popular,0107,San Pablo
567852,2021,2021-04-21,07:30,Choque,SOLO DAÑOS,CALLE 111 C CON CARRERA 64 C,6.30453917,-75.55788488,5,Castilla,0501,Toscana
576479,2021,2021-07-09,16:55,Choque,SOLO DAÑOS,CALLE 34 A CON CARRERA 66 B,6.24001973,-75.5830172,11,Laureles Estadio,1105,Los Conquistadores
508075,2019,2019-08-28,07:00,Choque,SOLO DAÑOS,CALLE 85 CON CARRERA 62,6.28043159,-75.56819045,4,Aranjuez,0405,Moravia
685569,2025,2025-02-01,12:27,Otro,HERIDO,Calle 90 Con Carrera 36,6.28176367,-75.54553119,3,Manrique,302,Las Granjas
621320,2022,2022-07-23,07:20,Choque,HERIDO,Calle 49 B Con Carrera 66,6.25607006,-75.58231932,11,Laureles Estadio,1102,Suramericana
633875,2022,2022-11-17,20:30,Otro,HERIDO,Calle 96 Con Carrera 68,6.29109859,-75.572065,5,Castilla,0511,Castilla
699348,2025,2025-07-26,16:50,Choque,HERIDO,Carrera 72 A Con Diagonal 74 B,6.23608063,-75.59306089,16,Belén,1602,Rosales
629740,2022,2022-09-27,12:10,Choque,HERIDO,Calle 53 A Con Carrera 70,6.26098959,-75.58472404,11,Laureles Estadio,1115,Cuarta Brigada
518718,2019,2019-11-12,05:20,Otro,HERIDO,CALLE 10 SUR CON CARRERA 48,6.19733551,-75.57862475,14,El Poblado,1422,La Aguacatala
516160,2019,2019-10-24,06:40,Choque,SOLO DAÑOS,CALLE 34 CON CARRERA 81 A,6.24107565,-75.60334479,11,Laureles Estadio,1110,La Castellana
629147,2022,2022-09-22,06:10,Choque,HERIDO,Calle 31 Con Carrera 53,6.23286753,-75.57789995,16,Belén,Inst_18,Cerro Nutibara
684768,2025,2025-01-20,11:40,Choque,HERIDO,Calle 50 Con Carrera 46,6.23709487,-75.57045913,10,La Candelaria,1012,Perpetuo Socorro
599214,2022,2022-01-16,11:30,Volcamiento,SOLO DAÑOS,Tramo 8 Con Kilometro 9,,,14,El Poblado,,
546782,2020,2020-09-19,12:00,Choque,SOLO DAÑOS,CALLE 32 CON CARRERA 83,6.23373263,-75.60643604,16,Belén,1617,Nueva Villa de Aburrá
614170,2022,2022-05-21,21:50,Choque,HERIDO,Calle 107 Con Carrera 31,6.29473729,-75.54125806,1,Popular,0102,La Avanzada
517771,2019,2019-11-05,06:00,Choque,HERIDO,CALLE 42 SUR CON CARRERA 63,6.18284983,-75.64341204,80,Corregimiento de San Antonio de Prado,8000,Cabecera San Antonio de Prado
665539,2024,2024-03-09,01:15,Atropello,HERIDO,Carrera 25 A Con Calle 1 A Sur,6.1958431,-75.55958884,14,El Poblado,1410,Los Naranjos
664708,2024,2024-02-25,14:30,Atropello,HERIDO,Carrera 45 Con Calle 90,6.28318256,-75.5536913,4,Aranjuez,412,La Piñuela
588742,2021,2021-10-15,13:40,Choque,SOLO DAÑOS,CALLE 2 SUR CON CARRERA 20,6.19559344,-75.55642116,14,El Poblado,1410,Los Naranjos
685797,2025,2025-02-04,18:40,Otro,HERIDO,Calle 4 Con Carrera 50,6.20907496,-75.57906424,15,Guayabal,1507,Campo Amor
671171,2024,2024-06-06,21:01,Choque,HERIDO,Calle 80 Con Carrera 80,6.2844327,-75.58415367,7,Robledo,710,López de  Mesa
545860,2020,2020-09-09,10:20,Atropello,HERIDO,CALLE 50 CON CARRERA 57,6.25335072,-75.5756654,10,La Candelaria,1008,Corazón de Jesús
620571,2022,2022-07-16,20:00,Choque,HERIDO,Calle 3 Con Carrera 25,6.1976955,-75.55700396,14,El Poblado,1410,Los Naranjos
504245,2019,2019-08-01,08:40,Choque,SOLO DAÑOS,CALLE 11 CON CARRERA 43 C,6.21210416,-75.5716056,14,El Poblado,1419,Manila
495721,2019,2019-05-23,00:00,Caida Ocupante,HERIDO,CALLE 94 CON CARRERA 51,6.28602495,-75.56089915,4,Aranjuez,0402,San Isidro
575100,2021,2021-06-27,13:30,Choque,SOLO DAÑOS,CALLE 73 CON CARRERA 69,6.27351812,-75.57983505,5,Castilla,0519,El Progreso
631077,2022,2022-10-09,13:10,Otro,HERIDO,Calle 40 Con Carrera 39 A,6.2566268,-75.50226659,90,Corregimiento de Santa Elena,9011,Piedras Blancas Represa
605903,2022,2022-03-13,11:20,Choque,SOLO DAÑOS,Calle 51 Con Carrera 69,6.25847802,-75.58474639,11,Laureles Estadio,1101,Carlos E. Restrepo
597273,2021,2021-12-24,21:00,Otro,HERIDO,CALLE 15 CON CARRERA 71,6.22114727,-75.59348235,16,Belén,1606,Las Playas
568580,2021,2021-04-29,11:50,Choque,SOLO DAÑOS,CALLE 37 CON CARRERA 63,6.24194178,-75.57897279,11,Laureles Estadio,1105,Los Conquistadores
605806,2022,2022-03-12,12:40,Choque,SOLO DAÑOS,Calle 16 A Sur Con Carrera 34,6.18585238,-75.5699782,14,El Poblado,1412,El Castillo
538111,2020,2020-05-27,05:00,Otro,HERIDO,CALLE 44 CON CARRERA 66,6.24863884,-75.58425649,11,Laureles Estadio,1104,San Joaquín
700858,2025,2025-08-12,10:30,Otro,HERIDO,Calle 24 Con Carrera 52,6.22489888,-75.57855157,15,Guayabal,1504,Santa Fé
573776,2021,2021-06-16,20:20,Choque,SOLO DAÑOS,CALLE 64 CON CARRERA 51 D,6.2616982,-75.56587118,10,La Candelaria,Inst_12,Jesús Nazareno
688790,2025,2025-03-14,17:20,Volcamiento,HERIDO,Calle 80 Con Carrera 65,6.27633391,-75.57345587,5,Castilla,Inst_3,Cementerio Universal
576563,2021,2021-07-10,07:45,Choque,HERIDO,CALLE 80 CON CARRERA 50 C,6.27405556,-75.56124116,4,Aranjuez,0415,Miranda
641295,2023,2023-03-13,19:00,Otro,HERIDO,Calle 55 Con Carrera 70,6.26113243,-75.58464885,11,Laureles Estadio,1115,Cuarta Brigada
632852,2022,2022-11-02,19:50,Otro,HERIDO,Calle 4  Sur Con Carrera 50,6.2033286,-75.58128258,15,Guayabal,1509,Cristo Rey
641593,2023,2023-03-18,15:00,Choque,HERIDO,Calle 51 Con Carrera 64 E,6.25492119,-75.57850491,11,Laureles Estadio,1101,Carlos E. Restrepo
567257,2021,2021-04-13,17:00,Choque,SOLO DAÑOS,CALLE 10 CON CARRERA 52,6.21517048,-75.58190382,15,Guayabal,1507,Campo Amor
588528,2021,2021-10-13,17:55,Choque,HERIDO,CALLE 90 CON CARRERA 63,6.28368059,-75.57109211,5,Castilla,0513,Francisco Antonio Zea
492442,2019,2019-04-25,20:28,Atropello,HERIDO,CALLE 120 CON CARRERA 64 AA,6.31137402,-75.55854067,5,Castilla,0501,Toscana
558321,2021,2021-01-16,10:27,Choque,SOLO DAÑOS,CALLE 59 CON CARRERA 52,6.25802188,-75.56752886,10,La Candelaria,1003,Jesús Nazareno
625293,2022,2022-08-22,17:45,Choque,SOLO DAÑOS,Calle 31 Con Carrera 62,6.23828285,-75.57898126,16,Belén,1621,Cerro Nutibara
671828,2024,2024-06-17,17:10,Choque,HERIDO,Carrera 70 Con Calle 94,6.28908281,-75.57426542,5,Castilla,511,Castilla
524867,2019,2019-12-26,14:30,Atropello,HERIDO,CALLE 58 CON CARRERA 52,6.25698965,-75.56770341,10,La Candelaria,1005,Estación Villa
672108,2024,2024-06-22,07:30,Otro,HERIDO,,6.30058716,-75.64538134,60,Corregimiento de San Cristóbal,6017,El Llano
618043,2022,2022-06-24,14:00,Otro,HERIDO,Calle 110 A Con Carrera 76,6.30833701,-75.57191629,6,Doce de Octubre,0601,Santander
572246,2021,2021-06-03,15:45,Choque,HERIDO,CALLE 44 CON CARRERA 60,6.24740145,-75.57839634,10,La Candelaria,1008,Corazón de Jesús
518664,2019,2019-11-11,13:19,Choque,SOLO DAÑOS,CALLE 12 SUR CON CARRERA 54,6.19829127,-75.59299504,15,Guayabal,1511,La Colina
545738,2020,2020-09-08,07:00,Otro,HERIDO,CALLE 111 F CON CARRERA 64 C,6.30453917,-75.55788488,5,Castilla,0501,Toscana
581142,2021,2021-08-16,14:45,Choque,HERIDO,CALLE 87 CON CARRERA 40,6.27943331,-75.54896857,3,Manrique,0302,Las Granjas
484035,2019,2019-02-12,06:00,Choque,SOLO DAÑOS,CALLE 48 CON CARRERA 80,6.25884817,-75.5977618,12,La América,1202,Calasanz
493762,2019,2019-05-07,16:50,Choque,HERIDO,CALLE 59 CON CARRERA 57,6.25886323,-75.57173406,10,La Candelaria,1004,El Chagualo
639152,2023,2023-02-10,18:30,Choque,HERIDO,Calle 67 Con Carrera 45,6.26274078,-75.55558298,4,Aranjuez,0409,Manrique Central No. 1
557754,2021,2021-01-08,08:52,Choque,SOLO DAÑOS,CALLE 10 CON CARRERA 43 A,6.21062441,-75.57052713,14,El Poblado,1420,Astorga
600053,2022,2022-01-24,19:30,Otro,HERIDO,Calle 77 A Con Carrera 88,6.28265623,-75.59208112,7,Robledo,0715,Aures No.1
618472,2022,2022-06-29,01:30,Volcamiento,HERIDO,Calle 63 Con Carrera 96 A,6.27973825,-75.60659237,7,Robledo,0718,Cucaracho
542627,2020,2020-07-29,14:00,Otro,HERIDO,CALLE 94 CON CARRERA 66,6.28816495,-75.57151914,5,Castilla,0511,Castilla
661666,2024,2024-01-10,08:22,Atropello,HERIDO,Carrera 81 Con Calle 27 A,6.22871425,-75.6020492,16,Belén,1614,La Palma
637517,2023,2023-01-16,05:42,Choque,HERIDO,Calle 81 Con Carrera 39,6.27269677,-75.54867355,3,Manrique,0304,Santa Inés
564917,2021,2021-03-18,08:00,Choque,SOLO DAÑOS,CALLE 69 CON CARRERA 60,,,10,La Candelaria,,
679324,2024,2024-10-14,20:10,Choque,HERIDO,CL 043 044,6.242078,-75.56725132,10,La Candelaria,1014,Las Palmas
504885,2019,2019-08-05,10:00,Choque,SOLO DAÑOS,CALLE 39 CON CARRERA 44,6.23865251,-75.56901054,10,La Candelaria,1020,San Diego
607288,2022,2022-03-24,17:07,Choque,SOLO DAÑOS,Calle 3 Con Transversal 39 B,,,11,Laureles Estadio,,
652226,2023,2023-08-18,05:50,Otro,HERIDO,Calle 94 Con Carrera 49 B,6.2858485,-75.55722851,4,Aranjuez,0401,Berlin
496926,2019,2019-06-02,19:05,Choque,HERIDO,TRAMO 17 CON KILOMETRO 32,,,50,Corregimiento de San Sebastián de Palmitas,Sin inf,Sin inf
619140,2022,2022-07-05,14:10,Choque,SOLO DAÑOS,Calle 37 Con Carrera 80 AA,6.24503035,-75.6012678,11,Laureles Estadio,1111,Lorena
539678,2020,2020-06-18,14:30,Choque,SOLO DAÑOS,CALLE 60 CON CARRERA 80,6.27098132,-75.59495572,13,San Javier,1301,Los Colores
563678,2021,2021-03-06,17:40,Choque,SOLO DAÑOS,CALLE 49 CON CARRERA 61,6.25227435,-75.57752098,10,La Candelaria,1008,Corazón de Jesús
488005,2019,2019-03-16,21:15,Atropello,HERIDO,CALLE 108 A CON CARRERA 46,6.29829956,-75.54995313,2,Santa Cruz,0205,La Francia
501951,2019,2019-07-15,12:45,Choque,SOLO DAÑOS,CALLE 42 CON CARRERA 75,6.24831016,-75.59475503,11,Laureles Estadio,1111,Lorena
686455,2025,2025-02-13,15:33,Atropello,HERIDO,Calle 58 Con Carrera 51 D,6.25720868,-75.56674527,10,La Candelaria,1003,Jesús Nazareno
675400,2024,2024-08-14,06:00,Choque,HERIDO,Carrera 33 Con Calle 6,6.21363822,-75.58596539,15,Guayabal,1507,Campo Amor
679625,2024,2024-10-19,07:30,Otro,HERIDO,CR 110 049,,,1,Popular,,
543555,2020,2020-08-12,15:55,Choque,SOLO DAÑOS,CALLE 78 CON CARRERA 64 C,6.27699394,-75.57266359,5,Castilla,Inst_4,Terminal de Transporte
664209,2024,2024-02-17,11:00,Choque,HERIDO,Calle 18 Con Carrera 100,6.22342647,-75.62248492,70,Corregimiento de Altavista,7006,Altavista Sector Central
653993,2023,2023-09-12,03:00,Choque,HERIDO,Calle 82 Con Carrera 50 B,6.2755699,-75.55979019,4,Aranjuez,0414,Brasilia
492701,2019,2019-04-27,21:30,Choque,HERIDO,CALLE 93 CON CARRERA 67,6.28714593,-75.57261946,5,Castilla,0513,Francisco Antonio Zea
571254,2021,2021-05-26,12:30,Choque,HERIDO,CALLE 67 CON CARRERA 55,6.26460605,-75.56815425,4,Aranjuez,Inst_11,Universidad de Antioquia
546527,2020,2020-09-16,17:50,Otro,HERIDO,CALLE 90 CON CARRERA 40,6.28145519,-75.54936763,3,Manrique,0302,Las Granjas
649851,2023,2023-07-14,06:20,Volcamiento,HERIDO,Calle 94 Con Carrera 47,6.28572912,-75.55479417,4,Aranjuez,0401,Berlin
667705,2024,2024-04-11,14:00,Otro,HERIDO,CR 079 A 009 B S,,,16,Belén,,
560662,2021,2021-02-08,08:10,Choque,HERIDO,CALLE 17 A SUR CON CARRERA 48,6.18913839,-75.58101035,14,El Poblado,1423,Santa María de los Ángeles
668338,2024,2024-04-21,11:30,Choque,HERIDO,Carrera 97 Con Calle 64 AC,6.2825088,-75.60615273,7,Robledo,723,Pajarito
499223,2019,2019-06-21,19:20,Caida Ocupante,HERIDO,CALLE 36 CON CARRERA 81,6.24414828,-75.60276344,12,La América,1211,Simón Bolívar
621189,2022,2022-07-22,08:15,Otro,HERIDO,Calle 50 Con Carrera 65,6.25612395,-75.5809366,11,Laureles Estadio,1101,Carlos E. Restrepo
625259,2022,2022-08-22,13:50,Choque,SOLO DAÑOS,Calle 67 Con Carrera 51 C,6.2640024,-75.56465397,10,La Candelaria,Inst_12,Hospital San Vicente de Paúl
630832,2022,2022-10-06,11:30,Otro,HERIDO,Calle 77 A Con Carrera 40,6.26987338,-75.54910706,3,Manrique,0303,El Pomar
492153,2019,2019-04-23,14:47,Atropello,HERIDO,CALLE 58 CON CARRERA 47,6.25459818,-75.56231939,10,La Candelaria,1001,Villa Nueva
619827,2022,2022-07-10,18:30,Otro,HERIDO,Calle 107 Con Carrera 52,6.29963024,-75.55728776,2,Santa Cruz,0206,Andalucía
603574,2022,2022-02-22,18:40,Choque,SOLO DAÑOS,Calle 42 B Sur Con Carrera 82,6.18411919,-75.65991283,80,Corregimiento de San Antonio de Prado,8000,Cabecera San Antonio de Prado
496519,2019,2019-05-29,18:20,Choque,SOLO DAÑOS,CALLE 57 CON CARRERA 37,6.24911702,-75.55563944,10,La Candelaria,1016,Boston
585374,2021,2021-09-19,11:45,Choque,SOLO DAÑOS,CALLE 54 CON CARRERA 63,6.25784093,-75.57963515,11,Laureles Estadio,1101,Carlos E. Restrepo
488436,2019,2019-03-20,18:20,Atropello,HERIDO,CALLE 20 A CON CARRERA 80,6.22568686,-75.60037402,16,Belén,1612,La Gloria
484191,2019,2019-02-13,07:25,Choque,HERIDO,CALLE 6 SUR CON CARRERA 50,6.20114427,-75.58022819,15,Guayabal,1510,Guayabal
675916,2024,2024-08-21,22:00,Otro,HERIDO,CR 098 C 058 D,,,7,Robledo,,
481277,2019,2019-01-18,18:30,Choque,HERIDO,CALLE 30 CON CARRERA 66,6.22952741,-75.58283057,15,Guayabal,1503,Trinidad
566203,2021,2021-03-30,18:30,Choque,SOLO DAÑOS,CALLE 10 CON CARRERA 48,6.21308972,-75.57662961,14,El Poblado,1421,Patio Bonito
624679,2022,2022-08-18,06:30,Choque,HERIDO,Calle 27 Con Carrera 45,6.22828515,-75.57292729,14,El Poblado,1401,Barrio Colombia
502325,2019,2019-07-17,20:00,Caida Ocupante,HERIDO,CALLE 7 CON CARRERA 43 A,6.20631338,-75.5715102,14,El Poblado,1417,La Florida
600677,2022,2022-01-30,11:50,Atropello,HERIDO,Calle 9  Sur Con Carrera 61,6.20279016,-75.59698507,15,Guayabal,1511,La Colina
678332,2024,2024-09-28,10:50,Choque,HERIDO,Calle 59 A Con Carrera 39,6.25136936,-75.55598258,10,La Candelaria,1017,Los Ángeles
633046,2022,2022-11-05,10:30,Choque,HERIDO,Calle 35 Con Carrera 83,6.24378137,-75.60539345,11,Laureles Estadio,1110,La Castellana
635383,2022,2022-12-10,08:01,Atropello,HERIDO,Calle 45 Con Carrera 46,6.24491657,-75.56766781,10,La Candelaria,1013,Barrio Colón
627130,2022,2022-09-06,13:50,Otro,HERIDO,Calle 32 EE Con Carrera 80,6.23770893,-75.59985007,16,Belén,1619,Miravalle
498820,2019,2019-06-18,11:25,Choque,SOLO DAÑOS,CALLE 48 CON CARRERA 56,6.24981596,-75.57391643,10,La Candelaria,1007,Guayaquil
604905,2022,2022-03-05,09:10,Choque,SOLO DAÑOS,Calle 101 Con Carrera 65,6.29529681,-75.56760661,5,Castilla,0509,Girardot
618424,2022,2022-06-28,15:50,Choque,SOLO DAÑOS,Calle 111 Con Carrera 78 C,6.30867305,-75.57474703,6,Doce de Octubre,0601,Santander
579923,2021,2021-08-06,12:50,Caida Ocupante,HERIDO,CALLE 14 CON CARRERA 46,6.21482961,-75.57482129,14,El Poblado,1403,Villa Carlota
542099,2020,2020-07-21,04:00,Atropello,HERIDO,CALLE 78 CON CARRERA 43,6.2707066,-75.55238224,3,Manrique,0303,Campo Valdés No. 2
526685,2020,2020-01-13,18:00,Otro,HERIDO,CALLE 77 CON CARRERA 53,6.27256641,-75.56560892,4,Aranjuez,Inst_9,Parque Norte
533568,2020,2020-03-04,02:00,Choque,HERIDO,CALLE 99 CON CARRERA 99,6.27343838,-75.60889338,16,Belén,SN01,Olaya Herrera
487700,2019,2019-03-14,12:30,Choque,SOLO DAÑOS,CALLE 48 CON CARRERA 40,6.24415485,-75.56144802,10,La Candelaria,1015,Bomboná No. 1
652235,2023,2023-08-18,06:40,Atropello,HERIDO,Calle 60 Con Carrera 124,6.27516274,-75.63003702,60,Corregimiento de San Cristóbal,6014,Suburbano La Loma
484448,2019,2019-02-14,19:00,Volcamiento,HERIDO,CALLE 66 C CON CARRERA 37,6.25793174,-75.54977944,8,Villa Hermosa,0801,Villa Hermosa
588224,2021,2021-10-11,13:55,Choque,SOLO DAÑOS,CALLE 57 A CON CARRERA 48,6.25477154,-75.56306768,10,La Candelaria,1018,Villa Nueva
603532,2022,2022-02-22,14:30,Choque,SOLO DAÑOS,Calle 67 Con Carrera 64 C,6.26572662,-75.57502301,5,Castilla,0517,Caribe
512608,2019,2019-09-28,14:00,Otro,HERIDO,CALLE 104 CON CARRERA 64 C,6.30339931,-75.56155025,5,Castilla,0502,Las Brisas
528862,2020,2020-01-29,20:30,Choque,SOLO DAÑOS,CALLE 1 CON CARRERA 70,6.24458551,-75.58939918,11,Laureles Estadio,1107,Bolivariana
698402,2025,2025-07-15,05:05,Choque,HERIDO,Calle 78 Con Carrera 45,6.2710789,-75.55443721,3,Manrique,303,Campo Valdés No.2
525014,2019,2019-12-27,20:00,Caida Ocupante,HERIDO,CALLE 10 CON CARRERA 50,6.21459174,-75.57871334,15,Guayabal,1507,Campo Amor
660516,2023,2023-12-13,07:30,Atropello,HERIDO,Calle 47 Con Carrera 46,6.2545337,-75.56243284,10,La Candelaria,1018,Villa Nueva
639142,2023,2023-02-10,17:15,Choque,HERIDO,Calle 50 Con Carrera 34,6.24318812,-75.55556833,9,Buenos Aires,0906,Barrio Caicedo
668043,2024,2024-04-17,00:28,Otro,HERIDO,Carrera 47 Con Calle 82 A,6.27524797,-75.55552945,4,Aranjuez,410,Campo Valdés No. 1
577914,2021,2021-07-21,11:25,Choque,SOLO DAÑOS,CALLE 33 CON CARRERA 42,6.23458467,-75.57008222,10,La Candelaria,1020,San Diego
664566,2024,2024-02-23,07:10,Choque,HERIDO,Calle 30 Con Carrera 50,6.23187753,-75.57442721,10,La Candelaria,1012,Perpetuo Socorro
614926,2022,2022-05-28,14:30,Choque,SOLO DAÑOS,Calle 4  Sur Con Carrera 48,6.2028247,-75.57731639,14,El Poblado,1422,La Aguacatala
544336,2020,2020-08-23,09:40,Choque,SOLO DAÑOS,CALLE 101 CD CON CARRERA 83,6.30236386,-75.58187862,6,Doce de Octubre,0603,Picacho
581167,2021,2021-08-16,19:30,Choque,SOLO DAÑOS,CALLE 13 A CON CARRERA 72,6.2204163,-75.59466383,16,Belén,1606,Las Playas
686549,2025,2025-02-15,01:15,Atropello,HERIDO,Calle 49 Con Carrera 46,6.2475784,-75.56591799,10,La Candelaria,1019,La Candelaria
695610,2025,2025-06-10,06:00,Atropello,HERIDO,Calle 14 Con Carrera 49,6.215129,-75.57751451,14,El Poblado,1403,Villa Carlota
528621,2020,2020-01-28,05:35,Otro,HERIDO,CALLE 94 CON CARRERA 70,6.28908281,-75.57426543,5,Castilla,0511,Castilla
636889,2023,2023-01-04,16:40,Choque,HERIDO,Calle 67 Con Carrera 51,6.2638241,-75.56341394,10,La Candelaria,Inst_12,Hospital San Vicente de Paúl
541081,2020,2020-07-06,09:50,Choque,SOLO DAÑOS,CALLE 42 CON CARRERA 53,6.24334202,-75.57397991,10,La Candelaria,Inst_17,Centro Administrativo
667951,2024,2024-04-15,13:45,Choque,HERIDO,Carrera 80 Con Calle 45 E,6.25435101,-75.59896572,12,La América,1205,La Floresta
679530,2024,2024-10-17,20:50,Otro,HERIDO,CL 053 124,6.26940232,-75.62953068,60,Corregimiento de San Cristóbal,6014,La Loma
605513,2022,2022-03-10,10:30,Otro,HERIDO,Calle 16 Con Carrera 22,6.21564318,-75.55219952,90,Corregimiento de Santa Elena,9001,Suburbano Mirador del Poblado
584123,2021,2021-09-10,06:00,Choque,HERIDO,CALLE 63 CON CARRERA 115,,,7,Robledo,,
594054,2021,2021-11-29,15:00,Otro,HERIDO,CALLE 8 CON CARRERA 84 F,6.21963212,-75.60857776,16,Belén,1611,Loma de los Bernal
550144,2020,2020-10-23,15:08,Choque,HERIDO,CALLE 33 CON CARRERA 66 B,6.23896182,-75.58990531,16,Belén,1602,Rosales
498035,2019,2019-06-11,23:05,Atropello,HERIDO,CALLE 78 CON CARRERA 64,6.27601881,-75.5701112,5,Castilla,Inst_4,Terminal de Transporte
488855,2019,2019-03-24,04:46,Choque,HERIDO,CALLE 25 CON CARRERA 52,6.22592655,-75.57845009,15,Guayabal,1503,Trinidad
657827,2023,2023-11-04,03:30,Choque,HERIDO,Calle 52 A Con Diagonal 55 A,,,10,La Candelaria,,
553529,2020,2020-11-26,22:00,Caida Ocupante,HERIDO,CALLE 48 CON CARRERA 32,6.24080474,-75.55467427,9,Buenos Aires,0907,Buenos Aires
488568,2019,2019-03-21,18:10,Caida Ocupante,HERIDO,CALLE 8 CON CARRERA 49,6.20878049,-75.57673335,14,El Poblado,1421,Patio Bonito
642650,2023,2023-04-04,22:25,Choque,HERIDO,Calle 8 B Sur Con Carrera 52,6.20098987,-75.58754186,15,Guayabal,1510,Guayabal
653557,2023,2023-09-05,15:30,Choque,HERIDO,Calle 104 C Con Carrera 83,6.30583992,-75.58173478,6,Doce de Octubre,0602,Doce de Octubre No.1
553365,2020,2020-11-25,13:40,Otro,HERIDO,CALLE 10 CON CARRERA 50,6.21459174,-75.57871334,15,Guayabal,1507,Campo Amor
570347,2021,2021-05-18,09:50,Choque,HERIDO,CALLE 73 CON CARRERA 69,6.27351812,-75.57983505,5,Castilla,0519,El Progreso
492426,2019,2019-04-25,18:10,Choque,SOLO DAÑOS,CALLE 9 CON CARRERA 37,6.21051661,-75.56610386,14,El Poblado,1418,El Poblado
567990,2021,2021-04-22,15:00,Atropello,HERIDO,CALLE 99 CON CARRERA 99,6.27343838,-75.60889338,13,San Javier,SN01,Olaya Herrera
548226,2020,2020-10-03,20:00,Caida Ocupante,HERIDO,CALLE 107 CON CARRERA 52,6.29963024,-75.55728776,2,Santa Cruz,0206,Andalucía
591262,2021,2021-11-06,18:40,Choque,HERIDO,CALLE 30 A CON CARRERA 70,6.23229567,-75.59147656,16,Belén,1602,Rosales
577308,2021,2021-07-16,09:08,Choque,SOLO DAÑOS,CALLE 10 CON CARRERA 43 E,6.21172894,-75.57339825,14,El Poblado,1419,Manila
622864,2022,2022-08-04,10:00,Choque,SOLO DAÑOS,Calle 15 A Con Carrera 84 C,6.22141476,-75.60769962,16,Belén,1612,La Gloria
681573,2024,2024-11-19,00:30,Atropello,HERIDO,CL 056 016,6.23830339,-75.53946557,8,Villa Hermosa,813,Villatina
620202,2022,2022-07-14,00:40,Otro,HERIDO,Calle 101 Con Carrera 49,6.29243612,-75.555739,2,Santa Cruz,0210,Santa Cruz
533559,2020,2020-03-03,21:30,Choque,SOLO DAÑOS,CALLE 20 A SUR CON CARRERA 27,6.18124338,-75.5685228,14,El Poblado,1412,San Lucas
495345,2019,2019-05-20,07:00,Choque,HERIDO,CALLE 30 CON CARRERA 50,6.23187752,-75.57442722,10,La Candelaria,1012,Perpetuo Socorro
621366,2022,2022-07-23,13:50,Caida Ocupante,HERIDO,Calle 72 Con Carrera 49,6.26690631,-75.55914389,4,Aranjuez,0408,Manrique Central No. 1
499071,2019,2019-06-20,13:00,Choque,SOLO DAÑOS,CALLE 71 CON CARRERA 51,6.26705727,-75.56184501,4,Aranjuez,0408,San Pedro
512356,2019,2019-09-26,19:50,Choque,HERIDO,CALLE 4 SUR CON CARRERA 43 B,6.2009631,-75.57442055,14,El Poblado,1422,La Aguacatala
495032,2019,2019-05-17,07:50,Otro,HERIDO,CALLE 48 CON CARRERA 63,6.25159371,-75.57924808,11,Laureles Estadio,1102,Suramericana
648825,2023,2023-06-29,09:30,Choque,HERIDO,Calle 33 C Con Carrera 88 A,6.24416369,-75.61737976,13,San Javier,1311,Betania
646827,2023,2023-06-02,21:10,Choque,HERIDO,Calle 20 Con Carrera 76,6.22438974,-75.5973115,16,Belén,1605,San Bernardo
508617,2019,2019-08-31,23:40,Otro,HERIDO,CALLE 44 CON CARRERA 34,6.23927577,-75.55698573,9,Buenos Aires,0907,Buenos Aires
532551,2020,2020-02-25,12:30,Choque,SOLO DAÑOS,CALLE 49 CON CARRERA 87,6.26074093,-75.60503639,13,San Javier,1304,Los Alcázares
684514,2025,2025-01-16,12:34,Choque,HERIDO,Calle 44 Con Carrera 79,6.25008229,-75.59757646,11,Laureles Estadio,1111,Lorena
644385,2023,2023-05-02,11:30,Choque,HERIDO,Calle 77 BB Con Carrera 88,6.28357579,-75.59157535,7,Robledo,0713,Aures No.1
530798,2020,2020-02-13,05:20,Atropello,HERIDO,CALLE 97 CON CARRERA 41,6.28887423,-75.54911061,1,Popular,0105,Moscú No. 2
663739,2024,2024-02-10,07:20,Choque,HERIDO,Calle 60 Con Carrera 125,6.27548645,-75.62879919,60,Corregimiento de San Cristóbal,6014,Suburbano La Loma
576404,2021,2021-07-09,08:00,Choque,HERIDO,DIAGONAL 63 CON CARRERA 64 C,6.29526346,-75.5622696,5,Castilla,0508,Belalcázar
571912,2021,2021-05-31,23:00,Otro,HERIDO,CALLE 48 CON CARRERA 36,6.24168761,-75.55775499,9,Buenos Aires,0907,Buenos Aires
600955,2022,2022-02-01,19:30,Choque,SOLO DAÑOS,Calle 7 Con Carrera 39,6.20637133,-75.56865238,14,El Poblado,1417,La Florida
674778,2024,2024-08-04,17:00,Atropello,HERIDO,CL 034 C 116 D 118,,,70,Corregimiento de Altavista,,
547156,2020,2020-09-23,14:20,Choque,SOLO DAÑOS,CALLE 23 CON CARRERA 49,6.224068,-75.57693953,15,Guayabal,1504,Santa Fé
671876,2024,2024-06-18,15:00,Otro,HERIDO,CL 092 044,,,3,Manrique,,
675659,2024,2024-08-17,15:00,Otro,HERIDO,CR 074 B 049,,,11,Laureles Estadio,,
685266,2025,2025-01-27,17:40,Caida Ocupante,HERIDO,Calle 73 Con Carrera 69,6.27351812,-75.57983505,5,Castilla,519,El Progreso
595611,2021,2021-12-11,14:30,Choque,SOLO DAÑOS,CALLE 33 CON CARRERA 66 A,6.23927644,-75.58684583,16,Belén,1601,Fátima
656894,2023,2023-10-22,17:00,Otro,HERIDO,Calle 62 Con Carrera 107,6.27523161,-75.61831067,7,Robledo,0720,Santa Margarita
678914,2024,2024-10-07,11:00,Otro,HERIDO,CL 062 132,6.27812398,-75.63708286,60,Corregimiento de San Cristóbal,AUC1,Cabecera Urbana Corregimiento San Cristóbal
599886,2022,2022-01-23,02:40,Otro,HERIDO,Calle 59 Con Carrera 64 E,6.25916033,-75.57877206,7,Robledo,0725,Nueva Villa de la Iguaná
625111,2022,2022-08-21,07:20,Choque,SOLO DAÑOS,Calle 103 D Con Carrera 65,6.2981026,-75.56694287,5,Castilla,0509,Girardot
521218,2019,2019-12-01,10:40,Atropello,HERIDO,CALLE 56 CON CARRERA 18 A,6.23891766,-75.5430176,8,Villa Hermosa,0812,La Libertad
503501,2019,2019-07-26,11:30,Choque,SOLO DAÑOS,CALLE 33 CON CARRERA 63,6.2399959,-75.57855539,11,Laureles Estadio,1105,Los Conquistadores
593664,2021,2021-11-26,14:20,Caida Ocupante,HERIDO,CALLE 46 CON CARRERA 46,6.30456435,-75.54797729,2,Santa Cruz,0201,La Isla
484149,2019,2019-02-12,18:30,Atropello,HERIDO,CALLE 30 CON CARRERA 78,6.2313019,-75.59816969,16,Belén,1603,Belén
517754,2019,2019-11-04,21:00,Otro,HERIDO,CALLE 53 CON CARRERA 80,6.26685682,-75.59588746,11,Laureles Estadio,1114,Los Colores
642363,2023,2023-03-31,15:30,Choque,HERIDO,Calle 73 Con Carrera 52,6.26924062,-75.56551363,4,Aranjuez,0407,Jardín Botánico
667622,2024,2024-04-10,10:00,Caida Ocupante,HERIDO,Carrera 46 Con Calle 48,6.24675039,-75.56630065,10,La Candelaria,1019,La Candelaria
677017,2024,2024-09-07,07:30,Otro,HERIDO,Carrera 43 G Con Calle 18,6.22008656,-75.5730466,14,El Poblado,1403,Villa Carlota
500168,2019,2019-06-30,10:00,Atropello,HERIDO,CALLE 12 SUR CON CARRERA 53,6.19790966,-75.59196333,15,Guayabal,1511,La Colina
645514,2023,2023-05-16,19:30,Otro,HERIDO,Calle 53 Con Carrera 10,6.23587608,-75.53673633,8,Villa Hermosa,0814,Villatina
656678,2023,2023-10-20,06:00,Otro,HERIDO,Calle 48 D Con Carrera 110,6.26243975,-75.62331699,60,Corregimiento de San Cristóbal,6014,Suburbano La Loma
667870,2024,2024-04-14,04:20,Choque,SOLO DAÑOS,,,,3,Manrique,,
664362,2024,2024-02-19,17:15,Caida Ocupante,HERIDO,AV 080 052 046,6.27473458,-75.56447465,4,Aranjuez,415,Miranda
583191,2021,2021-09-02,09:30,Choque,SOLO DAÑOS,CALLE 62 CON CARRERA 55,6.26126781,-75.56879722,10,La Candelaria,1003,Jesús Nazareno
666248,2024,2024-03-18,21:30,Otro,HERIDO,Carrera 22 Con Calle 9,6.20787368,-75.55378927,14,El Poblado,1409,Altos del Poblado
652512,2023,2023-08-21,19:00,Otro,HERIDO,Calle 44 Con Carrera 68 A,6.24895639,-75.58675914,11,Laureles Estadio,1104,San Joaquín
618417,2022,2022-06-28,14:30,Choque,SOLO DAÑOS,Calle 9  Sur Con Carrera 38,6.19422326,-75.57248561,14,El Poblado,1414,El Castillo
508468,2019,2019-08-30,22:00,Otro,HERIDO,CALLE 59 A CON CARRERA 21,6.25237102,-75.54271062,8,Villa Hermosa,0807,Los Mangos
483572,2019,2019-02-07,19:00,Choque,SOLO DAÑOS,CALLE 54 CON CARRERA 51,6.25373144,-75.56735824,10,La Candelaria,1018,La Candelaria
663918,2024,2024-02-12,23:00,Atropello,HERIDO,Carrera 51 Con Calle 57,6.25598936,-75.56640539,10,La Candelaria,1005,Estación Villa
652472,2023,2023-08-21,01:35,Choque,HERIDO,Calle 59 Con Carrera 57,6.25886323,-75.57173406,10,La Candelaria,1004,El Chagualo
575025,2021,2021-06-26,16:00,Choque,HERIDO,CALLE 56 H CON CARRERA 17 C,6.24838874,-75.53934742,8,Villa Hermosa,0811,Trece de Noviembre
506276,2019,2019-08-14,19:04,Caida Ocupante,HERIDO,CALLE 30 CON CARRERA 43 A,6.22976619,-75.56972478,10,La Candelaria,1020,San Diego
511456,2019,2019-09-20,13:20,Choque,HERIDO,CALLE 39 B CON CARRERA 73 A,6.24643497,-75.59388257,11,Laureles Estadio,1108,Laureles
629922,2022,2022-09-28,17:25,Choque,HERIDO,Calle 55  Sur Con Carrera 59 A,6.17492976,-75.64055387,80,Corregimiento de San Antonio de Prado,AUC2,San Antonio de Prado
533380,2020,2020-03-02,14:00,Choque,HERIDO,CALLE 78 B CON CARRERA 72 A,6.27722665,-75.58137583,7,Robledo,0707,Bosques de San Pablo
690007,2025,2025-03-30,06:28,Otro,HERIDO,Calle 79 BB Con Carrera 96,6.2935663,-75.59563157,7,Robledo,712,Aures No.2
543853,2020,2020-08-16,17:45,Choque,HERIDO,CALLE 65 CON CARRERA 18 C,6.25579984,-75.54070923,8,Villa Hermosa,0806,Llanaditas
577141,2021,2021-07-15,06:00,Choque,HERIDO,CALLE 80 CON CARRERA 50 C,6.27405556,-75.56124116,4,Aranjuez,0415,Miranda
634909,2022,2022-12-02,23:30,Choque,HERIDO,Calle 93 Con Carrera 45 A,6.28424321,-75.55273043,3,Manrique,0301,Berlin
539841,2020,2020-06-20,10:05,Otro,HERIDO,CALLE 49 A CON DIAGONAL 80,6.26178384,-75.59710438,12,La América,1202,Calasanz
618903,2022,2022-07-02,18:00,Choque,HERIDO,Calle 64  Sur Con Carrera 68,6.17033374,-75.64929259,80,Corregimiento de San Antonio de Prado,8008,San José
612948,2022,2022-05-11,18:10,Choque,SOLO DAÑOS,Calle 14 Con Carrera 50,6.21701726,-75.57826529,15,Guayabal,1507,Santa Fé
610978,2022,2022-04-25,19:20,Choque,SOLO DAÑOS,Calle 103 Con Carrera 80,6.30274875,-75.57914579,6,Doce de Octubre,0602,Doce de Octubre No.1
569579,2021,2021-05-11,11:40,Choque,SOLO DAÑOS,CALLE 9 CON AVENIDA 80,,,16,Belén,,
580474,2021,2021-08-10,18:00,Choque,SOLO DAÑOS,CALLE 29 CON CARRERA 43,6.22809294,-75.56881172,10,La Candelaria,1020,San Diego
565846,2021,2021-03-27,06:00,Choque,SOLO DAÑOS,CALLE 51 CON CARRERA 43,6.24816822,-75.56238753,10,La Candelaria,1019,La Candelaria
606617,2022,2022-03-18,18:20,Atropello,HERIDO,Calle 44 Con Carrera 50,6.24441316,-75.56983257,10,La Candelaria,1007,Guayaquil
655959,2023,2023-10-09,00:20,Atropello,HERIDO,Calle 47 D Con Carrera 1  Oriente,6.22915177,-75.52812786,9,Buenos Aires,0917,Ocho de Marzo
547297,2020,2020-09-24,19:30,Choque,SOLO DAÑOS,CALLE 95 CON CARRERA 46,6.28705858,-75.5535182,1,Popular,0106,Berlin
632570,2022,2022-10-30,07:00,Otro,HERIDO,Calle 32 Con Carrera 46,6.23311721,-75.57280712,10,La Candelaria,1012,Perpetuo Socorro
570866,2021,2021-05-22,21:30,Choque,SOLO DAÑOS,CALLE 104 CON CARRERA 67,6.30102582,-75.56729436,5,Castilla,0509,Tejelo
680054,2024,2024-10-25,15:30,Choque,HERIDO,CR 037 029 072,,,14,El Poblado,,
632387,2022,2022-10-28,05:00,Otro,HERIDO,Calle 30 Con Carrera 50,6.23187752,-75.57442722,10,La Candelaria,1012,Perpetuo Socorro
680746,2024,2024-11-04,18:30,Caida Ocupante,HERIDO,CR 064 053,6.25658354,-75.57698803,11,Laureles Estadio,1101,Carlos E. Restrepo
519164,2019,2019-11-15,07:30,Choque,SOLO DAÑOS,CALLE 66 CON CARRERA 63,6.2652665,-75.57266554,5,Castilla,0517,Caribe
573193,2021,2021-06-11,18:10,Choque,SOLO DAÑOS,CALLE 31 CON CARRERA 62,6.23828285,-75.57898126,16,Belén,1621,Cerro Nutibara
659621,2023,2023-12-01,06:30,Choque,HERIDO,Calle 111 B Con Carrera 63,6.30453917,-75.55788488,5,Castilla,0501,Toscana
669365,2024,2024-05-07,23:05,Otro,HERIDO,Carrera 65 Con Calle 51,6.25657754,-75.58075999,11,Laureles Estadio,1101,Carlos E. Restrepo
506156,2019,2019-08-14,05:55,Choque,SOLO DAÑOS,CALLE 47 CON CARRERA 43,6.24444787,-75.56424092,10,La Candelaria,1013,Barrio Colón
629634,2022,2022-09-26,13:00,Otro,HERIDO,Calle 39 Con Carrera 42,6.23955973,-75.56532767,10,La Candelaria,1014,Las Palmas
607455,2022,2022-03-25,22:10,Choque,HERIDO,Calle 43 Con Carrera 68,6.24812906,-75.58600945,11,Laureles Estadio,1104,San Joaquín
701427,2025,2025-08-19,09:30,Otro,HERIDO,Calle 72 Con Carrera 40,6.26791823,-75.55072518,3,Manrique,306,El Pomar
651720,2023,2023-08-10,21:20,Choque,HERIDO,Calle 55 Con Carrera 62,6.25884013,-75.5736201,10,La Candelaria,1006,San Benito
480807,2019,2019-01-14,19:00,Volcamiento,HERIDO,CALLE 10 CON CARRERA 27,6.20857303,-75.55683678,14,El Poblado,1407,Las Lomas No.2
624051,2022,2022-08-12,22:40,Choque,SOLO DAÑOS,Calle 80 Con Carrera 72 A,6.27974579,-75.57942349,7,Robledo,0708,Altamira
657238,2023,2023-10-27,05:45,Otro,HERIDO,Calle 50 Con Carrera 56,6.25203161,-75.5729499,10,La Candelaria,1006,San Benito
516119,2019,2019-10-23,18:40,Choque,SOLO DAÑOS,CALLE 34 CON CARRERA 43 A,6.23458467,-75.57008222,10,La Candelaria,1020,San Diego
657669,2023,2023-11-01,20:00,Otro,HERIDO,Calle 5 Con Avenida 80,,,16,Belén,,
494550,2019,2019-05-13,10:00,Choque,SOLO DAÑOS,CALLE 58 CON CARRERA 43,6.2527439,-75.55990303,10,La Candelaria,1018,Villa Nueva
642360,2023,2023-03-31,14:48,Otro,HERIDO,Calle 38 Con Carrera 94,6.25107329,-75.61367907,12,La América,1208,Campo Alegre
656457,2023,2023-10-17,06:10,Choque,HERIDO,Calle 58 D Con Carrera 93,6.27415665,-75.6050135,13,San Javier,1302,Blanquizal
618162,2022,2022-06-25,19:00,Choque,HERIDO,Calle 59 Con Carrera 22,6.25298585,-75.54480921,8,Villa Hermosa,0807,Los Mangos
698950,2025,2025-07-21,17:30,Choque,HERIDO,Calle 59 Con Carrera 50 A,6.25726822,-75.56428969,10,La Candelaria,1001,Prado
700495,2025,2025-08-08,09:00,Otro,HERIDO,Carrera 66 B Con Avenida 33,6.23986676,-75.58744271,11,Laureles Estadio,1105,Los Conquistadores
561868,2021,2021-02-18,14:40,Volcamiento,HERIDO,CALLE 39 CON CARRERA 45,6.23888153,-75.56956881,10,La Candelaria,1013,Barrio Colón
515615,2019,2019-10-20,14:00,Volcamiento,HERIDO,CALLE 64 E CON CARRERA 100,6.27966652,-75.6124204,60,Corregimiento de San Cristóbal,6098,Área de Expansión Pajarito
561460,2021,2021-02-14,23:46,Atropello,HERIDO,CALLE 70 A CON CARRERA 45,6.2657776,-75.55522225,3,Manrique,0307,Manrique Central No. 1
656029,2023,2023-10-10,08:05,Choque,HERIDO,Calle 32 EE Con Carrera 83 A,6.23748295,-75.60666873,11,Laureles Estadio,1110,La Castellana
652583,2023,2023-08-22,14:20,Volcamiento,HERIDO,Calle 52 Con Carrera 43,6.24864004,-75.56365621,10,La Candelaria,1019,La Candelaria
616023,2022,2022-06-07,14:10,Atropello,HERIDO,Calle 49 B Con Carrera 75,6.26017403,-75.59094869,11,Laureles Estadio,1113,El Estadio
672607,2024,2024-06-30,17:00,Choque,HERIDO,Calle 118 Con Carrera 50 A,6.30384502,-75.55308437,2,Santa Cruz,203,Pablo VI
666076,2024,2024-03-16,09:40,Atropello,HERIDO,Carrera 45 Con Calle 47,6.2455005,-75.56587986,10,La Candelaria,1013,Barrio Colón
609029,2022,2022-04-07,16:00,Otro,HERIDO,Calle 98 Con Carrera 74,6.29550295,-75.57662648,6,Doce de Octubre,0605,La Esperanza
559661,2021,2021-01-30,05:30,Choque,HERIDO,CALLE 41 CON CARRERA 55,6.24252794,-75.5752294,10,La Candelaria,Inst_17,Centro Administrativo
540915,2020,2020-07-03,21:45,Choque,HERIDO,CALLE 44 CON CARRERA 68 A,6.24895639,-75.58675914,11,Laureles Estadio,1104,San Joaquín
549975,2020,2020-10-21,22:00,Atropello,HERIDO,CALLE 108 CON CARRERA 52,6.30020181,-75.55701476,2,Santa Cruz,0205,Andalucía
646801,2023,2023-06-02,15:20,Choque,HERIDO,Calle 2 Con Carrera 65,6.21032997,-75.5877999,15,Guayabal,1507,Campo Amor
534961,2020,2020-03-14,22:10,Choque,HERIDO,CALLE 25 CON CARRERA 65 A,6.22660713,-75.58388173,15,Guayabal,1503,Trinidad
591648,2021,2021-11-10,06:20,Choque,HERIDO,CALLE 78 CON CARRERA 45,6.27107891,-75.55443721,3,Manrique,0303,Campo Valdés No. 1
514096,2019,2019-10-09,09:55,Choque,SOLO DAÑOS,CALLE 73 CON CARRERA 73 A,6.27293211,-75.58479782,7,Robledo,0702,La Pilarica
587862,2021,2021-10-08,12:30,Choque,HERIDO,CALLE 44 CON CARRERA 100,6.25696376,-75.61593482,13,San Javier,1309,San Javier No.1
634617,2022,2022-11-28,21:40,Otro,HERIDO,Calle 49 Con Carrera 93,6.2595335,-75.610194,13,San Javier,1306,La Pradera
652098,2023,2023-08-16,14:30,Choque,HERIDO,Calle 33 Con Carrera 66 B,6.23896182,-75.58990531,16,Belén,1602,Rosales
537329,2020,2020-05-13,19:40,Volcamiento,HERIDO,CALLE 52 CON CARRERA 25,6.24142598,-75.54590283,8,Villa Hermosa,0812,El Pinal
680961,2024,2024-11-08,14:10,Otro,HERIDO,CL 099 048 A,6.29074531,-75.55566319,2,Santa Cruz,209,Moscú No.1
489563,2019,2019-03-31,17:30,Otro,HERIDO,CALLE 97 AA CON CARRERA 83,6.29869601,-75.58124626,6,Doce de Octubre,0603,Doce de Octubre No.2
631253,2022,2022-10-11,23:00,Atropello,HERIDO,Calle 46 Con Carrera 45,6.24484482,-75.56637321,10,La Candelaria,1013,Barrio Colón
560638,2021,2021-02-08,04:00,Otro,HERIDO,CALLE 64 CON CARRERA 39,6.25513194,-75.55290501,8,Villa Hermosa,0803,San Miguel
544269,2020,2020-08-22,08:00,Choque,SOLO DAÑOS,CALLE 44 CON CARRERA 63,6.24854018,-75.58088972,11,Laureles Estadio,1103,Naranjal
512131,2019,2019-09-25,10:00,Otro,HERIDO,CALLE 16 SUR CON CARRERA 49,6.19023048,-75.58038241,14,El Poblado,1423,Santa María de los Ángeles
648651,2023,2023-06-26,15:00,Otro,HERIDO,Calle 84 Con Carrera 52,6.27795005,-75.56391054,4,Aranjuez,0404,Bermejal-Los Alamos
563441,2021,2021-03-04,16:10,Choque,SOLO DAÑOS,CALLE 33 CON CARRERA 81 A,6.2386964,-75.60404323,11,Laureles Estadio,1110,La Castellana
656050,2023,2023-10-10,14:40,Atropello,HERIDO,Calle 2  Sur Con Carrera 46,6.2033332,-75.57576013,14,El Poblado,1421,Patio Bonito
550877,2020,2020-10-30,19:40,Choque,SOLO DAÑOS,CALLE 80 CON CARRERA 79,6.27089227,-75.53965586,3,Manrique,0311,La Cruz
615179,2022,2022-05-31,07:40,Choque,SOLO DAÑOS,Calle 55 Con Carrera 71 A,6.26256402,-75.58591709,11,Laureles Estadio,1115,Cuarta Brigada
523938,2019,2019-12-19,15:27,Choque,SOLO DAÑOS,CALLE 93 CON CARRERA 65,6.28917835,-75.57043284,5,Castilla,0511,Castilla
622146,2022,2022-07-30,00:30,Otro,HERIDO,Calle 82 Con Carrera 44,6.27431565,-75.55279845,3,Manrique,0303,Campo Valdés No. 2
567512,2021,2021-04-16,17:40,Choque,HERIDO,CALLE 29 CON CARRERA 43,6.22809294,-75.56881172,10,La Candelaria,1020,San Diego
487943,2019,2019-03-16,12:00,Choque,SOLO DAÑOS,CALLE 55 CON CARRERA 65,6.25866798,-75.58014181,11,Laureles Estadio,1101,Carlos E. Restrepo
530563,2020,2020-02-11,11:40,Choque,SOLO DAÑOS,CALLE 55 CON CARRERA 74,6.26475364,-75.58753334,11,Laureles Estadio,1114,Los Colores
655431,2023,2023-10-02,06:00,Otro,HERIDO,Calle 61 Con Carrera 42,6.25453324,-75.5575213,8,Villa Hermosa,0803,San Miguel
657160,2023,2023-10-25,23:30,Otro,HERIDO,Calle 30 Con Carrera 66 B,6.23167102,-75.58727328,16,Belén,1601,Rosales
594500,2021,2021-12-02,18:45,Choque,SOLO DAÑOS,CALLE 10 CON CARRERA 58,6.2160916,-75.58409804,15,Guayabal,1507,Campo Amor
541239,2020,2020-07-07,21:30,Choque,SOLO DAÑOS,CALLE 48 CON CARRERA 40,6.24415485,-75.56144802,10,La Candelaria,1015,Bomboná No. 1
488556,2019,2019-03-21,17:10,Atropello,HERIDO,CALLE 48 SUR CON CARRERA 75,6.17861817,-75.6532705,80,Corregimiento de San Antonio de Prado,8098,Área de Expansión San Antonio de Prado
493189,2019,2019-05-03,05:40,Choque,HERIDO,CALLE 62 CON CARRERA 92 A,6.27842393,-75.60516564,7,Robledo,0719,Fuente Clara
642214,2023,2023-03-29,08:50,Atropello,HERIDO,Calle 73 Con Carrera 73,6.26847755,-75.55981598,4,Aranjuez,0408,San Pedro
504038,2019,2019-07-30,14:20,Volcamiento,HERIDO,CALLE 88 CON CARRERA 55,6.28116098,-75.56655862,4,Aranjuez,0405,Moravia
601611,2022,2022-02-07,08:00,Choque,HERIDO,Calle 65 Con Carrera 90,6.27783509,-75.59877765,7,Robledo,0717,Robledo
518762,2019,2019-11-12,08:05,Choque,HERIDO,CALLE 51 CON CARRERA 75,6.26047921,-75.59012075,11,Laureles Estadio,1115,Cuarta Brigada
682226,2024,2024-11-30,12:40,Atropello,HERIDO,CR  080   044  016 00000,6.25098771,-75.6020256,12,La América,1203,Los Pinos
601086,2022,2022-02-03,09:00,Choque,HERIDO,Calle 58 Con Carrera 43,6.2527439,-75.55990303,10,La Candelaria,1018,Villa Nueva
489077,2019,2019-03-26,17:00,Choque,HERIDO,CALLE 84 CON CARRERA 50,6.27709069,-75.55846286,4,Aranjuez,0414,Brasilia
681446,2024,2024-11-16,22:00,Otro,HERIDO,DG 075 CC 002 A,,,16,Belén,,
513821,2019,2019-10-07,13:40,Choque,HERIDO,CALLE 54 CON CARRERA 83,6.26910067,-75.59898008,12,La América,1213,Calasanz Parte Alta
480518,2019,2019-01-11,18:39,Choque,SOLO DAÑOS,CALLE 12 SUR CON CARRERA 48,6.19447072,-75.57843305,14,El Poblado,1423,La Aguacatala
606512,2022,2022-03-17,22:00,Choque,SOLO DAÑOS,Calle 44 Con Carrera 90 A,6.25260342,-75.60806852,12,La América,1207,El Danubio
695022,2025,2025-06-03,04:00,Choque,HERIDO,Calle 35 Con Carrera 86 A,6.24394807,-75.61148567,12,La América,1212,Santa Teresita
603202,2022,2022-02-19,17:00,Choque,SOLO DAÑOS,Calle 103 A Con Carrera 76,6.30173395,-75.57452224,6,Doce de Octubre,0604,Pedregal
699813,2025,2025-07-31,16:30,Otro,HERIDO,Calle 20 Con Carrera 48,6.22414852,-75.5752079,14,El Poblado,1403,Villa Carlota
544314,2020,2020-08-22,20:00,Caida Ocupante,HERIDO,CALLE 44 CON CARRERA 64 C,6.24800947,-75.58340778,11,Laureles Estadio,1104,San Joaquín
536813,2020,2020-05-04,06:00,Otro,HERIDO,CALLE 25 CON CARRERA 52,6.22592655,-75.57845009,15,Guayabal,1503,Trinidad
595739,2021,2021-12-12,19:40,Choque,HERIDO,CALLE 42 B CON CARRERA 84 A,6.24753009,-75.60609647,12,La América,1211,Simón Bolívar
673545,2024,2024-07-16,07:21,Choque,HERIDO,CL 059 070 068,,,11,Laureles Estadio,,
564241,2021,2021-03-11,20:40,Choque,SOLO DAÑOS,CALLE 33 CON CARRERA 80 A,6.23875733,-75.60094705,11,Laureles Estadio,1109,Las Acacias
671480,2024,2024-06-12,05:40,Choque,HERIDO,Carrera 46 Con Calle 92,6.28369664,-75.55366442,4,Aranjuez,401,Berlín
575135,2021,2021-06-27,19:45,Choque,HERIDO,CALLE 98 CON CARRERA 73,6.29505851,-75.57529271,6,Doce de Octubre,0605,La Esperanza
505072,2019,2019-08-06,12:20,Choque,SOLO DAÑOS,CALLE 45 CON CARRERA 67,6.24875672,-75.58519485,11,Laureles Estadio,1104,San Joaquín
670063,2024,2024-05-18,18:10,Choque,HERIDO,Calle 37 Con Carrera 50,6.23818958,-75.57244463,10,La Candelaria,1011,Calle Nueva
664448,2024,2024-02-21,05:50,Otro,HERIDO,Carrera 46 Con Calle 52,6.2492965,-75.564548,10,La Candelaria,1019,La Candelaria
516312,2019,2019-10-25,00:40,Caida Ocupante,HERIDO,CALLE 55 CON CARRERA 52,6.25481792,-75.56809883,10,La Candelaria,1005,Estación Villa
661540,2024,2024-01-07,19:00,Atropello,MUERTO,Calle 65 AA Con Carrera 105,6.2830383,-75.61691183,60,Corregimiento de San Cristóbal,6098,Área de Expansión Pajarito
617392,2022,2022-06-18,21:20,Atropello,HERIDO,Calle 54 Con Carrera 62,6.25658148,-75.5751402,10,La Candelaria,1006,San Benito
527047,2020,2020-01-16,19:43,Choque,SOLO DAÑOS,CALLE 43 CON CARRERA 9,6.22834163,-75.53958652,90,Corregimiento de Santa Elena,9001,Barrio de Jesús
581192,2021,2021-08-17,05:40,Otro,HERIDO,CALLE 97 CON CARRERA 52,6.29057897,-75.56278331,4,Aranjuez,0403,Palermo
670048,2024,2024-05-18,14:00,Atropello,HERIDO,Carrera 62 Con Calle 44,6.24777851,-75.57974986,10,La Candelaria,1008,Corazón de Jesús
622414,2022,2022-08-01,09:30,Choque,HERIDO,Calle 48 Con Carrera 80,6.25884817,-75.5977618,12,La América,1202,Calasanz
518266,2019,2019-11-08,12:00,Atropello,HERIDO,CALLE 30 CON CARRERA 80,6.23123883,-75.60064487,16,Belén,1603,Belén
639137,2023,2023-02-10,16:30,Choque,HERIDO,Calle 17 A Sur Con Carrera 48,6.18913839,-75.58101035,14,El Poblado,1423,Santa María de los Ángeles
673310,2024,2024-07-12,13:50,Otro,HERIDO,CR 062 064 066,,,10,La Candelaria,,
579737,2021,2021-08-05,05:20,Choque,HERIDO,CALLE 67 CON CARRERA 99,6.28773927,-75.61011013,60,Corregimiento de San Cristóbal,6098,Área de Expansión Pajarito
526229,2020,2020-01-09,15:40,Choque,HERIDO,CALLE 51 CON CARRERA 71,6.25944731,-75.58676918,11,Laureles Estadio,1115,Cuarta Brigada
569592,2021,2021-05-11,13:10,Choque,HERIDO,CALLE 65 CON CARRERA 83,6.27466007,-75.59483362,7,Robledo,0717,Robledo
492412,2019,2019-04-25,16:00,Atropello,HERIDO,CALLE 55 SUR CON CARRERA 55,6.17566945,-75.63656148,80,Corregimiento de San Antonio de Prado,8000,Cabecera San Antonio de Prado
599914,2022,2022-01-23,11:40,Choque,HERIDO,Calle 65 Con Carrera 86,6.27589459,-75.59641313,7,Robledo,0717,Robledo
616479,2022,2022-06-11,13:30,Choque,HERIDO,Calle 72 Con Carrera 64 C,6.27037303,-75.57383519,5,Castilla,0517,Caribe
576681,2021,2021-07-11,10:40,Choque,HERIDO,CALLE 60 C CON CARRERA 103 D,6.27499298,-75.61309772,7,Robledo,0720,Santa Margarita
636059,2022,2022-12-20,05:10,Choque,HERIDO,Calle 68 Con Carrera 48,6.26407731,-75.55746781,4,Aranjuez,0409,Manrique Central No. 1
574312,2021,2021-06-21,10:00,Choque,SOLO DAÑOS,CALLE 41 CON CARRERA 48,6.24142565,-75.57021222,10,La Candelaria,1013,Barrio Colón
600984,2022,2022-02-02,08:20,Choque,SOLO DAÑOS,Calle 56 Con Carrera 58,6.28053583,-75.56657577,4,Aranjuez,0405,Moravia
496461,2019,2019-05-29,13:00,Choque,SOLO DAÑOS,CALLE 38 CON CIRCULAR 73,6.24667472,-75.59465711,11,Laureles Estadio,1108,Laureles
694147,2025,2025-05-22,17:30,Caida Ocupante,HERIDO,Calle 53 B Con Carrera 85,6.267609,-75.593927,N/D,N/D,,
603188,2022,2022-02-19,15:30,Choque,HERIDO,Calle 60 Con Carrera 77 A,6.26881993,-75.59065774,7,Robledo,0703,San Germán
681707,2024,2024-11-21,15:45,Atropello,HERIDO,CL 051 A 026,6.24148173,-75.54921404,9,Buenos Aires,905,Alejandro Echavarría
578369,2021,2021-07-24,14:50,Choque,SOLO DAÑOS,CALLE 45 CON CARRERA 99,6.25711282,-75.61471635,13,San Javier,1309,San Javier No.1
532284,2020,2020-02-23,11:00,Choque,HERIDO,CALLE 30 A CON CARRERA 66 B,6.2324185,-75.58729876,16,Belén,1601,Rosales
556697,2020,2020-12-24,06:10,Choque,HERIDO,CALLE 74 CON CARRERA 51,6.26956607,-75.5619665,4,Aranjuez,0408,Jardín Botánico
558092,2021,2021-01-13,23:40,Choque,HERIDO,CALLE 60 CON CARRERA 76,6.2685065699999996,-75.59109996,7,Robledo,0703,San Germán
567584,2021,2021-04-18,09:30,Volcamiento,HERIDO,CALLE 104 B CON CARRERA 87,6.3077424,-75.58498636,6,Doce de Octubre,0612,El Triunfo
631067,2022,2022-10-09,11:30,Otro,HERIDO,Calle 55 Con Carrera 26,6.24350025,-75.54792107,8,Villa Hermosa,0810,El Pinal
578784,2021,2021-07-27,22:50,Choque,SOLO DAÑOS,CALLE 96 A CON CARRERA 81,6.29451918,-75.58236292,6,Doce de Octubre,0606,San Martín de Porres
626152,2022,2022-08-30,08:00,Choque,SOLO DAÑOS,Calle 45 Con Carrera 36 A,6.24093427,-75.55922449,9,Buenos Aires,0911,Gerona
514766,2019,2019-10-14,16:05,Choque,HERIDO,CALLE 62 CON CARRERA 39,6.25351332,-75.55450963,8,Villa Hermosa,0803,San Miguel
520397,2019,2019-11-23,21:00,Otro,HERIDO,CALLE 67 CON CARRERA 48,6.26309782,-75.55767356,10,La Candelaria,1001,Prado
515661,2019,2019-10-20,23:00,Choque,HERIDO,CALLE 3 D CON CARRERA 84 F,6.21376025,-75.60754552,70,Corregimiento de Altavista,7097,Area De Expansion Belen Rincon
664414,2024,2024-02-20,12:01,Volcamiento,HERIDO,Carrera 84 Con Calle 33 AA,6.24024905,-75.60816227,11,Laureles Estadio,1110,La Castellana
499498,2019,2019-06-24,18:15,Choque,SOLO DAÑOS,CALLE 104 CON CARRERA 64 D,6.30185622,-75.56529451,5,Castilla,0509,Boyacá
534241,2020,2020-03-09,05:25,Otro,HERIDO,CALLE 30 CON CARRERA 50,6.23187752,-75.57442722,10,La Candelaria,1012,Perpetuo Socorro
675706,2024,2024-08-18,10:51,Choque,HERIDO,Carrera 50 Con Calle 8  Sur,6.19867107,-75.58098852,15,Guayabal,1510,Guayabal
598293,2022,2022-01-05,08:30,Caida Ocupante,HERIDO,Calle 58 Con Carrera 41,6.23581309,-75.53201234,8,Villa Hermosa,0819,Villa Liliam
618425,2022,2022-06-28,15:50,Choque,SOLO DAÑOS,Calle 10 Con Carrera 48,6.21253849,-75.57637912,14,El Poblado,1421,Patio Bonito
544350,2020,2020-08-23,15:15,Choque,HERIDO,CALLE 90 CON CARRERA 51 B,6.28193991,-75.56243978,4,Aranjuez,0413,Aranjuez
520575,2019,2019-11-25,13:30,Choque,HERIDO,CALLE 7 CON CARRERA 65,6.21433373,-75.58633879,15,Guayabal,1507,Campo Amor
632536,2022,2022-10-29,20:30,Choque,HERIDO,Calle 62 D Con Carrera 109,6.27523161,-75.61831067,7,Robledo,0720,Santa Margarita
689904,2025,2025-03-29,04:18,Choque,HERIDO,Calle 9 Con Carrera 76,6.21938936,-75.5989414,16,Belén,1606,Las Playas
485997,2019,2019-02-27,13:20,Volcamiento,HERIDO,CALLE 44 CON CARRERA 6 B,6.22682674,-75.54113386,9,Buenos Aires,0903,Bomboná No. 2
579288,2021,2021-07-31,21:00,Volcamiento,HERIDO,CALLE 80 CON CARRERA 74,6.2814323,-75.58039003,7,Robledo,0710,López de Mesa
656521,2023,2023-10-17,19:00,Choque,HERIDO,Calle 63 Con Carrera 89,6.27607588,-75.59827482,7,Robledo,0717,Robledo
654485,2023,2023-09-18,21:50,Choque,HERIDO,Calle 1 Con Diagonal 75 CC,6.21101313,-75.59496393,16,Belén,1607,Diego Echavarría
510698,2019,2019-09-15,20:25,Choque,SOLO DAÑOS,CALLE 52 CON CARRERA 16,6.23637432,-75.54121044,8,Villa Hermosa,0813,Villatina
541935,2020,2020-07-16,08:45,Otro,HERIDO,CALLE 65 CON CARRERA 41,6.25736798,-75.55447961,8,Villa Hermosa,0801,La Mansión
581215,2021,2021-08-17,08:10,Choque,HERIDO,CALLE 18 CON CARRERA 70,6.2223089,-75.59214761,16,Belén,1606,Las Playas
638335,2023,2023-01-29,12:00,Otro,HERIDO,Calle 92 Con Carrera 69,6.2840846,-75.57503234,5,Castilla,0514,Alfonso López
698923,2025,2025-07-21,11:00,Choque,HERIDO,Calle 97 Con Carrera 74,6.29413695,-75.57709985,6,Doce de Octubre,605,La Esperanza
493296,2019,2019-05-03,17:40,Choque,SOLO DAÑOS,CALLE 37 CON CARRERA 54,6.23923165,-75.57506878,10,La Candelaria,1012,Calle Nueva
555370,2020,2020-12-12,18:00,Choque,HERIDO,CALLE 4 A CON DIAGONAL 75 D,6.21470251,-75.59845335,16,Belén,1608,La mota
589381,2021,2021-10-21,05:40,Otro,HERIDO,CALLE 113 A CON CARRERA 64 C,6.3083109,-75.56158361,5,Castilla,0502,Las Brisas
490997,2019,2019-04-11,15:40,Choque,SOLO DAÑOS,CALLE 44 CON CARRERA 86 A,6.25095313,-75.60567728,12,La América,1204,La América
625082,2022,2022-08-21,01:00,Otro,HERIDO,Calle 94 Con Carrera 79,6.29189419,-75.58275175,6,Doce de Octubre,0608,Picacho
684597,2025,2025-01-17,18:30,Otro,HERIDO,Calle 104 Con Carrera 65,6.30150067,-75.56622664,5,Castilla,505,Boyacá
524575,2019,2019-12-23,23:30,Choque,HERIDO,CALLE 30 CON CARRERA 43 A,6.22976619,-75.56972478,10,La Candelaria,1020,San Diego
540288,2020,2020-06-26,09:00,Otro,HERIDO,CALLE 78 CON CARRERA 64,6.27601881,-75.5701112,5,Castilla,Inst_4,Terminal de Transporte
694527,2025,2025-05-27,13:45,Choque,HERIDO,Calle 30 Con Carrera 70,6.23155195,-75.59145374,16,Belén,1604,Granada
525748,2020,2020-01-04,11:50,Choque,SOLO DAÑOS,CALLE 37 CON CARRERA 57,,,10,La Candelaria,,
572990,2021,2021-06-10,06:40,Volcamiento,HERIDO,CALLE 73 CON CARRERA 72 B,6.26920414,-75.50373964,90,Corregimiento de Santa Elena,9003,Piedras Blancas Represa
639350,2023,2023-02-13,18:00,Otro,HERIDO,Calle 72 Con Carrera 32,6.26755437,-75.54422364,3,Manrique,0305,El Raizal
538143,2020,2020-05-27,10:00,Choque,SOLO DAÑOS,CALLE 99 CON CARRERA 99,6.29022786,-75.55256781,1,Popular,0105,Moscú No. 2
535133,2020,2020-03-16,15:55,Choque,SOLO DAÑOS,CALLE 46 CON CARRERA 57,6.24910451,-75.57501511,10,La Candelaria,1007,Guayaquil
557349,2021,2021-01-01,07:30,Choque,HERIDO,CALLE 77 CON CARRERA 25,6.269576,-75.54109445,3,Manrique,0311,La Cruz
593831,2021,2021-11-27,16:10,Choque,HERIDO,CALLE 60 CON CARRERA 41,6.2534679,-75.55731191,10,La Candelaria,1017,San Miguel
648969,2023,2023-07-01,12:50,Choque,HERIDO,Calle 7 Con Carrera 54,6.21291908,-75.58380323,15,Guayabal,1507,Campo Amor
679053,2024,2024-10-09,13:40,Atropello,HERIDO,CL 094 079 A,6.29203762,-75.58319746,6,Doce de Octubre,608,Picacho
530443,2020,2020-02-10,15:50,Choque,SOLO DAÑOS,CALLE 71 CON CARRERA 67,6.27162804,-75.57891126,7,Robledo,0702,B. Cerro  El Volador
698988,2025,2025-07-22,08:00,Choque,HERIDO,Calle 43 Con Carrera 64,6.24751811,-75.58264306,11,Laureles Estadio,1104,San Joaquín
669827,2024,2024-05-15,07:20,Otro,HERIDO,Calle 89 Con Carrera 39,6.28139486,-75.54820201,3,Manrique,302,Las Granjas
544738,2020,2020-08-28,11:30,Otro,HERIDO,CALLE 12 SUR CON CARRERA 50,6.19543256,-75.58306947,15,Guayabal,-,0
569684,2021,2021-05-12,12:05,Choque,HERIDO,CALLE 1 CON CARRERA 38,6.20253947,-75.56932162,14,El Poblado,1417,La Florida
578671,2021,2021-07-27,07:00,Otro,HERIDO,CALLE 25 CON CARRERA 55,6.22677931,-75.58092976,15,Guayabal,1503,Trinidad
660887,2023,2023-12-18,12:30,Otro,HERIDO,Calle 1  Sur Con Carrera 77 A,6.2107626,-75.60025258,16,Belén,1608,La Mota
576532,2021,2021-07-09,22:00,Choque,SOLO DAÑOS,CALLE 45 CON CARRERA 62,6.2491239,-75.57922237,10,La Candelaria,1008,Corazón de Jesús
594161,2021,2021-11-30,11:50,Choque,HERIDO,CALLE 47 CON CARRERA 35,6.24093144,-75.55747632,9,Buenos Aires,0907,Buenos Aires
572823,2021,2021-06-08,20:40,Otro,HERIDO,CALLE 20 CON CARRERA 138 A,,,50,Corregimiento de San Sebastián de Palmitas,,
701166,2025,2025-08-15,15:45,Otro,HERIDO,Calle 42 C Con Carrera 95,6.25396203,-75.61315924,12,La América,1208,Campo Alegre
524014,2019,2019-12-20,07:00,Caida Ocupante,HERIDO,CALLE 80 CON CARRERA 64 C,6.27699394,-75.57266359,5,Castilla,Inst_4,Terminal de Transporte
580700,2021,2021-08-12,10:10,Caida Ocupante,HERIDO,CALLE 44 CON CARRERA 55,6.2462135,-75.57446575,10,La Candelaria,1007,Guayaquil
702483,2025,2025-08-31,07:00,Choque,HERIDO,Calle 82 Con Carrera 48,6.27490469,-75.55608628,4,Aranjuez,410,Campo Valdés No.1
596346,2021,2021-12-17,15:00,Choque,SOLO DAÑOS,CALLE 3 CON CARRERA 65 E,6.21207071,-75.5883503,15,Guayabal,Inst_19,Parque Juan Pablo II
545978,2020,2020-09-10,14:15,Atropello,HERIDO,CALLE 82 CON CARRERA 52,6.27634633,-75.56422233,4,Aranjuez,0405,Moravia
588945,2021,2021-10-16,23:00,Choque,SOLO DAÑOS,CALLE 95 CON CARRERA 68,6.28985309,-75.57247807,5,Castilla,0511,Castilla
557164,2020,2020-12-30,10:11,Choque,SOLO DAÑOS,CALLE 52 CON CARRERA 50,6.2509127,-75.56733818,10,La Candelaria,1019,La Candelaria
662829,2024,2024-01-28,19:00,Atropello,HERIDO,Carrera 102 Con Calle 58,6.27389458,-75.6105658,7,Robledo,722,Olaya Herrera
551531,2020,2020-11-06,20:20,Otro,HERIDO,CALLE 43 CON CARRERA 63,6.25046623,-75.58012853,11,Laureles Estadio,1103,Naranjal
498898,2019,2019-06-18,21:40,Choque,HERIDO,CALLE 83 CON CARRERA 39,6.27430627,-75.54818918,3,Manrique,0304,Santa Inés
586774,2021,2021-09-30,12:30,Choque,SOLO DAÑOS,CALLE 48 CON CARRERA 62,6.25227435,-75.57752098,10,La Candelaria,1008,Corazón de Jesús
628637,2022,2022-09-17,18:50,Atropello,HERIDO,Calle 67 Con Carrera 53,6.26454434,-75.56745004,4,Aranjuez,0407,Sevilla
620027,2022,2022-07-12,14:15,Choque,SOLO DAÑOS,Calle 25 Con Carrera 50,6.22538614,-75.57675499,15,Guayabal,1504,Santa Fé
699507,2025,2025-07-28,10:30,Otro,HERIDO,Calle 47 B Con Carrera 91 C,6.25745671,-75.6083882,12,La América,1206,Santa Lucía
574726,2021,2021-06-24,12:00,Atropello,HERIDO,CALLE 10 CON CARRERA 30,6.20888896,-75.55923311,14,El Poblado,1406,Las Lomas No.1
601976,2022,2022-02-10,09:30,Choque,HERIDO,Calle 70 Con Carrera 41,6.26473629,-75.55125021,3,Manrique,0308,Manrique Oriental
623441,2022,2022-08-08,10:58,Choque,SOLO DAÑOS,Calle 48 Con Carrera 63,6.25159371,-75.57924808,11,Laureles Estadio,1102,Suramericana
610627,2022,2022-04-23,01:00,Otro,SOLO DAÑOS,Calle 24 Con Carrera 49,6.22581392,-75.57587697,14,El Poblado,1403,Villa Carlota
609453,2022,2022-04-11,12:10,Choque,SOLO DAÑOS,Calle 49 D Con Carrera 84 A,6.26089883,-75.60291961,13,San Javier,1304,Los Alcázares
695330,2025,2025-06-06,20:10,Choque,HERIDO,Calle 6  Sur Con Carrera 52,6.20425697,-75.58712255,15,Guayabal,1510,Guayabal
695418,2025,2025-06-07,21:30,Choque,HERIDO,Calle 61 A Con Carrera 55,6.26071554,-75.56908642,10,La Candelaria,1003,Jesús Nazareno
533614,2020,2020-03-04,07:40,Choque,SOLO DAÑOS,CALLE 49 B CON CARRERA 63,6.25154711,-75.57915609,11,Laureles Estadio,1102,Suramericana
571222,2021,2021-05-26,06:50,Choque,HERIDO,CALLE 58 CON CARRERA 37,6.2497644,-75.55528518,10,La Candelaria,1016,Boston
662337,2024,2024-01-21,11:00,Choque,HERIDO,Carrera 51 Con Calle 99,6.29194223,-75.55989301,2,Santa Cruz,211,La Rosa
552585,2020,2020-11-18,10:40,Atropello,HERIDO,CALLE 109 CON CARRERA 46 A,6.29917361,-75.55024318,2,Santa Cruz,0205,La Francia
701911,2025,2025-08-24,19:30,Otro,HERIDO,Calle 49 Con Carrera 83 A,,,N/D,N/D,,
551899,2020,2020-11-10,18:50,Choque,HERIDO,CALLE 84 CON CARRERA 39,6.27512894,-75.54748538,3,Manrique,0304,Las Granjas
689358,2025,2025-03-21,19:20,Choque,HERIDO,Calle 42  Sur Con Carrera 63,6.18300533,-75.64438298,80,Corregimiento de San Antonio de Prado,AUC2,San Antonio de Prado
480514,2019,2019-01-11,17:40,Choque,SOLO DAÑOS,CALLE 52 CON CARRERA 45,6.24887373,-75.56352306,10,La Candelaria,1019,La Candelaria
511661,2019,2019-09-21,20:30,Choque,HERIDO,CALLE 80 CON CARRERA 49,6.27347162,-75.5580085,4,Aranjuez,0414,Brasilia
562992,2021,2021-02-28,13:00,Choque,SOLO DAÑOS,CALLE 4 A CON CARRERA 30,6.20170525,-75.56195242,14,El Poblado,1409,La Florida
587378,2021,2021-10-05,05:20,Caida Ocupante,HERIDO,CALLE 30 A CON CARRERA 55,6.23294737,-75.57947169,15,Guayabal,1502,Tenche
635126,2022,2022-12-06,00:40,Otro,HERIDO,Calle 107 Con Carrera 52,6.29963024,-75.55728776,2,Santa Cruz,0206,Andalucía
625565,2022,2022-08-25,09:00,Choque,SOLO DAÑOS,Calle 10  Sur Con Carrera 49,6.19735856,-75.58024927,14,El Poblado,1422,La Aguacatala
608166,2022,2022-04-01,06:00,Otro,HERIDO,Calle 17 Con Carrera 49,6.21878158,-75.57671398,14,El Poblado,1403,Villa Carlota
551506,2020,2020-11-06,16:30,Choque,SOLO DAÑOS,CALLE 73 CON CARRERA 72 C,6.27342928,-75.58365971,7,Robledo,0706,La Pilarica
701316,2025,2025-08-17,20:00,Atropello,HERIDO,Calle 64 Con Carrera 104,6.28112269,-75.61470282,60,Corregimiento de San Cristóbal,AE1,Área de Expansión Pajarito
536669,2020,2020-04-29,16:00,Otro,HERIDO,CALLE 78 A CON CARRERA 69,6.27474634,-75.57882862,5,Castilla,0519,Bosques de San Pablo
543630,2020,2020-08-13,12:30,Choque,SOLO DAÑOS,CALLE 95 CON CARRERA 65,6.29039152,-75.56997746,5,Castilla,0511,Castilla
512079,2019,2019-09-24,22:15,Choque,HERIDO,CALLE 49 CON CARRERA 50,6.24865104,-75.56821901,10,La Candelaria,1019,La Candelaria
519507,2019,2019-11-17,19:30,Caida Ocupante,HERIDO,CALLE 63 B CON CARRERA 64,6.24370974,-75.58145311,11,Laureles Estadio,1105,Los Conquistadores
602503,2022,2022-02-14,17:40,Choque,SOLO DAÑOS,Calle 56 Con Carrera 46,6.25271097,-75.56278177,10,La Candelaria,1018,Villa Nueva
480625,2019,2019-01-12,17:30,Choque,SOLO DAÑOS,CALLE 67 CON CARRERA 64 C,6.26572662,-75.57502301,5,Castilla,0517,Caribe
574288,2021,2021-06-21,06:30,Otro,HERIDO,CALLE 25 CON CARRERA 50,6.22538614,-75.57675499,15,Guayabal,1504,Santa Fé
544498,2020,2020-08-25,13:30,Choque,SOLO DAÑOS,CALLE 58 CON CARRERA 62,6.26047672,-75.57328816,10,La Candelaria,1004,El Chagualo
619625,2022,2022-07-09,09:00,Choque,HERIDO,Calle 78 Con Carrera 42,6.27052309,-75.55134519,3,Manrique,0303,Campo Valdés No. 2
596568,2021,2021-12-19,04:30,Choque,SOLO DAÑOS,CALLE 44 CON CARRERA 90,6.252265,-75.60760733,12,La América,1207,El Danubio
606207,2022,2022-03-15,16:40,Choque,SOLO DAÑOS,Calle 44 Con Carrera 61,6.24740146,-75.57839633,10,La Candelaria,1008,Corazón de Jesús
488364,2019,2019-03-20,08:20,Choque,SOLO DAÑOS,CALLE 80 CON CARRERA 80,6.18661632,-75.65660126,80,Corregimiento de San Antonio de Prado,8000,Cabecera San Antonio de Prado
486776,2019,2019-03-05,22:30,Choque,SOLO DAÑOS,CALLE 37 CON CARRERA 45,6.2376202,-75.57007407,10,La Candelaria,1020,Barrio Colón
634676,2022,2022-11-29,22:50,Choque,HERIDO,Calle 30 Con Carrera 50,6.23187752,-75.57442722,10,La Candelaria,1012,Perpetuo Socorro
636147,2022,2022-12-21,13:06,Choque,HERIDO,Calle 58 Con Carrera 32,6.2490042,-75.55254679,8,Villa Hermosa,0808,Enciso
612706,2022,2022-05-09,17:50,Choque,HERIDO,Calle 97 A Con Carrera 64 C,6.29217976,-75.56826986,5,Castilla,0510,Tricentenario
612646,2022,2022-05-09,07:00,Otro,HERIDO,Calle 56 Con Carrera 41,6.25045515,-75.55918136,10,La Candelaria,1016,Boston
569676,2021,2021-05-12,10:40,Choque,SOLO DAÑOS,CALLE 12 SUR CON CARRERA 48,6.19507175,-75.57932951,14,El Poblado,1422,La Aguacatala
543118,2020,2020-08-05,17:00,Choque,SOLO DAÑOS,CALLE 6 SUR CON CARRERA 52,6.20500676,-75.58709953,15,Guayabal,1509,Cristo Rey
563379,2021,2021-03-04,01:00,Choque,HERIDO,CALLE 57 CON CARRERA 46,6.25340368,-75.56238211,10,La Candelaria,1018,Villa Nueva
702043,2025,2025-08-26,09:18,Choque,MUERTO,Calle 11  Sur Con Carrera 9,,,N/D,N/D,,
577643,2021,2021-07-18,22:45,Otro,HERIDO,CALLE 4 A CON DIAGONAL 75 D,6.21470251,-75.59845335,16,Belén,1608,La mota
622116,2022,2022-07-29,20:30,Choque,SOLO DAÑOS,Calle 49 CC Con Carrera 88,6.26187413,-75.60600654,13,San Javier,1304,Los Alcázares
548290,2020,2020-10-04,16:30,Choque,SOLO DAÑOS,CALLE 43 CON CARRERA 100,6.25657442,-75.61628497,13,San Javier,1309,San Javier No.1
600632,2022,2022-01-29,22:40,Atropello,HERIDO,Calle 46 Con Carrera 61,6.25052258,-75.57849914,10,La Candelaria,1008,Corazón de Jesús
683911,2025,2025-01-03,22:00,Otro,HERIDO,Calle 44 Con Carrera 92,6.25344418,-75.60921961,12,La América,1207,El Danubio
492499,2019,2019-04-26,10:00,Choque,SOLO DAÑOS,CALLE 9 SUR CON CARRERA 79,6.20270274,-75.59991441,16,Belén,1609,La Hondonada
642321,2023,2023-03-30,19:30,Otro,HERIDO,Calle 67 Con Carrera 51 D,6.26412461,-75.5654258,10,La Candelaria,Inst_12,Hospital San Vicente de Paúl
624158,2022,2022-08-13,17:10,Atropello,HERIDO,Calle 41 Con Carrera 101,6.25513792,-75.61619494,13,San Javier,1309,San Javier No.1
540633,2020,2020-06-30,19:00,Choque,HERIDO,CALLE 12 SUR CON CARRERA 49,6.19443032,-75.58118307,14,El Poblado,1423,Santa María de los Ángeles
629864,2022,2022-09-28,10:30,Choque,SOLO DAÑOS,Calle 45 Con Carrera 43 A,6.24323207,-75.56665883,10,La Candelaria,1013,Las Palmas
496618,2019,2019-05-30,20:45,Choque,SOLO DAÑOS,CALLE 1 CON CARRERA 75 BA,6.21060496,-75.59571675,16,Belén,1608,La mota
645175,2023,2023-05-12,16:00,Otro,HERIDO,Calle 66 Con Carrera 41,6.25931665,-75.55308459,8,Villa Hermosa,0801,La Mansión
689600,2025,2025-03-25,11:00,Choque,HERIDO,Calle 44 Con Carrera 79 A,,,N/D,N/D,Sin inf,Sin inf
569194,2021,2021-05-07,07:15,Choque,SOLO DAÑOS,CALLE 73 CON CARRERA 69,6.273532,-75.57997014,7,Robledo,0707,B. Cerro  El Volador
547549,2020,2020-09-27,13:00,Volcamiento,HERIDO,CALLE 88 CON CARRERA 53 A,6.28033574,-75.56532897,4,Aranjuez,0404,Bermejal-Los Alamos
617126,2022,2022-06-16,19:20,Choque,HERIDO,Calle 29 Con Carrera 49,6.23114641,-75.57512211,14,El Poblado,1401,Barrio Colombia
553066,2020,2020-11-22,16:00,Choque,HERIDO,CALLE 83 CON CARRERA 55,,,4,Aranjuez,,
621672,2022,2022-07-26,09:00,Atropello,HERIDO,Calle 50 Con Carrera 57,6.25345151,-75.57564172,10,La Candelaria,1006,San Benito
563536,2021,2021-03-05,14:10,Choque,HERIDO,CALLE 55 CON CARRERA 27,6.24392269,-75.54850836,8,Villa Hermosa,0810,El Pinal
597230,2021,2021-12-24,14:50,Choque,SOLO DAÑOS,CALLE 1 SUR CON CARRERA 25 A,6.19512638,-75.55874203,14,El Poblado,1410,Los Naranjos
548311,2020,2020-10-04,23:29,Choque,SOLO DAÑOS,CALLE 92 CON CARRERA 50 B,6.28340667,-75.5592381,4,Aranjuez,0413,Aranjuez
525473,2020,2020-01-01,18:45,Otro,HERIDO,CALLE 65 CON CARRERA 88,6.27682717,-75.59772391,7,Robledo,0717,Robledo
699171,2025,2025-07-24,14:00,Atropello,HERIDO,Calle 30 A Con Carrera 57,6.23331854,-75.58184029,16,Belén,Inst_18,Cerro Nutibara
620830,2022,2022-07-19,08:00,Atropello,HERIDO,Calle 93 Con Carrera 92,6.29574086,-75.58667327,6,Doce de Octubre,0608,Picacho
637499,2023,2023-01-15,19:00,Otro,HERIDO,Calle 37 Con Carrera 33 B,6.23484695,-75.56009187,9,Buenos Aires,0912,El Salvador
529208,2020,2020-02-01,11:30,Choque,SOLO DAÑOS,CALLE 45 CON CARRERA 29,6.23718953,-75.55370436,9,Buenos Aires,0907,La Milagrosa
594911,2021,2021-12-05,16:30,Atropello,HERIDO,CALLE 107 CON CARRERA 48,6.29725389,-75.55348272,2,Santa Cruz,0206,Andalucía
684117,2025,2025-01-08,18:30,Choque,HERIDO,Calle 64 Con Carrera 41,6.25667474,-75.55499727,8,Villa Hermosa,803,San Miguel
694538,2025,2025-05-27,17:00,Choque,HERIDO,Calle 46 Con Carrera 27,6.23717566,-75.55167514,9,Buenos Aires,908,Miraflores
655925,2023,2023-10-08,12:00,Volcamiento,HERIDO,Calle 76 Con Diagonal 80,6.27725622,-75.58946486,7,Robledo,0706,La Pilarica
583662,2021,2021-09-06,08:15,Choque,HERIDO,CALLE 46 CON CARRERA 30,6.23842597,-75.55418679,9,Buenos Aires,0907,Buenos Aires
582844,2021,2021-08-30,13:00,Choque,SOLO DAÑOS,CALLE 15 A CON CARRERA 84 A,6.22144567,-75.60697236,16,Belén,1612,La Gloria
690246,2025,2025-04-01,23:10,Otro,HERIDO,Calle 101 Con Carrera 65,6.29537482,-75.56773501,5,Castilla,509,Girardot
620448,2022,2022-07-15,20:00,Choque,SOLO DAÑOS,Calle 69 Con Carrera 47,6.26459696,-75.55622693,4,Aranjuez,0409,Manrique Central No. 1
679503,2024,2024-10-17,12:50,Otro,HERIDO,CL 065 089,6.27753302,-75.59845212,7,Robledo,717,Robledo
596830,2021,2021-12-21,11:55,Choque,SOLO DAÑOS,CALLE 49 CON CARRERA 63,6.25265581,-75.57865747,11,Laureles Estadio,1102,Suramericana
696739,2025,2025-06-24,07:10,Choque,HERIDO,Calle 50 E Sur Con Carrera 75,,,N/D,N/D,,
632854,2022,2022-11-02,19:50,Atropello,HERIDO,Calle 91 C Con Carrera 65,6.28364204,-75.57179067,5,Castilla,0513,Alfonso López
577928,2021,2021-07-21,12:30,Choque,SOLO DAÑOS,CALLE 56 A CON CARRERA 20 A,6.24003469,-75.54269751,8,Villa Hermosa,0812,La Libertad
561272,2021,2021-02-13,07:00,Otro,HERIDO,CALLE 46 CON CARRERA 26,6.23698538,-75.5512903,9,Buenos Aires,0908,Miraflores
484745,2019,2019-02-17,04:30,Choque,SOLO DAÑOS,CALLE 78 CON CARRERA 64 C,6.27699394,-75.57266359,5,Castilla,Inst_4,Terminal de Transporte
626186,2022,2022-08-30,13:00,Otro,HERIDO,Calle 64 Con Carrera 104,6.28112269,-75.61470282,60,Corregimiento de San Cristóbal,6098,Área de Expansión Pajarito
622904,2022,2022-08-04,15:35,Choque,SOLO DAÑOS,Calle 2 Con Carrera 52,6.20919297,-75.58525122,15,Guayabal,1507,Campo Amor
660626,2023,2023-12-14,21:30,Otro,HERIDO,Calle 78 Con Carrera 62,,,4,Aranjuez,,
497256,2019,2019-06-05,17:25,Choque,SOLO DAÑOS,CALLE 25 CON CARRERA 49,6.224068,-75.57693953,15,Guayabal,1504,Santa Fé
542750,2020,2020-07-30,20:15,Volcamiento,HERIDO,CALLE 80 CON CARRERA 86,6.2858995,-75.5860784,7,Robledo,0711,El Diamante
686965,2025,2025-02-20,07:19,Otro,HERIDO,Calle 47 D Con Carrera 82,6.2590303,-75.60043779,12,La América,1205,La Floresta
555547,2020,2020-12-14,14:08,Choque,SOLO DAÑOS,CALLE 61 CON CARRERA 56,6.26039432,-75.57054558,10,La Candelaria,1004,El Chagualo
511884,2019,2019-09-23,17:00,Choque,SOLO DAÑOS,CALLE 55 CON CARRERA 70,6.26113243,-75.58464885,11,Laureles Estadio,1115,Cuarta Brigada
677354,2024,2024-09-13,06:29,Otro,HERIDO,Calle 12  Sur Con Carrera 23,6.18729518,-75.55992038,14,El Poblado,1411,Los Balsos No.1
670677,2024,2024-05-28,17:30,Otro,HERIDO,Carrera 49 Con Calle 10,6.21354211,-75.57774039,14,El Poblado,1421,Patio Bonito
555302,2020,2020-12-12,06:20,Choque,HERIDO,CALLE 48 SUR CON CARRERA 75,6.17861817,-75.6532705,80,Corregimiento de San Antonio de Prado,8098,Área de Expansión San Antonio de Prado
664030,2024,2024-02-14,16:40,Choque,HERIDO,Calle 55 Con Carrera 70,6.26113243,-75.58464885,11,Laureles Estadio,1115,Cuarta Brigada
631680,2022,2022-10-18,11:30,Otro,HERIDO,Calle 49 A Con Carrera 97,6.2632866,-75.61019284,13,San Javier,1305,La Pradera
660075,2023,2023-12-07,11:10,Otro,HERIDO,Calle 44 Con Carrera 57,6.24671613,-75.57612411,10,La Candelaria,1008,Corazón de Jesús
520616,2019,2019-11-25,17:20,Choque,HERIDO,CALLE 67 CON CARRERA 64,6.26132273,-75.57391131,7,Robledo,Inst_8,Universidad Nacional
600694,2022,2022-01-30,15:45,Choque,SOLO DAÑOS,Calle 88 B Con Carrera 66,6.28131758,-75.57334939,5,Castilla,0514,Alfonso López
524156,2019,2019-12-21,01:20,Choque,SOLO DAÑOS,CALLE 54 CON CARRERA 57,6.25573859,-75.5737517,10,La Candelaria,1006,San Benito
489257,2019,2019-03-28,12:10,Choque,HERIDO,CALLE 65 CON CARRERA 65,6.24811665,-75.58337911,11,Laureles Estadio,1104,San Joaquín
688559,2025,2025-03-11,19:40,Caida Ocupante,HERIDO,Calle 57 C Con Carrera 27,6.24827436,-75.54792334,8,Villa Hermosa,808,Enciso
602457,2022,2022-02-14,11:30,Choque,SOLO DAÑOS,Calle 48 Con Carrera 80,6.25884817,-75.5977618,12,La América,1202,Calasanz
698370,2025,2025-07-14,14:15,Choque,HERIDO,Calle 98 Con Carrera 62,,,N/D,N/D,,
579330,2021,2021-08-01,08:40,Choque,HERIDO,CALLE 96 CON CARRERA 51 B,6.28863533,-75.5619888,4,Aranjuez,0402,San Isidro
550622,2020,2020-10-28,14:30,Choque,SOLO DAÑOS,CALLE 4 SUR CON CARRERA 50,6.20293397,-75.58025386,15,Guayabal,1509,Cristo Rey
677578,2024,2024-09-16,12:30,Atropello,HERIDO,Carrera 85 Con Calle 45 C,6.25503334,-75.60254619,12,La América,1205,La Floresta
558663,2021,2021-01-20,11:00,Choque,HERIDO,CALLE 50 CON CARRERA 45,6.24802941,-75.56408375,10,La Candelaria,1019,La Candelaria
482717,2019,2019-01-31,12:50,Choque,SOLO DAÑOS,CALLE 3 SUR CON CARRERA 43 A,6.20094758,-75.57256506,14,El Poblado,1416,Alejandría
666955,2024,2024-03-31,09:20,Otro,HERIDO,,,,50,Corregimiento de San Sebastián de Palmitas,,
591479,2021,2021-11-08,17:00,Otro,HERIDO,CALLE 9 SUR CON CARRERA 54,6.2022166,-75.59241968,15,Guayabal,1511,La Colina
526988,2020,2020-01-16,12:35,Choque,HERIDO,CARRERA 72 CON TRANSVERSAL 39 B,,,11,Laureles Estadio,,
687802,2025,2025-03-02,10:55,Choque,HERIDO,Calle 49 A Con Carrera 99 F,6.26806647,-75.61408429,13,San Javier,1307,Juan XXIII La Quiebra
484834,2019,2019-02-18,07:20,Choque,HERIDO,CALLE 59 A CON CARRERA 4,6.23564164,-75.5312643,8,Villa Hermosa,0816,Villa Liliam
508840,2019,2019-09-02,19:50,Choque,SOLO DAÑOS,CALLE 93 CON CARRERA 67 A,6.28725597,-75.57295424,5,Castilla,0513,Francisco Antonio Zea
568173,2021,2021-04-25,13:50,Choque,SOLO DAÑOS,CALLE 71 CON CARRERA 72 AA,6.27255724,-75.58230138,7,Robledo,0702,B. Cerro  El Volador
681192,2024,2024-11-12,15:20,Choque,HERIDO,CL 044 068,6.24884392,-75.58588889,11,Laureles Estadio,1104,San Joaquín
587159,2021,2021-10-03,07:50,Otro,MUERTO,CALLE 63 CON CARRERA 126,6.27931218,-75.63113011,60,Corregimiento de San Cristóbal,6000,Cabecera Urbana San Cristobal
630896,2022,2022-10-07,05:00,Otro,HERIDO,Calle 45 Con Carrera 46,6.24491657,-75.56766781,10,La Candelaria,1013,Barrio Colón
493070,2019,2019-05-02,07:00,Volcamiento,HERIDO,CALLE 52 CON CARRERA 55,6.2528392,-75.57128683,10,La Candelaria,1006,San Benito
596789,2021,2021-12-21,07:21,Choque,HERIDO,CALLE 101 CON CARRERA 64 C,6.29429848,-75.56759494,5,Castilla,0510,Tricentenario
523973,2019,2019-12-19,19:20,Choque,SOLO DAÑOS,CALLE 54 CON CARRERA 57,6.25573859,-75.5737517,10,La Candelaria,1006,San Benito
500693,2019,2019-07-05,07:20,Choque,SOLO DAÑOS,CALLE 67 CON CARRERA 64 C,6.26572662,-75.57502301,5,Castilla,0517,Caribe
520309,2019,2019-11-23,13:00,Otro,HERIDO,CALLE 32 CON CARRERA 66 B,6.23486063,-75.58733624,16,Belén,1601,Fátima
685741,2025,2025-02-04,08:00,Volcamiento,HERIDO,Calle 71 Con Carrera 95,,,7,Robledo,,
525049,2019,2019-12-28,06:40,Volcamiento,HERIDO,CALLE 59 CON CARRERA 52,6.25802188,-75.56752886,10,La Candelaria,1003,Jesús Nazareno
572105,2021,2021-06-02,13:30,Choque,SOLO DAÑOS,CALLE 50 CON CARRERA 39,6.24545594,-75.55957439,10,La Candelaria,1016,Boston
612877,2022,2022-05-11,09:00,Choque,SOLO DAÑOS,Calle 75 B Con Carrera 64,6.28056431,-75.56923628,5,Castilla,Inst_4,Terminal de Transporte
654752,2023,2023-09-22,20:20,Choque,HERIDO,Calle 32 Con Carrera 48,6.23336817,-75.57352578,10,La Candelaria,1012,Perpetuo Socorro
616303,2022,2022-06-09,20:30,Choque,SOLO DAÑOS,Calle 50 Con Carrera 74,6.26047921,-75.59012075,11,Laureles Estadio,1115,Cuarta Brigada
597018,2021,2021-12-22,19:00,Choque,SOLO DAÑOS,CALLE 10 D CON CARRERA 25,6.21183854,-75.55550002,14,El Poblado,1407,Las Lomas No.2
480076,2019,2019-01-06,19:20,Volcamiento,HERIDO,CALLE 92 CON CARRERA 64 C,6.28848726,-75.56957285,5,Castilla,0511,Castilla
515638,2019,2019-10-20,19:20,Choque,SOLO DAÑOS,CALLE 43 CON CARRERA 36 A,6.24025331,-75.55981363,9,Buenos Aires,0911,Gerona
607088,2022,2022-03-23,06:40,Choque,SOLO DAÑOS,Calle 6  Sur Con Carrera 53,6.20517906,-75.58870249,15,Guayabal,Inst_20,El Rodeo
489930,2019,2019-04-03,14:10,Choque,SOLO DAÑOS,CALLE 43 CON DIAGONAL 70 A,6.24853051,-75.58939778,11,Laureles Estadio,1107,Bolivariana
676277,2024,2024-08-27,14:10,Choque,HERIDO,Diagonal 74 A Con Calle 40 A,6.24670004,-75.59679639,11,Laureles Estadio,1108,Laureles
563739,2021,2021-03-07,07:30,Caida Ocupante,HERIDO,CALLE 65 CON CARRERA 80,6.27337389,-75.59297812,7,Robledo,Inst_5,Facultad de Minas U. Nacional
653935,2023,2023-09-11,07:15,Volcamiento,HERIDO,Calle 106 Con Carrera 67,6.30386159,-75.5668555,5,Castilla,0504,Boyacá
529551,2020,2020-02-03,19:30,Atropello,HERIDO,CALLE 108 CON CARRERA 52,6.30020181,-75.55701476,2,Santa Cruz,0205,Andalucía
488557,2019,2019-03-21,17:15,Volcamiento,HERIDO,CALLE 12 SUR CON CARRERA 43 A,6.19419076,-75.57645783,14,El Poblado,1422,La Aguacatala
658541,2023,2023-11-15,06:40,Choque,HERIDO,Calle 58 Con Carrera 31,6.24911165,-75.55118806,8,Villa Hermosa,0808,Enciso
610014,2022,2022-04-18,07:03,Otro,HERIDO,Calle 7 Con Carrera 48,6.21270472,-75.57623442,14,El Poblado,1421,Patio Bonito
632519,2022,2022-10-29,15:00,Otro,HERIDO,Calle 50 Con Carrera 81 B,6.26412732,-75.59902163,12,La América,1202,Calasanz
554886,2020,2020-12-08,16:25,Choque,HERIDO,CALLE 58 CON CARRERA 35,6.24913864,-75.55295728,8,Villa Hermosa,0808,Enciso
578861,2021,2021-07-28,16:00,Choque,HERIDO,CALLE 57 CON CARRERA 60,,,10,La Candelaria,,
613238,2022,2022-05-14,06:40,Choque,SOLO DAÑOS,Calle 70 Con Transversal 39 B,6.2393265,-75.5896051,11,Laureles Estadio,1105,Los Conquistadores
658184,2023,2023-11-09,10:50,Choque,HERIDO,Calle 72 Con Carrera 49,6.26690631,-75.55914389,4,Aranjuez,0408,Manrique Central No. 1
496158,2019,2019-05-26,16:20,Choque,HERIDO,TRAMO 16 CON KILOMETRO 0,,,60,Corregimiento de San Cristóbal,Sin inf,Sin inf
502417,2019,2019-07-18,14:30,Choque,SOLO DAÑOS,CALLE 111 CON CARRERA 64,6.30453917,-75.55788488,5,Castilla,0501,Toscana
622048,2022,2022-07-29,11:00,Choque,SOLO DAÑOS,Calle 39 Con Carrera 46,6.23920456,-75.57038062,10,La Candelaria,1013,Barrio Colón
590515,2021,2021-10-30,17:30,Volcamiento,HERIDO,CALLE 5 CON CARRERA 10,,,14,El Poblado,,
524252,2019,2019-12-21,16:50,Otro,HERIDO,CALLE 1 CON CARRERA 1,6.20990251,-75.60566441,16,Belén,1610,Altavista Sector Central
650180,2023,2023-07-18,22:00,Otro,HERIDO,Calle 80 Con Carrera 94,6.29157119,-75.59294062,7,Robledo,0712,Aures No. 2
671317,2024,2024-06-09,14:40,Otro,HERIDO,DG 075 D 002,,,16,Belén,,
647967,2023,2023-06-18,02:57,Atropello,HERIDO,Calle 45 Con Carrera 46,6.24491657,-75.56766781,10,La Candelaria,1013,Barrio Colón
592420,2021,2021-11-16,13:50,Choque,HERIDO,CALLE 34 D CON CARRERA 24,6.22850346,-75.55205793,9,Buenos Aires,0909,Cataluña
624127,2022,2022-08-13,14:20,Atropello,HERIDO,Calle 49 Con Carrera 10,6.23141609,-75.53958633,9,Buenos Aires,0902,Barrio de Jesús
657260,2023,2023-10-27,11:30,Atropello,HERIDO,Calle 14 Con Carrera 111,6.21976497,-75.63473733,70,Corregimiento de Altavista,7001,Buga Patio Bonito
676403,2024,2024-08-29,15:40,Choque,HERIDO,CL 121 064 AA 083,,,5,Castilla,,
525478,2020,2020-01-01,19:30,Choque,HERIDO,CALLE 45 CON CARRERA 99,6.25711282,-75.61471635,13,San Javier,1309,San Javier No.1
550201,2020,2020-10-24,00:45,Volcamiento,HERIDO,CALLE 81 CON CARRERA 39,6.27269677,-75.54867355,3,Manrique,0304,Santa Inés
485953,2019,2019-02-27,08:30,Caida Ocupante,HERIDO,CALLE 110 CON CARRERA 68,6.30601909,-75.56635651,5,Castilla,0504,Tejelo
671340,2024,2024-06-10,05:40,Choque,HERIDO,Carrera 63 Con Calle 52,6.26142175,-75.57398732,7,Robledo,Inst_8,Universidad Nacional
550905,2020,2020-10-31,09:00,Otro,HERIDO,CALLE 19 B CON CARRERA 82 C,6.22498701,-75.60515166,16,Belén,1613,Altavista
542739,2020,2020-07-30,18:45,Choque,SOLO DAÑOS,CALLE 16 SUR CON CARRERA 43 A,6.19035549,-75.57705147,14,El Poblado,1423,Santa María de los Ángeles
505853,2019,2019-08-12,05:20,Otro,HERIDO,CALLE 106 B CON CARRERA 72,6.30490556,-75.56979794,6,Doce de Octubre,0604,Tejelo
611272,2022,2022-04-28,08:00,Otro,HERIDO,Calle 47 Con Carrera 70,6.25259115,-75.58795848,11,Laureles Estadio,1117,Florida Nueva
578079,2021,2021-07-22,14:20,Atropello,HERIDO,CALLE 2 SUR CON CARRERA 50 G,6.20558686,-75.58344871,15,Guayabal,1509,Cristo Rey
562194,2021,2021-02-21,00:10,Choque,HERIDO,CALLE 104 B CON CARRERA 44,6.29356683,-75.55132516,2,Santa Cruz,0207,Villa del Socorro
620353,2022,2022-07-15,08:15,Choque,SOLO DAÑOS,Calle 6  Sur Con Carrera 43,,,14,El Poblado,,
538415,2020,2020-05-31,00:05,Otro,HERIDO,CALLE 30 CON TRANSVERSAL 7 A,6.20435135,-75.56055918,14,El Poblado,1409,El Tesoro
641047,2023,2023-03-09,19:40,Atropello,HERIDO,Calle 95 Con Carrera 50,6.28714955,-75.55777963,4,Aranjuez,0401,San Isidro
559740,2021,2021-01-30,16:38,Choque,SOLO DAÑOS,CALLE 58 CON CARRERA 45 D,6.25382205,-75.56113465,10,La Candelaria,1018,Villa Nueva
650845,2023,2023-07-28,07:20,Otro,HERIDO,Calle 47 Con Carrera 82,6.25712767,-75.60018119,12,La América,1205,La Floresta
524906,2019,2019-12-26,18:30,Choque,SOLO DAÑOS,CALLE 44 CON CARRERA 45,6.24356483,-75.567635,10,La Candelaria,1013,Barrio Colón
674236,2024,2024-07-27,06:00,Choque,HERIDO,Calle 67 Con Carrera 43,6.26260261,-75.55353477,3,Manrique,308,Manrique Oriental
694253,2025,2025-05-24,02:50,Choque,SOLO DAÑOS,Carrera 65 Con Diagonal 66 B,,,N/D,N/D,,
494278,2019,2019-05-10,19:20,Choque,SOLO DAÑOS,CALLE 77 C CON CARRERA 85 A,6.28201182,-75.58960996,7,Robledo,0714,Bello Horizonte
659545,2023,2023-11-30,07:30,Otro,HERIDO,Calle 61 Con Carrera 55,6.26024311,-75.56953037,10,La Candelaria,1004,El Chagualo
623204,2022,2022-08-06,16:50,Otro,HERIDO,Calle 39 Con Carrera 46,6.23920456,-75.57038062,10,La Candelaria,1013,Barrio Colón
683611,2024,2024-12-22,03:50,Otro,HERIDO,CR 055 033 034,,,10,La Candelaria,,
613587,2022,2022-05-17,06:40,Otro,HERIDO,Calle 14 Con Carrera 50,6.21701726,-75.57826529,15,Guayabal,1507,Santa Fé
692253,2025,2025-04-28,11:40,Choque,HERIDO,Calle 53 Con Carrera 51,6.25312592,-75.56775993,10,La Candelaria,1019,La Candelaria
577037,2021,2021-07-14,08:50,Otro,HERIDO,CALLE 45 A CON CARRERA 63,6.23965413,-75.57718102,10,La Candelaria,Inst_16,La Alpujarra
513279,2019,2019-10-03,12:30,Choque,SOLO DAÑOS,CALLE 42 CON CARRERA 62,6.24420641,-75.57842291,10,La Candelaria,Inst_16,La Alpujarra
571051,2021,2021-05-24,17:40,Choque,SOLO DAÑOS,CALLE 16 CON CARRERA 43 B,6.21710066,-75.57074146,14,El Poblado,1403,Villa Carlota
698129,2025,2025-07-11,17:50,Otro,HERIDO,Calle 5  Sur Con Carrera 81,6.20584104,-75.60060345,16,Belén,1610,El Rincón
686669,2025,2025-02-16,17:30,Otro,HERIDO,Calle 102 Con Carrera 65,6.29670312,-75.56750299,5,Castilla,509,Girardot
625073,2022,2022-08-20,23:10,Choque,HERIDO,Calle 66 D Con Carrera 37,6.25854965,-75.54934972,8,Villa Hermosa,0801,Villa Hermosa
659768,2023,2023-12-03,02:30,Otro,HERIDO,Calle 39 D Con Carrera 108,6.25333047,-75.62132117,13,San Javier,1310,Veinte de Julio
698841,2025,2025-07-20,12:37,Choque,HERIDO,Calle 87 Con Carrera 45,6.27962769,-75.55291197,3,Manrique,302,Las Granjas
593317,2021,2021-11-23,19:15,Choque,SOLO DAÑOS,CALLE 111 CON CARRERA 29,6.30009154,-75.54176125,1,Popular,0102,Santo Domingo Savio No. 2
653525,2023,2023-09-05,04:50,Choque,HERIDO,Calle 95 Con Carrera 68,6.28985309,-75.57247807,5,Castilla,0511,Castilla
664269,2024,2024-02-18,07:30,Choque,HERIDO,Carrera 62 B Con Calle 56  Sur,6.17375134,-75.6440234,80,Corregimiento de San Antonio de Prado,8000,Cabecera San Antonio de Prado
526244,2020,2020-01-09,17:28,Choque,SOLO DAÑOS,CALLE 44 CON CARRERA 79 B,6.25053869,-75.600806,12,La América,1203,Los Pinos
568121,2021,2021-04-24,16:30,Volcamiento,HERIDO,CALLE 118 CON CARRERA 65,6.31085351,-75.563798,5,Castilla,0502,Florencia
596224,2021,2021-12-16,17:30,Choque,HERIDO,CALLE 12 SUR CON CARRERA 48,6.19507175,-75.57932951,14,El Poblado,1422,La Aguacatala
511954,2019,2019-09-24,08:50,Atropello,HERIDO,CALLE 87 CON CARRERA 44,6.27943665,-75.55189078,3,Manrique,0302,Las Granjas
555106,2020,2020-12-10,15:00,Choque,SOLO DAÑOS,CALLE 78 CON CARRERA 64 C,6.27699394,-75.57266359,5,Castilla,Inst_4,Terminal de Transporte
535543,2020,2020-03-20,16:25,Choque,SOLO DAÑOS,CALLE 62 D CON CARRERA 103 BB,6.2785839,-75.61643116,60,Corregimiento de San Cristóbal,6098,Área de Expansión Pajarito
693035,2025,2025-05-08,13:30,Choque,HERIDO,Calle 49 Con Carrera 17 B,6.2362452,-75.54415936,9,Buenos Aires,904,Los Cerros El Vergel
692357,2025,2025-04-29,14:00,Volcamiento,HERIDO,Calle 30 Con Carrera 65,6.23193459,-75.58272344,15,Guayabal,1502,Tenche
524097,2019,2019-12-20,17:00,Choque,SOLO DAÑOS,CALLE 110 CON CARRERA 32,6.29783442,-75.54315866,1,Popular,0101,Santo Domingo Savio No. 1
546789,2020,2020-09-19,13:00,Choque,HERIDO,CALLE 999 CON CARRERA 999,,,N/D,N/D,Sin inf,Sin inf
656208,2023,2023-10-13,02:20,Choque,HERIDO,Calle 33 Con Carrera 84,6.23859664,-75.60864703,11,Laureles Estadio,1110,Las Mercedes
689657,2025,2025-03-26,06:18,Otro,HERIDO,Calle 44 Con Carrera 63,6.24854018,-75.58088972,11,Laureles Estadio,1103,Naranjal
522506,2019,2019-12-09,17:30,Atropello,HERIDO,CALLE 52 CON CARRERA 50,6.2509127,-75.56733818,10,La Candelaria,1019,La Candelaria
666049,2024,2024-03-15,21:40,Choque,HERIDO,Calle 60 Con Carrera 75,6.26593371,-75.58686586,7,Robledo,703,Nueva Villa de la Iguaná
489755,2019,2019-04-02,07:15,Volcamiento,HERIDO,CALLE 6 CON CARRERA 49,6.20878049,-75.57673335,14,El Poblado,1421,Patio Bonito
482799,2019,2019-02-01,10:30,Choque,SOLO DAÑOS,CALLE 37 CON CARRERA 55,6.23989817,-75.57544111,10,La Candelaria,1011,La Alpujarra
691541,2025,2025-04-19,09:46,Choque,HERIDO,Diagonal 74 A Con Transversal 39 CA,6.24507503,-75.59515617,11,Laureles Estadio,1108,Laureles
602508,2022,2022-02-14,18:20,Choque,SOLO DAÑOS,Calle 88 Con Carrera 64 C,6.28092509,-75.5717733,5,Castilla,Inst_2,Terminal de Transporte
566332,2021,2021-03-31,18:20,Volcamiento,HERIDO,CALLE 74 CON CARRERA 63,6.2742099,-75.57068522,5,Castilla,0517,Terminal de Transporte
560569,2021,2021-02-07,08:00,Caida Ocupante,HERIDO,CALLE 52 CON CARRERA 63,6.25439999,-75.57752361,11,Laureles Estadio,1101,Carlos E. Restrepo
581895,2021,2021-08-23,04:30,Choque,SOLO DAÑOS,CALLE 78 CON CARRERA 64 C,6.27699394,-75.57266359,5,Castilla,Inst_4,Terminal de Transporte
637436,2023,2023-01-14,17:45,Choque,HERIDO,Calle 76 Con Carrera 50,6.27011833,-75.55968902,4,Aranjuez,0408,San Pedro
674134,2024,2024-07-25,18:00,Choque,HERIDO,Calle 18 Con Carrera 109,6.22311364,-75.63390204,70,Corregimiento de Altavista,7005,Altavista Sector Central
574517,2021,2021-06-22,18:30,Otro,HERIDO,CALLE 108 CON CARRERA 46,6.29765254,-75.55028954,2,Santa Cruz,0205,La Francia
564383,2021,2021-03-13,07:35,Choque,SOLO DAÑOS,CALLE 78 CON CARRERA 64 C,6.27699394,-75.57266359,5,Castilla,Inst_4,Terminal de Transporte
609908,2022,2022-04-16,21:30,Atropello,HERIDO,Calle 77 Con Carrera 62,6.27548757,-75.56859393,4,Aranjuez,Inst_9,Parque Norte
