cod_mpio,municipio,cod_dpto,departamento,tipo,latitud,longitud,ipm,ipm_cabecera,ipm_rural,analfabetismo,bajo_logro_educativo,barreras_primera_infancia,barreras_salud,dependencia_economica,hacinamiento,sin_alcantarillado,inasistencia_escolar,paredes_inadecuadas,pisos_inadecuados,rezago_escolar,sin_agua_mejorada,sin_aseguramiento_salud,trabajo_infantil,trabajo_informal
05001,MEDELLÍN,05,ANTIOQUIA,Municipio,6.246631,-75.581775,12.8,12.6,22.9,5.0,35.2,1.4,2.6,22.8,5.4,2.0,3.1,0.7,0.2,12.5,1.5,15.9,0.5,71.0
05002,ABEJORRAL,05,ANTIOQUIA,Municipio,5.789315,-75.428739,40.6,24.1,51.4,18.9,81.7,1.3,3.2,30.2,5.2,23.6,5.0,0.3,1.6,20.3,32.3,8.8,3.6,87.5
05004,ABRIAQUÍ,05,ANTIOQUIA,Municipio,6.632282,-76.064304,34.8,13.6,45.2,13.0,66.8,1.3,1.9,37.4,5.4,39.6,2.4,0.8,3.4,13.1,34.4,11.7,1.2,87.6
05021,ALEJANDRÍA,05,ANTIOQUIA,Municipio,6.376061,-75.141346,31.9,15.8,53.7,15.7,72.9,1.2,0.5,36.7,4.1,3.7,2.5,0.4,2.5,17.9,26.8,11.0,1.5,87.1
05030,AMAGÁ,05,ANTIOQUIA,Municipio,6.038708,-75.702188,22.9,17.7,27.7,15.4,64.4,1.3,4.3,27.2,4.8,5.6,4.7,0.3,1.4,15.7,4.6,14.1,0.8,69.5
05031,AMALFI,05,ANTIOQUIA,Municipio,6.909655,-75.077501,43.3,26.3,66.3,19.1,73.1,1.4,5.2,32.3,6.3,32.7,5.9,4.6,9.5,23.2,36.4,12.1,3.5,86.4
05034,ANDES,05,ANTIOQUIA,Municipio,5.657194,-75.878828,40.1,25.2,54.4,18.8,72.1,1.5,4.7,29.9,5.0,33.6,5.5,0.4,0.7,18.2,28.3,12.7,2.6,87.2
05036,ANGELÓPOLIS,05,ANTIOQUIA,Municipio,6.109719,-75.711389,30.7,22.3,36.1,18.4,74.3,1.4,1.5,29.2,5.6,16.8,3.9,1.2,2.3,20.6,10.8,11.1,1.7,74.0
05038,ANGOSTURA,05,ANTIOQUIA,Municipio,6.885175,-75.335116,53.8,25.5,62.1,25.3,81.2,1.9,10.9,38.7,7.4,49.6,6.7,0.3,10.3,25.8,26.1,9.4,3.6,87.0
05040,ANORÍ,05,ANTIOQUIA,Municipio,7.074703,-75.148355,53.3,39.1,66.7,19.9,75.6,2.0,5.8,38.1,8.9,54.5,7.7,3.7,8.3,28.2,43.9,9.7,3.9,89.1
05042,SANTA FÉ DE ANTIOQUIA,05,ANTIOQUIA,Municipio,6.556484,-75.826648,29.7,19.0,51.2,15.7,62.1,1.3,1.4,29.8,9.7,5.9,4.0,1.2,9.4,19.7,9.2,12.7,1.3,81.9
05044,ANZÁ,05,ANTIOQUIA,Municipio,6.302641,-75.854442,47.1,24.0,52.4,27.8,83.9,2.1,6.7,30.6,6.1,35.3,6.4,0.8,8.5,25.2,22.1,8.5,3.8,87.1
05045,APARTADÓ,05,ANTIOQUIA,Municipio,7.882968,-76.625279,28.0,25.4,39.4,10.7,47.1,2.0,6.8,32.5,14.0,5.9,4.1,5.3,5.2,21.7,7.2,16.3,1.2,74.6
05051,ARBOLETES,05,ANTIOQUIA,Municipio,8.849317,-76.426708,59.1,35.2,72.8,24.5,68.3,3.4,5.2,50.4,13.9,30.1,4.3,9.1,56.0,27.5,43.2,16.1,1.2,90.7
05055,ARGELIA,05,ANTIOQUIA,Municipio,5.731474,-75.14107,48.7,31.6,62.2,18.9,77.4,2.1,4.3,35.9,5.3,46.0,7.3,2.1,2.6,19.2,35.9,10.0,4.8,91.3
05059,ARMENIA,05,ANTIOQUIA,Municipio,6.155667,-75.786647,37.7,25.2,44.7,28.7,79.0,1.1,1.8,36.1,2.3,22.6,2.0,0.1,0.6,18.1,24.6,7.5,0.8,86.0
05079,BARBOSA,05,ANTIOQUIA,Municipio,6.439195,-75.331627,22.2,14.5,29.4,10.6,56.5,1.4,2.3,25.1,3.8,14.8,3.6,0.5,1.3,12.4,23.0,15.7,1.0,78.0
05086,BELMIRA,05,ANTIOQUIA,Municipio,6.606319,-75.667779,40.8,19.0,50.1,15.5,69.9,1.6,5.4,32.7,7.8,20.7,4.6,0.3,1.9,25.1,42.5,14.9,4.0,81.4
05088,BELLO,05,ANTIOQUIA,Municipio,6.333587,-75.555245,14.2,13.3,34.6,4.4,36.5,1.8,2.8,25.4,5.6,5.5,2.8,1.4,0.7,13.2,5.6,19.2,0.5,72.7
05091,BETANIA,05,ANTIOQUIA,Municipio,5.74615,-75.97679,53.6,32.9,67.1,23.9,80.3,2.0,7.2,34.5,6.7,36.7,6.3,1.7,0.9,28.4,43.0,14.2,3.7,90.6
05093,BETULIA,05,ANTIOQUIA,Municipio,6.115208,-75.984452,53.1,35.2,59.9,28.0,82.8,1.5,7.4,32.9,6.1,47.7,8.1,0.4,5.1,25.7,28.6,9.7,4.8,92.2
05101,CIUDAD BOLÍVAR,05,ANTIOQUIA,Municipio,5.850273,-76.021509,40.4,30.1,57.7,20.3,71.6,1.2,3.8,31.2,6.4,25.5,5.1,0.4,1.2,22.4,20.6,12.9,2.3,83.7
05107,BRICEÑO,05,ANTIOQUIA,Municipio,7.112803,-75.55036,55.4,36.2,68.9,22.8,78.1,2.9,9.2,42.8,8.9,37.0,7.8,1.6,6.9,29.8,39.5,8.9,2.8,85.7
05113,BURITICÁ,05,ANTIOQUIA,Municipio,6.720759,-75.907,51.3,29.7,59.5,21.2,79.0,2.4,8.7,40.3,12.6,22.3,12.9,1.4,14.4,22.1,13.0,15.1,2.8,83.2
05120,CÁCERES,05,ANTIOQUIA,Municipio,7.578366,-75.35205,66.4,60.9,67.8,31.0,81.2,4.4,9.7,46.2,16.5,35.9,8.3,10.2,41.6,33.5,43.6,14.5,3.1,93.2
05125,CAICEDO,05,ANTIOQUIA,Municipio,6.405607,-75.98293,54.6,25.1,62.7,22.6,80.0,1.3,14.6,35.6,6.9,53.1,6.6,0.5,22.6,27.3,23.9,7.6,5.1,93.3
05129,CALDAS,05,ANTIOQUIA,Municipio,6.091077,-75.633673,16.0,12.1,32.1,6.3,44.5,1.5,4.5,19.6,4.3,10.1,3.0,0.2,0.3,14.1,5.0,18.1,0.5,66.9
05134,CAMPAMENTO,05,ANTIOQUIA,Municipio,6.979771,-75.298091,59.3,32.3,71.7,27.3,83.9,1.7,3.4,35.1,9.1,58.7,10.0,0.8,7.1,32.3,42.7,9.4,7.4,91.1
05138,CAÑASGORDAS,05,ANTIOQUIA,Municipio,6.753859,-76.028228,45.3,23.5,56.9,19.4,72.0,1.8,4.1,40.9,9.1,35.3,7.1,1.5,11.7,16.0,29.9,9.6,2.1,89.4
05142,CARACOLÍ,05,ANTIOQUIA,Municipio,6.409829,-74.757421,35.9,24.9,53.4,17.9,74.1,1.4,1.5,26.3,4.7,50.8,3.3,0.6,3.5,14.2,20.6,11.3,1.2,84.7
05145,CARAMANTA,05,ANTIOQUIA,Municipio,5.54853,-75.643868,30.5,18.9,40.2,15.6,75.8,0.8,2.2,32.4,4.8,16.6,4.1,0.6,0.6,16.0,21.2,7.7,2.0,85.7
05147,CAREPA,05,ANTIOQUIA,Municipio,7.755148,-76.652652,34.4,29.2,46.3,14.7,56.8,2.6,0.9,38.4,14.8,7.8,6.8,7.1,9.8,23.5,20.8,14.6,1.5,76.3
05148,EL CARMEN DE VIBORAL,05,ANTIOQUIA,Municipio,6.082885,-75.333901,18.5,13.0,27.3,9.4,48.2,2.3,6.5,21.2,4.9,2.8,3.7,0.1,0.1,22.6,5.3,14.9,1.7,69.1
05150,CAROLINA,05,ANTIOQUIA,Municipio,6.725995,-75.283192,20.4,15.9,37.4,11.4,54.8,0.9,0.6,34.0,5.9,3.7,1.6,0.5,1.1,12.1,14.0,14.4,0.7,75.1
05154,CAUCASIA,05,ANTIOQUIA,Municipio,7.977278,-75.197996,36.0,32.2,63.4,16.3,55.9,2.3,2.9,37.9,17.8,13.7,4.8,10.8,13.8,23.3,8.2,13.8,1.2,87.7
05172,CHIGORODÓ,05,ANTIOQUIA,Municipio,7.666147,-76.681531,37.7,33.8,58.3,18.1,59.5,2.6,4.9,39.3,14.5,8.9,6.0,6.0,6.9,23.0,14.0,17.6,1.6,80.5
05190,CISNEROS,05,ANTIOQUIA,Municipio,6.537829,-75.087047,28.8,25.5,50.1,10.0,60.2,1.1,1.3,38.3,5.4,35.3,3.3,3.0,0.7,11.0,34.5,12.6,0.7,82.7
05197,COCORNÁ,05,ANTIOQUIA,Municipio,6.058295,-75.185483,42.9,25.1,54.8,18.8,75.0,1.3,5.4,41.5,5.8,20.3,4.1,0.4,1.0,17.9,31.6,9.6,2.3,85.8
05206,CONCEPCIÓN,05,ANTIOQUIA,Municipio,6.394348,-75.257587,33.0,16.8,46.3,14.5,72.8,1.4,1.7,30.3,5.4,5.1,2.5,0.1,0.4,11.3,44.9,10.0,1.5,85.2
05209,CONCORDIA,05,ANTIOQUIA,Municipio,6.045738,-75.908448,48.5,34.1,59.1,29.6,80.4,1.3,2.0,39.0,5.4,24.5,5.4,0.8,2.5,21.9,32.5,10.6,2.7,88.2
05212,COPACABANA,05,ANTIOQUIA,Municipio,6.348557,-75.509384,11.6,9.9,19.3,5.4,36.2,1.3,4.5,19.8,3.7,5.0,1.9,0.2,0.3,15.1,4.2,16.2,0.6,70.5
05234,DABEIBA,05,ANTIOQUIA,Municipio,6.998112,-76.261614,60.5,31.2,79.3,32.6,76.1,5.1,2.6,40.7,18.2,42.7,9.8,13.1,15.7,30.3,48.0,15.5,4.4,92.1
05237,DONMATÍAS,05,ANTIOQUIA,Municipio,6.485603,-75.39263,19.7,13.2,42.6,6.8,59.8,2.1,0.7,24.6,4.8,9.1,4.5,0.0,0.2,15.9,13.0,14.8,2.3,80.2
05240,EBÉJICO,05,ANTIOQUIA,Municipio,6.325615,-75.766413,39.1,15.1,44.3,22.5,79.3,1.0,6.4,34.1,3.8,26.1,2.6,1.0,6.5,19.3,9.4,11.4,1.1,85.9
05250,EL BAGRE,05,ANTIOQUIA,Municipio,7.5975,-74.799097,53.7,43.0,71.1,23.1,69.1,3.6,2.7,43.0,19.6,41.3,8.9,10.6,24.3,29.0,18.8,14.8,2.9,91.7
05264,ENTRERRÍOS,05,ANTIOQUIA,Municipio,6.566273,-75.517685,23.1,14.1,35.5,5.6,55.6,2.3,5.5,26.5,3.7,14.5,4.4,0.1,0.3,19.5,14.8,15.1,2.2,68.5
05266,ENVIGADO,05,ANTIOQUIA,Municipio,6.166695,-75.582192,4.9,4.7,9.2,2.0,19.4,1.0,1.5,15.6,1.8,0.6,1.6,0.0,0.0,8.3,0.9,17.0,0.2,62.4
05282,FREDONIA,05,ANTIOQUIA,Municipio,5.928039,-75.675072,31.6,22.6,37.9,16.5,72.4,1.3,0.8,29.3,4.3,16.3,3.1,1.0,3.0,15.4,16.5,20.5,1.0,78.4
05284,FRONTINO,05,ANTIOQUIA,Municipio,6.776066,-76.130765,51.3,21.0,71.5,24.2,71.7,4.3,1.8,38.2,14.3,42.1,8.6,10.7,6.6,26.0,27.7,12.9,3.8,90.7
05306,GIRALDO,05,ANTIOQUIA,Municipio,6.680808,-75.952158,33.4,24.9,38.3,12.2,69.3,1.4,0.9,35.3,8.1,31.0,5.4,0.2,4.3,17.5,8.4,10.5,3.0,84.7
05308,GIRARDOTA,05,ANTIOQUIA,Municipio,6.379472,-75.444238,13.9,8.4,21.4,6.6,42.4,1.7,3.5,22.7,3.8,6.4,2.4,0.1,0.6,12.6,9.0,13.4,0.6,69.4
05310,GÓMEZ PLATA,05,ANTIOQUIA,Municipio,6.683269,-75.220018,34.1,22.1,46.9,11.9,70.0,1.1,6.2,32.2,5.3,21.1,3.1,0.8,3.8,19.7,26.0,10.9,1.7,81.1
05313,GRANADA,05,ANTIOQUIA,Municipio,6.142892,-75.184446,33.4,25.7,44.1,14.4,78.3,2.1,3.7,34.3,8.6,15.2,5.4,2.5,0.3,19.3,13.7,8.4,3.8,84.4
05315,GUADALUPE,05,ANTIOQUIA,Municipio,6.815069,-75.239862,41.1,23.7,52.1,21.3,74.5,1.0,0.6,37.7,7.0,32.8,4.0,0.6,3.2,21.7,35.8,9.1,1.7,80.2
05318,GUARNE,05,ANTIOQUIA,Municipio,6.27787,-75.441612,17.0,10.0,22.0,7.2,46.3,1.6,1.6,24.4,3.6,6.5,2.1,0.3,0.8,16.7,10.3,16.3,0.8,72.6
05321,GUATAPÉ,05,ANTIOQUIA,Municipio,6.232461,-75.160041,11.4,8.4,20.2,4.5,46.3,1.1,3.0,25.8,3.2,1.2,2.3,0.1,0.1,8.7,2.7,14.8,0.7,77.8
05347,HELICONIA,05,ANTIOQUIA,Municipio,6.206757,-75.734322,37.5,24.3,48.0,19.2,77.1,1.0,6.8,32.7,4.9,26.5,2.8,0.7,0.9,18.4,8.8,13.7,1.7,80.4
05353,HISPANIA,05,ANTIOQUIA,Municipio,5.799461,-75.906587,36.9,25.5,59.9,18.9,69.8,1.6,4.1,35.1,5.3,16.3,3.8,0.1,0.3,17.5,23.8,14.6,2.0,79.1
05360,ITAGÜÍ,05,ANTIOQUIA,Municipio,6.175079,-75.612056,10.9,9.5,23.3,4.1,33.8,1.5,3.0,19.1,4.4,1.0,2.1,0.2,0.1,12.7,1.1,19.2,0.5,69.0
05361,ITUANGO,05,ANTIOQUIA,Municipio,7.171629,-75.764673,57.6,33.7,70.6,29.1,77.1,2.8,6.4,39.2,10.0,39.5,8.3,2.4,20.1,30.0,38.0,10.6,4.7,89.3
05364,JARDÍN,05,ANTIOQUIA,Municipio,5.597542,-75.818982,28.5,14.3,44.3,12.7,65.3,1.1,1.8,27.2,4.1,16.2,4.0,1.4,1.6,14.0,19.8,12.6,2.7,85.8
05368,JERICÓ,05,ANTIOQUIA,Municipio,5.789748,-75.785499,25.8,19.2,36.4,14.8,66.8,1.0,2.3,30.2,4.1,6.3,2.6,0.5,0.2,11.2,14.1,14.1,1.2,80.0
05376,LA CEJA,05,ANTIOQUIA,Municipio,6.028062,-75.429433,11.5,9.6,24.2,5.7,42.9,1.4,2.1,18.2,4.2,1.7,2.4,0.1,0.1,14.3,5.9,13.8,0.8,65.3
05380,LA ESTRELLA,05,ANTIOQUIA,Municipio,6.145238,-75.637708,9.2,8.8,12.0,4.9,33.3,1.4,2.3,16.1,4.1,2.4,2.1,0.1,0.3,11.9,0.8,16.9,0.5,65.5
05390,LA PINTADA,05,ANTIOQUIA,Municipio,5.743808,-75.60781,31.2,29.6,43.0,19.6,67.0,1.3,4.3,23.8,14.7,25.6,4.6,2.8,1.0,16.9,3.8,16.4,1.2,73.1
05400,LA UNIÓN,05,ANTIOQUIA,Municipio,5.973845,-75.360874,23.0,14.8,35.5,10.5,65.8,1.4,5.3,23.3,5.3,5.6,4.1,0.1,0.2,21.7,14.1,12.4,2.9,78.9
05411,LIBORINA,05,ANTIOQUIA,Municipio,6.677316,-75.812838,43.3,20.8,52.1,16.9,73.6,1.0,9.4,42.0,6.1,35.7,3.0,0.2,1.4,20.7,12.8,8.1,1.3,89.6
05425,MACEO,05,ANTIOQUIA,Municipio,6.552116,-74.78716,36.0,23.8,44.4,17.4,72.3,1.6,3.4,30.2,6.3,30.4,4.4,1.3,4.9,22.8,21.1,10.5,2.3,84.3
05440,MARINILLA,05,ANTIOQUIA,Municipio,6.173995,-75.339345,15.4,12.0,25.0,5.7,47.5,1.7,3.2,25.9,5.6,1.5,3.4,0.1,0.2,17.7,1.1,15.4,1.3,74.5
05467,MONTEBELLO,05,ANTIOQUIA,Municipio,5.946313,-75.523455,39.5,17.6,48.0,16.9,79.8,1.2,5.6,33.3,5.1,16.0,3.8,1.1,1.4,18.3,34.1,10.7,1.5,86.3
05475,MURINDÓ,05,ANTIOQUIA,Municipio,6.97771,-76.817485,81.5,64.1,90.3,35.6,72.0,8.2,4.3,55.3,24.7,82.7,18.3,63.9,2.0,51.4,93.9,22.2,5.4,89.0
05480,MUTATÁ,05,ANTIOQUIA,Municipio,7.242875,-76.435875,57.8,41.6,68.4,27.1,73.1,4.3,6.3,39.0,16.6,27.0,9.5,14.6,16.0,32.1,39.8,15.9,3.7,89.2
05483,NARIÑO,05,ANTIOQUIA,Municipio,5.610777,-75.176262,51.8,28.3,62.8,23.3,82.9,1.5,3.7,34.4,4.9,46.3,7.5,0.4,1.0,22.5,50.5,7.5,5.8,90.9
05490,NECOCLÍ,05,ANTIOQUIA,Municipio,8.434526,-76.787271,62.7,33.1,73.0,22.4,68.2,3.6,7.5,50.1,13.3,35.0,9.5,8.2,46.5,30.0,64.0,14.5,2.3,91.5
05495,NECHÍ,05,ANTIOQUIA,Municipio,8.094129,-74.77647,61.5,56.8,67.0,20.6,73.6,3.4,9.7,38.7,17.8,76.8,8.5,22.7,47.8,28.9,18.0,13.0,3.3,93.3
05501,OLAYA,05,ANTIOQUIA,Municipio,6.626492,-75.811773,33.4,27.6,33.8,21.3,74.9,1.3,0.8,34.0,5.1,13.7,2.4,0.9,3.5,15.9,5.3,15.1,1.5,87.0
05541,PEÑOL,05,ANTIOQUIA,Municipio,6.219349,-75.242693,20.0,13.7,30.1,7.8,63.5,1.2,1.8,31.3,4.9,7.7,3.1,0.2,1.2,12.9,7.0,11.6,1.8,83.3
05543,PEQUE,05,ANTIOQUIA,Municipio,7.021029,-75.910357,53.5,30.3,63.0,30.8,79.9,2.2,3.5,32.5,13.7,19.2,8.3,0.2,16.2,29.7,16.3,10.3,6.8,90.6
05576,PUEBLORRICO,05,ANTIOQUIA,Municipio,5.79158,-75.839903,45.7,27.3,66.3,21.8,77.9,0.7,2.3,36.9,5.2,28.8,4.9,1.1,1.1,23.2,36.7,8.7,2.1,89.3
05579,PUERTO BERRÍO,05,ANTIOQUIA,Municipio,6.487028,-74.410016,32.1,29.1,51.1,14.9,59.0,1.7,3.5,31.1,12.3,24.0,4.1,14.4,4.1,17.7,4.9,14.7,1.3,79.2
05585,PUERTO NARE,05,ANTIOQUIA,Municipio,6.186025,-74.583012,33.1,28.2,35.3,17.0,67.2,2.1,5.9,37.1,6.1,13.3,5.4,2.2,2.8,17.0,11.7,14.1,1.2,81.9
05591,PUERTO TRIUNFO,05,ANTIOQUIA,Municipio,5.871318,-74.64119,29.3,28.5,29.5,16.1,63.5,2.6,1.3,30.5,8.3,3.6,6.4,1.4,1.7,24.0,3.6,16.2,2.8,79.0
05604,REMEDIOS,05,ANTIOQUIA,Municipio,7.029424,-74.698135,42.1,34.6,49.4,18.6,71.8,2.8,1.5,34.0,9.5,41.7,7.8,6.5,10.3,27.8,19.0,12.0,3.2,80.7
05607,RETIRO,05,ANTIOQUIA,Municipio,6.062454,-75.501301,11.7,8.3,16.6,6.7,42.3,1.5,1.4,16.5,2.9,1.2,2.7,0.1,0.2,13.7,11.3,13.8,0.8,64.9
05615,RIONEGRO,05,ANTIOQUIA,Municipio,6.147148,-75.377316,9.5,8.6,11.4,4.0,35.5,1.4,1.4,22.8,3.9,0.9,3.8,0.1,0.2,14.1,0.5,14.4,0.6,68.1
05628,SABANALARGA,05,ANTIOQUIA,Municipio,6.850028,-75.816645,52.8,34.2,63.5,18.3,79.1,1.7,3.1,47.9,13.5,43.4,8.1,0.3,14.3,20.6,24.0,11.9,3.2,91.7
05631,SABANETA,05,ANTIOQUIA,Municipio,6.149903,-75.615479,4.5,3.4,11.1,2.3,18.3,1.1,2.9,14.7,1.4,0.3,1.0,0.0,0.0,7.6,0.2,15.3,0.2,58.7
05642,SALGAR,05,ANTIOQUIA,Municipio,5.964198,-75.976807,49.7,27.3,62.8,26.2,81.9,1.5,5.5,28.6,4.7,43.3,6.8,0.9,3.4,23.6,43.6,12.2,4.1,87.5
05647,SAN ANDRÉS DE CUERQUÍA,05,ANTIOQUIA,Municipio,6.916676,-75.674564,48.5,28.6,63.3,13.1,73.7,2.9,1.6,38.3,8.9,41.6,12.0,0.8,3.9,25.4,44.4,12.2,4.3,83.9
05649,SAN CARLOS,05,ANTIOQUIA,Municipio,6.187746,-74.988097,30.5,26.8,34.2,14.8,68.8,1.7,5.1,38.7,4.2,5.2,4.6,1.0,2.0,16.3,11.2,11.6,1.7,86.1
05652,SAN FRANCISCO,05,ANTIOQUIA,Municipio,5.963476,-75.101562,46.4,34.0,57.1,26.3,77.1,1.4,14.2,39.7,7.6,16.2,5.2,0.8,3.5,24.4,26.8,8.3,2.5,85.3
05656,SAN JERÓNIMO,05,ANTIOQUIA,Municipio,6.44809,-75.726975,30.5,19.2,41.6,14.2,62.1,1.2,1.7,32.6,7.3,17.0,4.1,0.6,4.1,16.7,15.9,15.5,1.0,82.0
05658,SAN JOSÉ DE LA MONTAÑA,05,ANTIOQUIA,Municipio,6.85009,-75.683352,34.0,25.7,54.9,8.3,64.6,2.0,6.2,33.9,6.7,25.6,4.9,0.0,0.2,25.0,20.9,12.5,4.6,77.8
05659,SAN JUAN DE URABÁ,05,ANTIOQUIA,Municipio,8.758964,-76.52857,61.1,40.4,71.4,22.4,69.1,3.6,0.6,54.5,16.0,34.9,7.7,15.9,52.1,29.2,60.4,12.8,2.0,92.0
05660,SAN LUIS,05,ANTIOQUIA,Municipio,6.043017,-74.993619,32.4,22.2,47.6,14.2,67.1,1.6,2.6,35.2,6.6,14.9,5.6,0.5,1.6,18.9,27.8,9.7,2.3,82.1
05664,SAN PEDRO DE LOS MILAGROS,05,ANTIOQUIA,Municipio,6.46012,-75.556743,19.5,11.1,32.8,6.7,46.6,1.8,0.8,33.7,5.3,6.0,2.4,0.1,0.2,13.0,12.4,17.0,1.2,75.0
05665,SAN PEDRO DE URABÁ,05,ANTIOQUIA,Municipio,8.276884,-76.380567,62.3,40.6,76.8,24.0,71.4,2.5,2.4,48.8,17.8,38.6,6.8,10.5,58.9,29.1,44.8,14.0,1.9,92.3
05667,SAN RAFAEL,05,ANTIOQUIA,Municipio,6.293759,-75.02849,36.8,25.9,51.4,15.9,66.4,1.3,7.7,35.1,5.7,16.8,3.3,0.8,3.5,18.4,31.7,12.7,2.2,83.1
05670,SAN ROQUE,05,ANTIOQUIA,Municipio,6.485939,-75.019109,40.8,21.2,51.1,16.2,71.4,1.6,6.0,35.2,5.9,34.1,5.4,0.9,5.7,19.9,30.3,11.8,3.1,87.8
05674,SAN VICENTE FERRER,05,ANTIOQUIA,Municipio,6.282164,-75.332616,27.8,17.1,32.3,13.2,70.8,1.2,3.3,29.7,5.0,19.7,3.5,0.4,3.1,15.1,13.9,11.0,2.4,85.7
05679,SANTA BÁRBARA,05,ANTIOQUIA,Municipio,5.875527,-75.567351,28.1,19.0,36.0,15.0,69.6,1.2,5.4,27.5,4.5,9.7,3.0,0.3,1.3,15.5,13.0,12.2,1.5,81.8
05686,SANTA ROSA DE OSOS,05,ANTIOQUIA,Municipio,6.643366,-75.460723,30.9,17.9,46.2,9.1,61.9,2.3,1.0,31.6,5.7,27.9,5.1,0.1,1.4,22.1,26.3,14.9,2.1,77.9
05690,SANTO DOMINGO,05,ANTIOQUIA,Municipio,6.473032,-75.164903,41.5,23.7,47.5,16.0,71.5,1.5,3.4,37.7,5.1,34.8,3.5,0.6,2.1,20.7,45.2,10.3,2.4,85.4
05697,EL SANTUARIO,05,ANTIOQUIA,Municipio,6.136871,-75.265465,22.0,18.0,35.2,9.3,63.7,2.0,0.7,31.7,7.2,2.1,5.6,0.1,0.3,18.3,5.9,13.8,2.4,82.9
05736,SEGOVIA,05,ANTIOQUIA,Municipio,7.079648,-74.701596,42.8,37.3,67.1,16.0,66.6,3.1,4.5,32.7,13.2,44.1,10.1,9.7,7.3,21.5,23.4,16.0,2.7,78.9
05756,SONSÓN,05,ANTIOQUIA,Municipio,5.714851,-75.309596,37.9,24.6,51.1,15.9,71.2,1.8,3.5,31.2,5.1,24.8,5.0,0.6,1.8,22.8,32.0,13.5,3.2,85.9
05761,SOPETRÁN,05,ANTIOQUIA,Municipio,6.500745,-75.747378,28.7,18.8,37.5,11.8,65.4,1.3,2.7,27.3,7.1,20.4,2.7,0.7,8.1,14.6,9.2,15.2,1.3,82.3
05789,TÁMESIS,05,ANTIOQUIA,Municipio,5.664645,-75.714429,36.6,24.0,47.0,16.3,70.9,1.0,5.9,37.2,4.2,23.2,4.1,0.5,0.7,16.7,16.5,14.8,1.0,82.9
05790,TARAZÁ,05,ANTIOQUIA,Municipio,7.580127,-75.401407,53.5,46.6,62.0,26.3,77.0,3.0,2.0,40.2,14.4,28.5,10.8,11.4,15.2,32.2,18.7,11.2,4.5,91.8
05792,TARSO,05,ANTIOQUIA,Municipio,5.864542,-75.822956,42.6,32.9,55.5,25.2,74.0,1.6,2.6,33.4,7.6,14.8,3.1,1.4,1.0,23.1,35.3,13.9,0.8,75.5
05809,TITIRIBÍ,05,ANTIOQUIA,Municipio,6.062391,-75.791887,30.3,23.8,36.3,19.1,75.2,1.3,1.0,31.9,3.8,8.1,4.8,0.1,1.4,16.6,15.0,11.6,1.0,74.3
05819,TOLEDO,05,ANTIOQUIA,Municipio,7.010328,-75.692281,53.5,24.2,68.9,19.1,71.8,2.1,20.8,47.1,11.1,32.2,3.9,0.9,6.7,24.5,25.8,10.9,1.9,86.2
05837,TURBO,05,ANTIOQUIA,Municipio,8.089929,-76.728858,49.9,42.6,54.8,17.3,58.1,3.7,5.4,49.2,12.7,45.4,7.5,10.8,22.5,24.6,36.8,16.8,2.0,87.6
05842,URAMITA,05,ANTIOQUIA,Municipio,6.898393,-76.173284,55.6,39.8,62.5,24.9,78.2,2.6,2.7,38.8,9.1,56.0,5.0,1.7,13.2,20.3,42.6,15.2,3.4,92.2
05847,URRAO,05,ANTIOQUIA,Municipio,6.317343,-76.133951,46.1,31.2,63.4,23.7,74.3,2.9,7.2,31.4,9.3,29.5,7.0,4.2,3.9,23.5,27.8,13.5,4.0,89.4
05854,VALDIVIA,05,ANTIOQUIA,Municipio,7.1652,-75.439274,59.3,35.5,68.4,24.8,80.7,2.5,3.9,44.3,7.3,49.3,10.3,4.0,9.5,26.8,45.9,10.4,3.6,91.5
05856,VALPARAÍSO,05,ANTIOQUIA,Municipio,5.614555,-75.624452,25.9,16.8,39.0,17.7,68.6,0.6,2.7,29.2,4.4,9.0,2.4,0.8,1.6,14.2,11.8,11.9,0.9,76.6
05858,VEGACHÍ,05,ANTIOQUIA,Municipio,6.773525,-74.798714,41.0,32.6,58.8,20.6,73.5,1.5,3.9,38.8,9.1,20.4,5.2,2.3,8.6,20.9,16.5,11.8,2.2,85.0
05861,VENECIA,05,ANTIOQUIA,Municipio,5.964693,-75.735544,25.8,19.7,31.0,19.7,70.1,0.9,3.3,24.4,3.4,6.5,3.3,0.3,0.9,17.8,7.8,15.2,1.1,73.5
05873,VIGÍA DEL FUERTE,05,ANTIOQUIA,Municipio,6.588164,-76.896004,76.1,65.5,82.6,25.1,69.0,7.6,7.4,64.4,12.0,81.6,8.7,39.6,1.9,37.9,89.3,18.4,2.1,93.6
05885,YALÍ,05,ANTIOQUIA,Municipio,6.676554,-74.840059,44.0,26.5,60.8,23.6,78.7,1.3,2.9,31.3,6.1,34.1,5.2,1.8,16.1,21.3,29.7,9.1,3.3,87.1
05887,YARUMAL,05,ANTIOQUIA,Municipio,6.963832,-75.418828,33.8,26.6,53.4,14.5,61.6,2.6,3.4,38.1,6.6,18.7,4.6,0.5,1.1,19.1,15.9,13.4,2.4,84.3
05890,YOLOMBÓ,05,ANTIOQUIA,Municipio,6.594511,-75.013385,45.0,26.8,53.6,16.6,76.7,1.4,3.3,33.2,6.5,47.8,5.2,0.6,6.5,17.3,42.5,12.2,2.4,87.7
05893,YONDÓ,05,ANTIOQUIA,Municipio,7.00396,-73.912445,46.3,40.9,52.7,18.1,63.8,3.6,5.0,46.6,11.9,19.2,7.6,17.3,19.0,25.1,11.4,23.1,2.0,81.9
05895,ZARAGOZA,05,ANTIOQUIA,Municipio,7.488583,-74.867075,58.0,45.1,69.1,24.4,72.6,3.9,4.7,49.2,15.0,42.2,7.5,14.3,33.7,29.9,30.5,13.6,2.5,91.1
08001,BARRANQUILLA,08,ATLÁNTICO,Municipio,10.977961,-74.815546,17.4,17.4,55.7,5.2,29.0,2.4,3.0,29.7,13.5,2.1,5.0,1.5,1.4,16.1,1.0,20.1,0.6,84.6
08078,BARANOA,08,ATLÁNTICO,Municipio,10.79445,-74.916077,33.5,32.7,37.6,11.2,42.8,2.0,5.3,41.0,19.3,48.4,3.5,4.3,5.4,16.5,8.9,21.5,0.5,87.6
08137,CAMPO DE LA CRUZ,08,ATLÁNTICO,Municipio,10.378291,-74.880847,64.6,65.6,58.2,26.2,68.3,3.0,0.4,66.8,25.7,85.0,8.8,1.5,8.3,24.1,14.6,17.4,0.6,95.3
08141,CANDELARIA,08,ATLÁNTICO,Municipio,10.461903,-74.879717,52.0,52.0,52.1,34.9,71.1,2.3,2.6,55.6,27.9,23.6,10.1,0.8,4.8,17.6,10.9,13.0,1.0,94.0
08296,GALAPA,08,ATLÁNTICO,Municipio,10.919033,-74.870385,23.8,22.8,43.1,8.1,40.1,2.8,1.3,40.5,17.8,12.9,7.7,3.4,2.6,14.3,3.3,17.4,0.5,85.0
08372,JUAN DE ACOSTA,08,ATLÁNTICO,Municipio,10.83254,-75.041032,36.7,38.8,32.7,17.8,53.6,2.3,2.2,38.0,15.8,67.1,8.1,1.5,4.7,14.2,7.0,12.7,1.1,91.2
08421,LURUACO,08,ATLÁNTICO,Municipio,10.610491,-75.14199,55.4,50.5,60.4,25.8,65.7,3.4,5.2,51.0,19.8,29.5,5.8,3.2,13.9,19.2,41.8,20.5,0.9,93.2
08433,MALAMBO,08,ATLÁNTICO,Municipio,10.857086,-74.776923,30.0,29.1,44.1,10.6,44.2,3.0,5.0,41.3,16.7,14.3,6.5,1.8,3.0,23.0,6.2,17.6,0.7,88.5
08436,MANATÍ,08,ATLÁNTICO,Municipio,10.449089,-74.956867,48.4,47.0,61.7,24.4,59.9,3.3,1.0,53.2,22.5,41.6,8.5,0.9,4.2,21.8,8.7,19.8,1.0,92.3
08520,PALMAR DE VARELA,08,ATLÁNTICO,Municipio,10.738591,-74.754765,36.0,35.4,54.4,13.9,48.6,2.0,2.8,51.0,17.9,56.8,6.1,4.2,4.6,17.5,5.8,13.1,0.5,86.7
08549,PIOJÓ,08,ATLÁNTICO,Municipio,10.749216,-75.107592,45.2,42.9,47.4,26.2,61.5,2.6,0.1,40.9,14.7,58.7,5.9,1.8,9.8,15.4,18.0,18.8,0.8,87.6
08558,POLONUEVO,08,ATLÁNTICO,Municipio,10.777363,-74.852981,30.5,27.9,43.6,13.6,47.7,1.9,4.6,38.2,18.9,37.8,5.1,3.6,4.3,18.6,11.7,13.4,0.7,85.3
08560,PONEDERA,08,ATLÁNTICO,Municipio,10.641779,-74.753885,46.7,42.9,51.8,28.7,65.4,2.5,5.2,46.5,23.8,19.7,6.3,5.9,8.7,20.6,6.6,17.8,1.0,90.0
08573,PUERTO COLOMBIA,08,ATLÁNTICO,Municipio,11.015322,-74.888627,14.4,13.5,20.7,5.2,23.4,2.6,2.0,28.2,11.7,6.5,3.0,2.7,2.3,13.6,4.7,18.5,0.5,80.7
08606,REPELÓN,08,ATLÁNTICO,Municipio,10.493357,-75.125534,54.6,55.2,53.3,24.6,66.0,3.0,8.3,49.0,21.9,67.3,5.7,0.7,10.4,24.5,13.0,18.6,0.9,90.9
08634,SABANAGRANDE,08,ATLÁNTICO,Municipio,10.792453,-74.759496,31.9,30.6,59.8,14.9,46.7,2.6,2.8,43.0,20.0,4.9,4.9,3.4,4.2,18.8,3.7,19.6,0.8,86.2
08638,SABANALARGA,08,ATLÁNTICO,Municipio,10.632091,-74.921256,36.5,29.4,57.4,19.4,46.7,3.4,4.1,47.4,18.8,15.0,5.2,4.5,6.3,15.5,11.6,20.7,0.6,89.6
08675,SANTA LUCÍA,08,ATLÁNTICO,Municipio,10.324303,-74.959204,47.2,46.0,54.6,20.5,65.8,2.5,1.1,58.3,16.5,32.1,6.2,3.8,7.3,24.0,9.8,16.2,0.8,91.7
08685,SANTO TOMÁS,08,ATLÁNTICO,Municipio,10.758735,-74.757859,25.8,24.1,61.7,13.6,41.7,1.6,1.4,34.2,17.1,15.2,5.4,3.7,4.0,18.6,9.0,16.7,1.0,85.5
08758,SOLEDAD,08,ATLÁNTICO,Municipio,10.909921,-74.786054,18.6,18.5,81.7,5.8,31.4,3.1,2.9,36.0,12.5,10.3,5.4,0.5,1.1,15.9,1.5,19.5,0.6,86.1
08770,SUAN,08,ATLÁNTICO,Municipio,10.335432,-74.881687,43.8,43.3,55.6,21.5,56.6,2.9,5.2,45.2,29.7,17.0,4.8,0.1,1.3,18.6,3.8,21.9,1.4,91.2
08832,TUBARÁ,08,ATLÁNTICO,Municipio,10.873586,-74.978704,32.8,30.3,35.5,18.8,54.2,1.7,1.3,42.9,11.9,29.7,3.0,1.7,10.2,16.2,9.2,17.3,0.4,83.2
08849,USIACURÍ,08,ATLÁNTICO,Municipio,10.74298,-74.976985,32.7,31.1,58.4,16.3,52.4,1.7,0.6,42.9,14.7,50.9,4.3,2.9,3.6,10.6,12.6,16.4,0.4,85.0
11001,"BOGOTÁ, D.C.",11,"BOGOTÁ, D.C.",Municipio,4.649251,-74.106992,9.0,8.9,31.5,2.8,26.2,1.8,4.3,18.9,5.6,0.7,1.9,0.3,0.3,11.5,0.5,18.7,0.5,69.1
13001,CARTAGENA DE INDIAS,13,BOLÍVAR,Municipio,10.385126,-75.496269,19.9,18.1,36.8,6.5,33.5,2.3,2.5,36.7,14.2,7.8,6.4,4.9,5.0,13.4,5.4,17.6,0.7,86.6
13006,ACHÍ,13,BOLÍVAR,Municipio,8.570107,-74.557676,62.4,47.6,67.0,26.7,71.5,3.1,9.1,46.5,15.4,67.3,6.1,6.8,60.3,22.4,19.3,16.6,2.6,94.2
13030,ALTOS DEL ROSARIO,13,BOLÍVAR,Municipio,8.791865,-74.164905,70.7,69.2,71.8,30.0,79.9,2.5,8.6,49.9,23.5,75.0,7.6,14.2,51.5,30.5,27.8,14.9,3.2,96.0
13042,ARENAL,13,BOLÍVAR,Municipio,8.458865,-73.941099,62.0,60.6,64.3,22.5,73.0,3.1,18.0,59.2,21.3,35.1,7.8,5.7,24.6,25.2,17.9,13.3,1.8,93.2
13052,ARJONA,13,BOLÍVAR,Municipio,10.25666,-75.344332,47.4,46.9,49.6,22.4,55.5,2.4,6.8,42.3,24.1,79.8,4.9,5.1,13.2,20.2,17.2,14.7,0.7,87.8
13062,ARROYOHONDO,13,BOLÍVAR,Municipio,10.250075,-75.019215,68.4,65.7,72.2,37.1,74.7,3.0,5.6,46.7,28.6,57.0,6.3,1.5,20.6,29.5,39.8,23.6,1.9,94.9
13074,BARRANCO DE LOBA,13,BOLÍVAR,Municipio,8.947787,-74.104391,68.9,64.9,71.6,31.8,75.4,4.3,4.2,51.8,21.6,69.1,7.4,8.3,45.9,32.1,28.0,18.6,2.1,93.7
13140,CALAMAR,13,BOLÍVAR,Municipio,10.250431,-74.916144,62.5,55.3,72.0,29.7,66.7,2.5,2.3,50.0,27.5,75.8,5.2,3.0,17.4,21.6,44.3,16.5,0.6,94.0
13160,CANTAGALLO,13,BOLÍVAR,Municipio,7.378678,-73.914605,50.6,35.2,68.6,20.9,65.5,2.6,7.5,48.3,18.9,33.1,6.2,8.1,28.7,23.1,28.0,15.6,2.5,86.0
13188,CICUCO,13,BOLÍVAR,Municipio,9.274281,-74.645981,61.3,59.3,65.2,29.7,69.3,2.2,12.6,49.5,26.6,78.1,6.5,3.7,28.5,28.2,5.3,14.7,1.5,91.1
13212,CÓRDOBA,13,BOLÍVAR,Municipio,9.586942,-74.827399,61.9,67.4,59.7,41.0,74.1,2.1,13.1,48.2,18.3,44.5,3.7,1.3,34.3,20.2,27.6,12.0,1.3,95.5
13222,CLEMENCIA,13,BOLÍVAR,Municipio,10.567452,-75.328469,63.0,61.2,73.2,24.5,60.4,3.0,1.6,55.6,29.3,91.4,6.3,17.0,29.9,19.3,86.6,19.8,0.8,90.1
13244,EL CARMEN DE BOLÍVAR,13,BOLÍVAR,Municipio,9.718653,-75.121178,58.4,51.6,77.6,29.1,64.6,2.2,6.8,41.1,26.6,88.7,5.0,7.7,36.7,17.2,25.4,12.0,1.4,93.6
13248,EL GUAMO,13,BOLÍVAR,Municipio,10.030958,-74.976084,59.5,59.4,59.7,36.7,75.9,2.3,5.7,45.4,16.9,62.5,3.3,1.2,23.0,18.7,18.4,9.3,0.6,94.0
13268,EL PEÑÓN,13,BOLÍVAR,Municipio,8.988271,-73.949274,67.7,55.6,75.0,27.2,73.3,2.3,16.9,59.7,23.9,64.5,5.6,3.4,37.8,31.5,36.4,13.0,0.9,89.9
13300,HATILLO DE LOBA,13,BOLÍVAR,Municipio,8.956014,-74.077912,73.8,65.2,77.0,37.4,78.3,4.3,21.3,57.4,29.8,43.6,9.3,6.7,38.0,36.8,15.9,20.0,1.8,93.2
13430,MAGANGUÉ,13,BOLÍVAR,Municipio,9.263799,-74.766742,49.1,44.0,60.3,20.9,60.5,2.4,4.5,46.5,17.7,46.9,5.4,8.6,21.9,22.3,12.6,17.2,1.1,93.4
13433,MAHATES,13,BOLÍVAR,Municipio,10.233285,-75.191643,54.3,59.3,51.0,28.6,66.6,2.1,14.9,48.4,20.0,51.6,3.7,4.0,15.8,19.6,11.3,16.1,0.8,92.4
13440,MARGARITA,13,BOLÍVAR,Municipio,9.15784,-74.285137,65.6,53.2,68.0,29.0,76.6,2.3,15.5,49.9,19.7,49.4,5.3,2.2,44.0,24.4,27.7,18.1,1.2,95.0
13442,MARÍA LA BAJA,13,BOLÍVAR,Municipio,9.982402,-75.300516,63.2,60.7,65.1,32.9,72.8,5.7,1.2,46.4,16.5,56.6,18.0,17.5,30.1,23.7,45.8,18.4,2.2,94.4
13458,MONTECRISTO,13,BOLÍVAR,Municipio,8.297234,-74.471176,70.1,64.9,72.0,20.9,79.3,6.1,22.8,36.8,15.4,63.8,9.1,7.7,53.8,27.8,60.6,16.9,3.7,88.8
13468,MOMPÓS,13,BOLÍVAR,Municipio,9.244241,-74.42818,49.1,33.6,65.6,24.0,61.5,3.4,1.0,43.2,20.5,42.2,5.4,3.9,28.7,22.4,8.9,17.4,1.3,93.2
13473,MORALES,13,BOLÍVAR,Municipio,8.276558,-73.868172,57.6,47.7,62.2,15.7,74.7,3.6,6.4,45.7,14.7,26.2,6.2,7.6,56.6,24.6,34.7,18.3,1.8,93.4
13490,NOROSÍ,13,BOLÍVAR,Municipio,8.526259,-74.038003,66.2,62.2,67.6,20.3,77.3,3.7,11.2,36.9,15.8,69.5,8.5,13.9,62.2,23.0,57.0,17.6,2.3,92.7
13549,PINILLOS,13,BOLÍVAR,Municipio,8.914947,-74.462279,67.5,47.2,71.1,25.9,73.8,3.0,0.3,58.5,31.0,53.2,6.4,15.0,68.3,25.0,40.0,14.4,1.6,94.8
13580,REGIDOR,13,BOLÍVAR,Municipio,8.666258,-73.821638,48.9,50.3,46.9,21.5,62.0,4.1,4.9,48.8,14.8,67.1,5.5,16.1,20.6,21.9,3.9,15.8,1.1,78.8
13600,RÍO VIEJO,13,BOLÍVAR,Municipio,8.58795,-73.840466,57.3,47.0,69.5,23.3,71.4,2.6,1.9,49.0,18.6,36.6,5.4,16.9,41.8,26.8,28.5,18.0,1.6,90.0
13620,SAN CRISTÓBAL,13,BOLÍVAR,Municipio,10.392836,-75.065076,49.9,53.8,37.0,19.5,63.3,1.5,6.5,53.8,22.5,76.4,3.1,1.9,11.1,15.4,4.1,15.2,0.6,92.5
13647,SAN ESTANISLAO,13,BOLÍVAR,Municipio,10.398602,-75.153101,50.7,48.5,55.5,25.9,62.5,1.9,4.5,43.3,23.1,82.0,4.9,3.4,16.8,17.1,13.5,14.3,0.7,89.9
13650,SAN FERNANDO,13,BOLÍVAR,Municipio,9.214183,-74.323811,64.3,40.9,69.9,30.9,74.3,2.0,2.7,60.1,23.2,41.6,5.2,1.2,48.7,26.9,20.2,15.8,1.4,93.8
13654,SAN JACINTO,13,BOLÍVAR,Municipio,9.830275,-75.12105,60.3,57.8,78.0,29.8,63.0,1.2,6.8,48.2,22.1,94.0,3.9,4.6,25.8,19.3,99.0,9.2,0.9,94.3
13655,SAN JACINTO DEL CAUCA,13,BOLÍVAR,Municipio,8.25158,-74.721156,66.7,62.5,68.4,24.5,73.3,3.6,1.3,54.4,20.1,73.5,5.7,18.0,64.2,24.0,45.0,13.5,2.6,95.0
13657,SAN JUAN NEPOMUCENO,13,BOLÍVAR,Municipio,9.953751,-75.081761,56.2,54.0,62.8,30.2,63.0,1.9,6.6,39.9,20.4,77.9,4.0,4.4,13.5,12.8,49.0,12.0,1.1,92.9
13667,SAN MARTÍN DE LOBA,13,BOLÍVAR,Municipio,8.937485,-74.039134,60.6,48.9,71.6,26.3,73.2,2.6,0.7,49.6,25.9,39.8,6.6,14.1,36.0,28.8,26.9,18.6,1.3,95.2
13670,SAN PABLO,13,BOLÍVAR,Municipio,7.476747,-73.924602,54.0,50.3,66.3,20.9,69.7,3.6,7.1,41.1,20.8,38.1,8.0,20.8,31.2,26.1,18.8,17.2,3.0,90.3
13673,SANTA CATALINA,13,BOLÍVAR,Municipio,10.605294,-75.287855,54.8,49.9,57.9,23.3,62.6,1.9,0.9,46.7,15.5,57.2,4.0,6.4,12.1,25.2,95.0,15.1,0.6,89.5
13683,SANTA ROSA,13,BOLÍVAR,Municipio,10.444396,-75.369824,54.3,53.6,62.8,19.8,56.3,2.6,8.6,46.2,17.1,94.3,11.6,33.0,16.1,19.9,64.8,11.2,0.6,88.1
13688,SANTA ROSA DEL SUR,13,BOLÍVAR,Municipio,7.963938,-74.052243,43.6,35.1,57.5,9.4,69.1,3.6,13.4,34.2,15.4,17.0,7.4,3.9,20.0,24.8,23.3,14.0,3.7,91.5
13744,SIMITÍ,13,BOLÍVAR,Municipio,7.953916,-73.947264,54.8,46.5,59.7,20.9,72.9,3.7,8.2,39.4,16.8,57.0,6.7,3.1,26.5,25.5,25.1,16.0,2.9,91.1
13760,SOPLAVIENTO,13,BOLÍVAR,Municipio,10.38839,-75.136404,39.4,38.9,77.3,10.7,48.8,1.6,3.5,45.3,24.5,98.7,2.5,0.9,13.3,12.2,9.7,16.3,0.4,89.2
13780,TALAIGUA NUEVO,13,BOLÍVAR,Municipio,9.30403,-74.567479,50.7,41.7,58.6,23.4,59.0,1.5,4.8,51.8,26.7,44.4,3.9,0.9,25.4,23.3,7.5,14.4,1.1,93.4
13810,TIQUISIO,13,BOLÍVAR,Municipio,8.558666,-74.262922,73.0,68.4,75.4,27.1,76.0,6.2,13.4,47.2,22.0,76.3,10.1,14.6,54.2,34.2,49.0,17.6,4.2,96.8
13836,TURBACO,13,BOLÍVAR,Municipio,10.348316,-75.427249,30.4,28.4,57.8,10.4,35.1,2.2,4.4,37.2,16.0,72.4,2.9,3.4,4.0,15.0,22.7,17.5,0.4,83.2
13838,TURBANÁ,13,BOLÍVAR,Municipio,10.274585,-75.44265,42.8,40.2,51.7,19.6,56.5,1.7,4.7,50.0,24.5,41.5,4.2,8.3,6.7,16.2,41.4,16.7,0.2,83.3
13873,VILLANUEVA,13,BOLÍVAR,Municipio,10.444089,-75.275613,54.1,53.7,56.9,25.1,62.8,1.8,2.6,38.8,23.7,91.9,3.6,29.1,22.7,26.5,45.5,13.1,0.9,90.9
13894,ZAMBRANO,13,BOLÍVAR,Municipio,9.746306,-74.817879,62.4,60.5,80.6,34.9,66.9,1.8,6.2,48.1,30.1,94.7,4.9,11.1,25.2,17.5,18.1,12.1,1.1,91.7
15001,TUNJA,15,BOYACÁ,Municipio,5.53988,-73.355539,11.4,10.2,37.2,3.8,25.6,1.3,5.5,27.7,4.4,1.9,1.5,0.1,0.5,12.3,0.9,18.0,0.5,75.3
15022,ALMEIDA,15,BOYACÁ,Municipio,4.970857,-73.378933,37.5,10.2,44.3,14.9,76.8,1.7,0.7,51.3,2.2,9.9,3.2,0.9,17.5,8.4,36.4,8.3,1.0,88.8
15047,AQUITANIA,15,BOYACÁ,Municipio,5.518602,-72.88399,33.5,24.0,40.2,16.1,77.6,1.4,3.5,36.7,6.5,13.8,4.4,0.4,8.7,14.9,23.9,10.6,3.5,95.1
15051,ARCABUCO,15,BOYACÁ,Municipio,5.755673,-73.437503,24.8,12.6,34.3,10.9,66.0,1.2,4.3,23.9,6.5,15.4,6.5,0.4,3.6,15.9,17.0,11.5,2.7,89.4
15087,BELÉN,15,BOYACÁ,Municipio,5.98923,-72.911641,25.2,16.9,38.1,11.0,63.4,1.1,4.7,40.3,7.5,8.0,1.7,0.2,5.3,14.9,8.4,10.3,1.3,85.6
15090,BERBEO,15,BOYACÁ,Municipio,5.227451,-73.12721,40.5,25.4,46.1,18.1,73.4,0.9,1.2,58.4,3.5,11.5,2.6,1.0,16.2,14.3,14.8,9.4,0.5,84.9
15092,BETÉITIVA,15,BOYACÁ,Municipio,5.909978,-72.809014,43.3,18.1,48.0,15.5,69.9,0.8,4.3,60.7,6.4,18.9,2.0,0.1,27.5,11.2,40.4,10.6,0.4,84.0
15097,BOAVITA,15,BOYACÁ,Municipio,6.330703,-72.584905,48.1,21.7,70.4,18.5,69.6,0.9,9.5,53.3,9.9,12.9,1.8,0.3,42.1,17.0,46.0,11.5,0.3,85.3
15104,BOYACÁ,15,BOYACÁ,Municipio,5.454578,-73.361945,39.7,26.8,42.0,21.1,84.7,1.8,3.6,48.1,4.3,16.7,3.4,0.4,9.2,13.7,13.7,10.1,2.6,91.6
15106,BRICEÑO,15,BOYACÁ,Municipio,5.690879,-73.92326,48.5,23.8,55.8,18.7,82.4,0.8,7.6,37.7,5.4,8.2,5.2,0.7,5.2,19.0,51.6,13.0,2.8,90.2
15109,BUENAVISTA,15,BOYACÁ,Municipio,5.512594,-73.94217,44.9,17.9,50.2,23.6,83.4,0.8,1.0,35.3,3.8,10.1,3.0,0.3,10.7,18.1,49.3,10.2,1.4,93.0
15114,BUSBANZÁ,15,BOYACÁ,Municipio,5.831393,-72.884158,31.3,25.6,36.0,10.9,64.2,0.9,1.2,55.8,8.4,5.9,1.6,0.0,22.7,12.5,7.8,8.7,0.6,85.4
15131,CALDAS,15,BOYACÁ,Municipio,5.55458,-73.865553,43.7,16.2,45.9,15.5,77.9,1.1,1.5,54.7,5.2,15.8,2.5,0.5,10.0,13.7,33.4,12.1,0.9,91.8
15135,CAMPOHERMOSO,15,BOYACÁ,Municipio,5.031676,-73.104173,52.3,18.4,63.0,13.7,77.3,1.4,9.4,49.3,3.8,15.2,4.0,0.6,25.3,19.2,55.4,7.8,1.8,89.8
15162,CERINZA,15,BOYACÁ,Municipio,5.955939,-72.947918,29.4,18.6,38.1,9.9,68.9,0.7,13.5,46.1,4.7,8.6,1.5,0.1,6.2,10.9,6.7,11.8,0.2,87.4
15172,CHINAVITA,15,BOYACÁ,Municipio,5.167486,-73.368476,41.1,18.9,56.4,17.5,77.0,1.9,0.9,56.2,5.8,8.0,5.2,0.4,10.9,9.7,18.2,9.9,0.8,90.8
15176,CHIQUINQUIRÁ,15,BOYACÁ,Municipio,5.61379,-73.818745,17.3,15.0,35.8,8.4,44.7,1.5,4.5,29.2,5.2,1.9,2.1,0.4,1.1,13.5,3.4,15.3,1.3,84.2
15180,CHISCAS,15,BOYACÁ,Municipio,6.553136,-72.500957,60.1,21.2,72.1,16.5,70.7,1.7,8.0,68.9,16.0,19.6,2.3,0.5,53.1,15.2,23.9,16.2,0.5,92.3
15183,CHITA,15,BOYACÁ,Municipio,6.187083,-72.471892,69.1,30.4,81.7,22.4,80.3,1.2,5.1,71.5,18.3,27.2,4.2,0.9,66.1,22.6,46.9,11.3,0.9,93.1
15185,CHITARAQUE,15,BOYACÁ,Municipio,6.027425,-73.4471,46.4,14.2,55.1,20.0,81.8,2.1,1.1,32.7,3.5,20.3,5.9,2.7,25.6,13.7,55.0,11.0,2.6,93.6
15187,CHIVATÁ,15,BOYACÁ,Municipio,5.558949,-73.282529,42.3,19.1,47.0,18.8,70.3,2.5,4.3,57.3,11.2,23.0,2.6,0.5,10.0,18.5,10.9,13.5,0.5,83.1
15189,CIÉNEGA,15,BOYACÁ,Municipio,5.408694,-73.296049,40.5,16.7,49.3,17.1,81.4,0.9,1.1,38.8,6.8,46.1,3.4,0.1,3.6,17.0,12.7,8.5,2.8,91.9
15204,CÓMBITA,15,BOYACÁ,Municipio,5.634545,-73.323957,36.1,19.1,38.8,12.9,69.0,1.0,2.7,41.9,5.4,41.9,3.1,0.0,2.9,18.3,11.6,12.2,1.2,86.1
15212,COPER,15,BOYACÁ,Municipio,5.475074,-74.045636,38.8,21.9,44.2,23.2,80.8,2.0,0.5,25.3,4.2,4.5,7.2,0.4,5.9,13.2,63.0,9.2,2.2,92.4
15215,CORRALES,15,BOYACÁ,Municipio,5.828064,-72.844795,26.6,20.3,37.2,10.3,64.5,2.1,2.3,47.2,10.5,8.3,1.6,0.0,9.5,17.0,5.9,12.7,0.3,76.4
15218,COVARACHÍA,15,BOYACÁ,Municipio,6.500177,-72.738978,55.6,11.9,65.0,21.2,75.9,0.9,5.8,63.3,12.2,25.9,1.8,0.2,46.8,14.7,41.2,9.3,0.2,91.8
15223,CUBARÁ,15,BOYACÁ,Municipio,6.997275,-72.107939,69.7,32.4,79.8,45.2,76.2,9.0,2.3,68.0,30.7,49.7,23.3,41.4,48.1,36.1,49.6,25.4,1.1,91.8
15224,CUCAITA,15,BOYACÁ,Municipio,5.544452,-73.454338,25.9,21.8,29.0,10.5,73.9,1.0,2.8,38.7,8.7,6.2,3.7,0.1,8.3,12.7,5.5,9.1,3.4,90.1
15226,CUÍTIVA,15,BOYACÁ,Municipio,5.580367,-72.965923,40.7,25.1,43.6,14.7,73.2,1.5,5.5,52.2,4.8,10.5,3.2,0.0,8.4,17.2,15.1,10.7,1.2,88.6
15232,CHÍQUIZA,15,BOYACÁ,Municipio,5.639834,-73.449463,51.3,29.3,53.1,19.4,92.1,1.5,0.2,43.2,10.1,48.1,6.1,0.1,18.1,19.8,24.1,9.1,2.2,95.9
15236,CHIVOR,15,BOYACÁ,Municipio,4.888173,-73.368398,45.8,16.2,63.1,16.1,76.6,0.8,2.7,58.3,4.9,31.3,2.4,1.5,15.8,7.4,34.3,11.9,1.0,93.6
15238,DUITAMA,15,BOYACÁ,Municipio,5.822964,-73.03063,10.5,9.4,19.3,4.8,34.3,1.4,3.7,27.9,4.0,1.3,1.5,0.2,0.5,11.4,1.0,14.8,0.6,78.0
15244,EL COCUY,15,BOYACÁ,Municipio,6.407738,-72.444537,49.4,28.5,74.2,13.1,71.9,1.3,3.8,60.2,19.5,7.2,5.1,2.9,37.0,16.7,13.6,8.7,1.0,91.4
15248,EL ESPINO,15,BOYACÁ,Municipio,6.483027,-72.497007,31.3,18.4,42.8,10.0,58.8,1.0,4.4,52.6,10.6,4.9,1.9,0.4,22.7,7.7,11.3,10.4,0.9,89.3
15272,FIRAVITOBA,15,BOYACÁ,Municipio,5.668885,-72.993392,21.7,10.0,28.9,11.3,57.2,0.9,6.7,38.4,4.8,11.8,1.4,0.4,4.7,12.4,7.3,9.7,0.6,82.1
15276,FLORESTA,15,BOYACÁ,Municipio,5.859519,-72.918111,43.9,24.3,54.7,17.6,76.2,0.5,3.0,60.2,10.0,15.2,2.4,0.1,23.1,13.1,15.0,7.7,0.4,89.4
15293,GACHANTIVÁ,15,BOYACÁ,Municipio,5.751891,-73.549092,51.2,21.4,58.8,17.0,76.6,0.9,22.4,39.4,5.6,32.0,2.0,0.4,22.4,12.1,35.5,9.1,1.6,89.0
15296,GÁMEZA,15,BOYACÁ,Municipio,5.802333,-72.80553,43.7,26.6,51.0,14.1,80.1,1.4,3.9,52.8,11.4,22.3,3.7,0.1,8.9,16.9,7.9,14.0,0.8,82.3
15299,GARAGOA,15,BOYACÁ,Municipio,5.083234,-73.364413,20.3,12.2,47.7,8.4,57.1,1.1,3.6,35.8,3.9,5.3,2.0,0.6,4.4,9.8,13.8,12.0,0.8,84.2
15317,GUACAMAYAS,15,BOYACÁ,Municipio,6.459667,-72.500812,30.4,18.7,36.3,11.7,63.4,0.7,1.2,49.2,8.0,9.2,2.4,0.0,16.9,14.1,18.7,11.3,0.6,89.0
15322,GUATEQUE,15,BOYACÁ,Municipio,5.007321,-73.471207,19.4,13.8,42.3,9.8,55.1,1.1,6.2,29.7,4.7,8.4,1.5,1.1,5.5,10.0,7.7,10.7,1.1,82.8
15325,GUAYATÁ,15,BOYACÁ,Municipio,4.967122,-73.489698,36.1,10.7,48.3,17.7,78.1,0.8,6.3,41.0,4.3,20.4,1.4,0.5,24.6,7.9,21.1,7.4,0.9,89.8
15332,GÜICÁN DE LA SIERRA,15,BOYACÁ,Municipio,6.462864,-72.411763,48.1,13.3,63.9,24.2,67.4,2.7,8.1,51.5,16.6,21.1,11.2,10.8,33.5,20.4,32.4,15.3,2.2,89.0
15362,IZA,15,BOYACÁ,Municipio,5.611577,-72.979559,24.8,16.2,37.6,8.2,52.2,1.8,5.8,42.0,8.9,7.9,1.0,0.7,4.8,13.8,7.8,17.1,0.8,82.7
15367,JENESANO,15,BOYACÁ,Municipio,5.385813,-73.363738,38.8,17.6,46.6,19.0,79.0,1.6,0.8,49.2,5.3,14.0,3.6,0.2,10.2,12.8,16.7,7.5,1.3,89.8
15368,JERICÓ,15,BOYACÁ,Municipio,6.145735,-72.571122,64.7,26.2,79.6,24.7,83.0,1.5,2.3,77.6,15.0,39.9,4.2,1.2,52.6,12.5,44.3,9.8,0.4,90.2
15377,LABRANZAGRANDE,15,BOYACÁ,Municipio,5.562687,-72.57777,57.4,28.9,72.7,27.4,82.2,2.4,7.0,47.2,11.5,33.8,4.0,1.4,39.9,15.8,32.1,10.1,2.1,91.6
15380,LA CAPILLA,15,BOYACÁ,Municipio,5.095687,-73.444347,31.6,19.1,40.0,15.5,77.5,0.4,1.0,45.5,3.2,12.4,2.1,0.2,7.3,11.2,19.1,7.6,1.4,90.6
15401,LA VICTORIA,15,BOYACÁ,Municipio,5.523792,-74.234393,38.4,18.6,48.7,23.8,76.7,0.8,0.5,28.0,1.6,18.4,2.6,4.1,17.9,18.7,32.4,7.3,2.6,86.8
15403,LA UVITA,15,BOYACÁ,Municipio,6.31616,-72.559982,41.9,26.2,54.2,11.5,68.1,0.7,5.7,63.7,8.6,9.3,1.6,0.2,24.7,15.4,16.9,13.0,0.4,88.4
15407,VILLA DE LEYVA,15,BOYACÁ,Municipio,5.632455,-73.524948,15.2,11.6,19.6,6.9,43.7,2.0,4.0,19.8,8.5,2.8,2.6,0.8,3.1,11.6,3.9,16.2,1.3,81.4
15425,MACANAL,15,BOYACÁ,Municipio,4.972464,-73.319593,28.9,6.3,37.6,14.9,73.1,1.0,0.6,37.3,2.8,6.6,2.8,0.5,8.5,13.8,23.2,10.1,1.1,88.6
15442,MARIPÍ,15,BOYACÁ,Municipio,5.550091,-74.00405,67.0,27.8,72.9,28.1,84.6,1.3,11.9,52.1,4.1,35.1,4.0,0.5,19.5,17.6,71.8,10.8,1.2,93.1
15455,MIRAFLORES,15,BOYACÁ,Municipio,5.196515,-73.14563,21.1,11.7,35.0,12.3,61.3,0.8,2.6,32.1,4.5,3.3,1.9,2.1,3.9,10.6,13.2,10.1,0.7,84.0
15464,MONGUA,15,BOYACÁ,Municipio,5.754242,-72.79809,50.7,33.4,65.6,15.1,72.3,1.7,17.9,64.8,11.0,25.0,3.4,0.6,28.5,16.9,15.5,11.2,0.9,85.5
15466,MONGUÍ,15,BOYACÁ,Municipio,5.723486,-72.849292,28.8,20.4,41.3,13.7,61.1,1.7,3.7,44.2,9.2,6.0,4.3,0.4,8.1,13.7,5.7,14.5,0.8,86.9
15469,MONIQUIRÁ,15,BOYACÁ,Municipio,5.876331,-73.573374,27.1,12.8,43.5,15.3,59.4,1.6,2.9,29.2,4.7,12.1,3.8,0.6,4.3,11.1,20.4,12.4,1.2,85.7
15476,MOTAVITA,15,BOYACÁ,Municipio,5.5777,-73.367841,49.8,18.6,54.7,12.4,71.7,1.8,2.7,64.4,8.9,26.4,3.9,0.5,11.9,16.0,35.8,13.2,0.8,89.3
15480,MUZO,15,BOYACÁ,Municipio,5.532758,-74.10269,40.7,35.7,50.8,17.8,70.6,0.7,7.8,39.8,9.1,23.0,2.7,9.7,14.3,19.3,34.5,10.4,1.1,86.4
15491,NOBSA,15,BOYACÁ,Municipio,5.768046,-72.937042,10.5,8.7,11.4,5.4,41.7,1.2,3.2,31.1,3.5,1.2,2.4,0.2,0.5,10.7,0.8,13.0,0.6,79.6
15494,NUEVO COLÓN,15,BOYACÁ,Municipio,5.355317,-73.456759,46.2,19.2,52.7,12.9,76.3,2.0,9.4,49.1,5.7,30.4,5.5,1.2,12.9,16.1,19.8,9.8,1.5,94.2
15500,OICATÁ,15,BOYACÁ,Municipio,5.595235,-73.308399,22.8,11.3,24.7,11.3,60.6,1.7,9.9,26.1,5.8,7.4,1.2,0.3,8.2,18.1,5.0,13.5,1.0,80.3
15507,OTANCHE,15,BOYACÁ,Municipio,5.657536,-74.180965,44.7,29.9,58.2,19.0,73.2,1.7,3.3,31.0,5.8,42.6,4.0,18.4,17.0,14.0,44.1,12.5,1.9,86.6
15511,PACHAVITA,15,BOYACÁ,Municipio,5.140065,-73.396953,37.5,31.0,39.3,15.3,82.4,0.9,13.5,39.3,4.7,10.3,3.1,0.4,12.7,14.5,19.0,6.2,0.9,89.1
15514,PÁEZ,15,BOYACÁ,Municipio,5.097319,-73.052737,36.5,20.3,48.5,14.8,73.1,1.4,3.9,43.0,3.8,13.8,2.7,1.4,11.8,13.7,47.3,9.2,1.0,84.8
15516,PAIPA,15,BOYACÁ,Municipio,5.779894,-73.11782,16.2,10.0,26.4,6.9,46.5,0.9,3.5,31.8,4.6,4.4,1.9,0.2,2.0,13.7,5.1,11.3,0.9,78.0
15518,PAJARITO,15,BOYACÁ,Municipio,5.293783,-72.703231,27.8,20.4,34.5,15.5,65.8,1.7,1.6,29.9,6.0,9.4,2.0,0.7,3.0,12.9,23.5,14.2,1.0,78.1
15522,PANQUEBA,15,BOYACÁ,Municipio,6.443416,-72.459424,42.7,16.9,65.9,16.6,67.4,2.4,0.5,52.1,8.9,6.0,4.6,0.9,24.0,13.5,27.5,12.9,1.8,92.0
15531,PAUNA,15,BOYACÁ,Municipio,5.656323,-73.978449,47.4,23.8,58.4,29.5,80.0,1.3,2.7,33.7,3.7,30.2,3.8,2.6,14.8,11.3,52.6,10.9,1.9,91.5
15533,PAYA,15,BOYACÁ,Municipio,5.625699,-72.423775,68.2,29.3,78.9,25.0,77.1,3.2,2.9,59.5,15.3,42.4,6.2,1.7,64.4,26.6,59.6,9.5,2.9,92.5
15537,PAZ DE RÍO,15,BOYACÁ,Municipio,5.987645,-72.749137,21.6,11.8,40.0,11.2,58.0,1.0,1.3,35.2,6.9,10.7,1.0,0.1,7.9,13.0,8.7,12.8,0.3,73.1
15542,PESCA,15,BOYACÁ,Municipio,5.558808,-73.050872,39.3,17.3,50.6,16.0,75.8,0.8,4.8,43.9,8.7,24.2,3.4,0.3,18.6,12.2,13.3,10.2,2.2,90.6
15550,PISBA,15,BOYACÁ,Municipio,5.72141,-72.486023,57.9,31.9,70.8,18.6,73.7,2.0,4.4,52.8,14.0,24.1,5.5,2.2,38.2,18.2,50.2,10.3,3.1,88.4
15572,PUERTO BOYACÁ,15,BOYACÁ,Municipio,5.976646,-74.587782,33.6,30.0,42.9,15.4,62.1,2.0,5.5,37.8,11.4,8.9,3.2,7.0,4.9,20.1,5.8,16.7,0.9,80.7
15580,QUÍPAMA,15,BOYACÁ,Municipio,5.52055,-74.180033,64.6,37.9,76.3,23.3,79.1,1.2,0.3,72.9,4.9,37.8,5.2,13.1,32.2,11.7,63.6,13.3,0.4,92.8
15599,RAMIRIQUÍ,15,BOYACÁ,Municipio,5.400303,-73.334839,31.4,14.0,45.0,15.7,66.3,1.2,5.7,35.6,5.5,19.7,3.8,0.4,5.3,13.5,16.0,10.7,2.3,90.2
15600,RÁQUIRA,15,BOYACÁ,Municipio,5.539136,-73.632543,31.3,10.9,40.2,18.6,74.2,2.2,1.1,25.8,10.1,12.6,5.4,0.4,10.2,13.1,30.3,9.3,3.2,87.1
15621,RONDÓN,15,BOYACÁ,Municipio,5.357378,-73.208474,46.9,17.0,57.4,15.6,73.9,1.0,5.6,61.0,2.4,10.3,2.7,0.1,7.0,12.0,50.3,9.6,0.9,91.1
15632,SABOYÁ,15,BOYACÁ,Municipio,5.697756,-73.764456,41.8,16.4,44.1,17.9,75.7,1.6,4.0,43.3,5.0,20.5,2.8,0.1,10.8,15.4,34.4,11.0,2.1,92.0
15638,SÁCHICA,15,BOYACÁ,Municipio,5.584305,-73.542539,23.8,13.1,35.0,11.1,63.9,2.5,0.5,20.9,10.0,11.8,5.1,0.8,9.9,13.5,5.3,11.4,6.1,88.9
15646,SAMACÁ,15,BOYACÁ,Municipio,5.492161,-73.485589,21.5,14.3,26.2,11.9,67.1,1.7,4.7,29.6,6.8,13.3,4.9,0.2,1.4,15.5,4.0,10.0,3.0,78.3
15660,SAN EDUARDO,15,BOYACÁ,Municipio,5.22401,-73.077747,35.9,13.2,53.2,14.1,69.9,0.8,5.4,52.1,4.7,10.7,0.9,0.9,6.0,12.1,25.2,6.1,1.1,89.6
15664,SAN JOSÉ DE PARE,15,BOYACÁ,Municipio,6.018924,-73.545397,50.8,26.0,57.1,24.3,82.5,1.3,2.6,39.8,2.9,20.4,4.4,2.3,10.1,15.7,53.2,10.6,1.8,93.2
15667,SAN LUIS DE GACENO,15,BOYACÁ,Municipio,4.81976,-73.168076,31.4,16.1,44.9,15.6,72.0,1.5,0.9,29.6,5.4,24.0,3.5,1.0,15.0,10.0,39.6,10.5,1.8,86.9
15673,SAN MATEO,15,BOYACÁ,Municipio,6.401683,-72.555264,45.8,16.3,61.9,17.6,75.5,0.4,1.4,61.1,10.6,15.0,1.3,0.2,33.1,14.5,25.5,12.4,0.3,89.5
15676,SAN MIGUEL DE SEMA,15,BOYACÁ,Municipio,5.518083,-73.722009,35.6,22.1,37.8,10.0,73.0,1.8,3.0,38.4,4.1,8.5,1.5,0.5,8.1,15.5,56.2,10.5,1.2,83.1
15681,SAN PABLO DE BORBUR,15,BOYACÁ,Municipio,5.650743,-74.069963,53.7,25.7,57.4,20.0,78.8,1.7,1.6,48.0,3.4,53.9,4.3,2.5,6.2,16.2,66.0,13.0,1.0,89.0
15686,SANTANA,15,BOYACÁ,Municipio,6.056866,-73.481639,40.5,20.3,51.3,20.5,72.9,0.9,4.5,39.4,6.3,24.6,4.5,3.0,9.2,16.6,28.2,10.4,2.3,93.5
15690,SANTA MARÍA,15,BOYACÁ,Municipio,4.857193,-73.263518,29.0,16.4,51.1,15.8,65.5,1.5,2.7,33.2,7.2,25.7,2.1,2.2,9.6,16.0,31.4,11.2,1.3,79.8
15693,SANTA ROSA DE VITERBO,15,BOYACÁ,Municipio,5.874547,-72.982461,19.0,12.3,30.9,7.7,50.1,1.1,2.7,45.5,3.6,3.8,2.6,0.2,2.6,8.2,5.0,12.7,0.4,87.6
15696,SANTA SOFÍA,15,BOYACÁ,Municipio,5.713269,-73.602707,31.4,21.3,36.5,16.3,71.0,1.6,3.2,33.6,7.1,22.8,3.1,0.4,8.4,11.1,16.3,15.3,3.5,89.5
15720,SATIVANORTE,15,BOYACÁ,Municipio,6.131132,-72.708458,51.6,22.6,66.5,13.5,78.7,1.3,5.8,73.7,9.8,13.0,1.6,0.4,18.9,10.0,23.8,6.5,0.3,89.0
15723,SATIVASUR,15,BOYACÁ,Municipio,6.093183,-72.712435,29.7,9.6,37.5,8.1,63.1,1.3,2.6,60.8,8.3,23.6,1.0,0.0,15.8,14.3,10.4,6.8,0.0,81.3
15740,SIACHOQUE,15,BOYACÁ,Municipio,5.511811,-73.24466,45.1,23.7,49.5,17.8,83.8,2.7,4.3,53.1,9.9,15.9,4.2,0.1,10.2,14.9,17.5,10.2,2.4,93.2
15753,SOATÁ,15,BOYACÁ,Municipio,6.331945,-72.684051,17.3,9.2,39.1,9.7,48.4,0.8,1.0,38.4,6.9,3.9,1.2,0.1,9.5,7.8,6.9,9.8,0.4,85.4
15755,SOCOTÁ,15,BOYACÁ,Municipio,6.041162,-72.636653,52.9,17.3,61.3,20.2,80.3,2.2,5.3,57.7,14.3,17.3,5.5,0.4,38.0,19.3,42.0,11.9,0.8,79.4
15757,SOCHA,15,BOYACÁ,Municipio,5.996717,-72.691963,20.8,13.3,30.4,10.1,59.3,2.4,0.9,38.8,9.8,3.6,3.3,0.3,8.8,12.6,6.1,13.9,0.7,72.7
15759,SOGAMOSO,15,BOYACÁ,Municipio,5.723976,-72.924355,10.4,8.8,22.9,5.2,36.7,1.5,3.0,29.2,4.0,1.9,2.0,0.1,0.8,10.3,1.9,13.3,0.5,79.3
15761,SOMONDOCO,15,BOYACÁ,Municipio,4.985726,-73.433393,41.0,14.4,50.0,15.3,79.6,0.9,7.4,51.5,2.2,18.8,2.1,0.2,13.2,5.5,37.5,6.7,0.6,87.8
15762,SORA,15,BOYACÁ,Municipio,5.56684,-73.450153,55.3,23.4,62.1,13.6,77.5,0.6,2.6,63.5,5.3,55.1,4.6,0.1,43.9,9.2,27.9,9.0,0.6,93.0
15763,SOTAQUIRÁ,15,BOYACÁ,Municipio,5.764986,-73.246585,35.4,15.5,37.7,10.2,74.3,2.8,2.7,38.3,7.0,27.1,10.0,0.2,12.5,18.3,8.3,13.0,1.9,82.3
15764,SORACÁ,15,BOYACÁ,Municipio,5.500898,-73.332804,38.5,20.8,44.2,18.2,77.2,1.2,4.3,41.9,9.3,17.0,3.4,0.3,4.8,21.6,16.5,9.9,2.3,88.3
15774,SUSACÓN,15,BOYACÁ,Municipio,6.230332,-72.690289,37.1,11.7,44.6,15.9,75.1,0.6,0.9,56.5,7.7,8.7,1.6,0.0,16.7,6.2,27.1,10.5,0.6,91.0
15776,SUTAMARCHÁN,15,BOYACÁ,Municipio,5.619781,-73.620536,31.1,13.5,41.0,13.4,68.3,1.9,2.3,32.3,8.1,17.8,2.5,0.2,14.6,12.0,37.2,8.5,2.6,88.9
15778,SUTATENZA,15,BOYACÁ,Municipio,5.022989,-73.452317,47.4,16.1,54.7,20.6,76.9,0.8,3.7,52.5,5.0,25.3,1.5,0.9,34.8,10.2,56.5,7.9,0.8,89.6
15790,TASCO,15,BOYACÁ,Municipio,5.909821,-72.781011,31.4,16.6,37.4,11.0,71.1,1.3,1.3,51.5,7.7,15.9,3.3,0.2,16.1,13.8,5.6,13.3,1.1,79.5
15798,TENZA,15,BOYACÁ,Municipio,5.076781,-73.421176,41.1,13.4,53.2,13.9,77.6,0.5,9.9,39.7,5.1,14.9,2.0,0.6,12.6,12.2,52.5,7.9,0.7,85.6
15804,TIBANÁ,15,BOYACÁ,Municipio,5.317251,-73.396457,47.0,16.6,54.9,18.9,82.3,1.4,1.1,51.5,4.7,33.8,2.9,0.2,21.4,11.5,21.8,8.3,1.8,90.2
15806,TIBASOSA,15,BOYACÁ,Municipio,5.74723,-72.999449,14.3,10.9,16.3,8.9,51.7,1.3,1.0,33.1,3.0,2.4,3.6,0.8,1.0,11.0,1.6,13.7,1.2,82.2
15808,TINJACÁ,15,BOYACÁ,Municipio,5.579713,-73.646847,35.2,12.1,43.0,11.9,63.3,1.4,7.1,42.4,5.3,13.6,1.9,0.4,7.7,11.6,46.5,9.4,1.1,88.1
15810,TIPACOQUE,15,BOYACÁ,Municipio,6.419203,-72.691729,41.6,20.5,50.1,20.1,70.0,0.7,1.9,44.5,13.0,20.8,1.6,0.3,35.3,11.4,47.9,9.0,1.1,91.3
15814,TOCA,15,BOYACÁ,Municipio,5.566464,-73.184794,30.2,16.1,43.3,9.6,70.2,2.3,1.7,36.7,8.0,20.7,4.2,0.5,13.5,14.8,9.2,10.0,2.1,87.7
15816,TOGÜÍ,15,BOYACÁ,Municipio,5.937438,-73.513655,50.0,16.1,55.7,19.9,83.0,1.9,10.4,43.8,6.0,14.6,5.4,1.4,13.7,21.5,32.6,8.7,2.6,94.3
15820,TÓPAGA,15,BOYACÁ,Municipio,5.768201,-72.832245,28.7,16.7,33.4,11.3,63.3,1.4,3.4,41.0,7.3,15.4,1.6,0.1,6.1,18.3,24.0,12.3,0.9,76.6
15822,TOTA,15,BOYACÁ,Municipio,5.560497,-72.985898,47.9,21.8,53.2,22.3,85.5,2.4,0.9,53.5,7.5,13.7,4.4,0.1,18.2,18.0,16.4,10.4,2.4,95.3
15832,TUNUNGUÁ,15,BOYACÁ,Municipio,5.730582,-73.933155,42.1,14.3,47.6,17.9,76.8,1.0,6.7,39.7,7.6,12.2,3.6,5.5,11.2,18.4,26.2,12.7,1.5,89.5
15835,TURMEQUÉ,15,BOYACÁ,Municipio,5.323261,-73.491825,45.1,20.5,58.5,15.0,75.0,1.3,7.4,52.8,6.9,38.4,2.6,0.3,9.9,16.0,9.1,8.3,1.0,91.4
15837,TUTA,15,BOYACÁ,Municipio,5.689082,-73.230285,32.8,15.6,39.6,10.2,63.3,2.3,4.5,45.9,6.5,16.3,5.6,0.3,7.1,16.1,8.6,10.9,0.8,86.6
15839,TUTAZÁ,15,BOYACÁ,Municipio,6.032608,-72.856035,36.4,32.0,36.9,14.2,77.4,1.2,0.3,55.1,5.9,9.8,2.5,0.0,6.9,9.5,25.5,13.0,1.5,90.0
15842,ÚMBITA,15,BOYACÁ,Municipio,5.221176,-73.456917,49.4,24.4,53.7,17.1,80.3,1.2,1.9,49.4,4.0,52.1,3.0,0.2,16.4,14.3,20.1,11.0,1.8,93.4
15861,VENTAQUEMADA,15,BOYACÁ,Municipio,5.368739,-73.522368,25.7,17.1,27.4,12.3,72.8,1.6,5.3,32.1,4.2,12.4,3.8,0.6,4.0,16.6,5.5,10.3,2.5,89.8
15879,VIRACACHÁ,15,BOYACÁ,Municipio,5.436833,-73.296894,45.1,17.9,50.3,15.2,84.1,0.9,1.8,60.8,3.2,17.9,5.1,0.6,15.1,11.2,13.4,7.8,2.4,94.3
15897,ZETAQUIRA,15,BOYACÁ,Municipio,5.283443,-73.17098,50.7,20.1,60.8,22.6,76.0,1.4,1.5,68.0,4.6,21.4,3.3,1.5,19.2,10.3,32.3,8.9,0.8,91.2
17001,MANIZALES,17,CALDAS,Municipio,5.057657,-75.491025,13.9,12.7,31.2,5.8,35.8,1.2,4.0,22.9,4.2,4.2,2.0,3.2,1.6,11.3,3.6,17.4,0.4,70.4
17013,AGUADAS,17,CALDAS,Municipio,5.610244,-75.45487,30.0,18.8,41.2,15.7,74.9,1.7,3.5,26.0,3.6,11.9,5.5,0.9,1.3,13.3,23.2,13.2,2.7,86.0
17042,ANSERMA,17,CALDAS,Municipio,5.236471,-75.784343,32.5,21.2,48.1,13.0,68.2,1.4,5.9,29.5,4.6,15.2,3.6,5.3,2.0,14.6,21.8,14.2,1.7,86.5
17050,ARANZAZU,17,CALDAS,Municipio,5.271195,-75.49129,32.1,21.9,50.4,14.8,74.3,1.9,0.9,32.5,3.9,11.6,3.9,2.2,0.1,15.2,16.1,13.9,2.4,84.9
17088,BELALCÁZAR,17,CALDAS,Municipio,4.993785,-75.811918,41.2,26.2,53.1,20.5,76.9,2.0,5.2,31.0,6.7,12.6,3.9,10.8,6.7,19.5,20.1,16.8,2.1,87.3
17174,CHINCHINÁ,17,CALDAS,Municipio,4.985227,-75.607529,21.8,19.1,44.1,11.3,56.9,1.2,3.0,26.3,5.5,2.3,2.7,3.0,0.5,13.8,3.9,18.7,0.8,77.0
17272,FILADELFIA,17,CALDAS,Municipio,5.297091,-75.562474,36.2,22.2,44.1,16.9,77.5,1.9,2.3,30.2,3.4,14.3,3.7,4.6,2.0,16.7,25.4,13.3,2.1,87.0
17380,LA DORADA,17,CALDAS,Municipio,5.460834,-74.668819,26.8,25.1,41.3,12.7,55.7,1.5,2.5,30.7,10.6,7.8,3.9,4.8,4.2,15.0,4.6,18.4,0.9,83.2
17388,LA MERCED,17,CALDAS,Municipio,5.39647,-75.546486,34.5,18.3,43.2,19.9,73.4,2.4,0.6,26.8,4.0,14.0,4.4,15.7,1.0,12.6,24.5,14.8,1.3,84.2
17433,MANZANARES,17,CALDAS,Municipio,5.255699,-75.152829,37.5,28.8,48.8,15.6,71.8,1.2,5.6,32.0,4.6,20.6,2.8,5.2,1.3,15.7,32.9,12.6,1.5,87.4
17442,MARMATO,17,CALDAS,Municipio,5.47422,-75.600049,37.6,27.0,39.0,13.3,67.9,3.2,4.6,31.2,6.9,37.6,6.7,2.0,4.1,18.9,17.2,18.3,2.6,77.1
17444,MARQUETALIA,17,CALDAS,Municipio,5.297525,-75.053097,40.7,24.8,54.7,17.6,77.6,1.5,7.9,35.5,5.0,12.1,3.4,3.1,0.9,14.5,34.9,12.8,2.3,91.6
17446,MARULANDA,17,CALDAS,Municipio,5.284304,-75.259721,34.6,23.2,40.1,13.3,79.1,1.6,2.0,28.7,2.4,22.4,4.7,9.5,0.3,22.8,30.6,9.5,3.6,80.4
17486,NEIRA,17,CALDAS,Municipio,5.166895,-75.520006,31.3,19.2,46.0,15.9,72.1,2.2,1.5,28.6,5.3,10.5,5.2,5.5,1.8,15.5,11.6,16.7,1.8,83.3
17495,NORCASIA,17,CALDAS,Municipio,5.574796,-74.889543,41.4,31.3,61.5,18.8,66.8,1.3,4.8,45.3,8.4,11.0,2.6,6.7,5.9,21.9,18.9,14.8,1.1,83.5
17513,PÁCORA,17,CALDAS,Municipio,5.527172,-75.459621,33.3,20.7,45.2,18.8,75.8,1.4,1.7,30.0,3.8,13.6,4.3,0.9,1.3,11.1,20.4,11.0,1.8,85.4
17524,PALESTINA,17,CALDAS,Municipio,5.017879,-75.624577,30.1,25.6,32.4,17.4,71.7,2.1,3.4,25.6,5.0,3.0,3.5,7.4,0.8,16.9,11.8,19.5,1.2,76.8
17541,PENSILVANIA,17,CALDAS,Municipio,5.383281,-75.160299,37.3,22.8,46.4,16.1,75.6,1.3,2.8,30.1,3.3,24.9,3.9,11.9,1.3,16.8,33.9,10.5,2.4,88.5
17614,RIOSUCIO,17,CALDAS,Municipio,5.423673,-75.702104,29.3,16.1,36.6,11.0,65.7,1.5,4.6,30.3,6.1,13.0,2.6,5.3,3.1,14.2,10.2,14.6,1.6,86.4
17616,RISARALDA,17,CALDAS,Municipio,5.164509,-75.76722,39.4,21.4,50.7,19.1,78.1,1.4,6.4,27.8,4.5,15.0,4.0,4.7,3.9,17.3,37.8,12.3,2.1,86.4
17653,SALAMINA,17,CALDAS,Municipio,5.403025,-75.487223,28.7,21.6,40.8,15.9,66.8,1.1,3.2,28.8,4.3,18.1,2.5,2.8,1.6,12.0,18.1,13.1,1.1,83.3
17662,SAMANÁ,17,CALDAS,Municipio,5.41308,-74.992263,39.9,22.9,47.1,17.9,76.5,1.8,3.9,32.5,3.6,25.7,4.4,3.5,2.6,13.7,37.1,12.2,2.4,89.9
17665,SAN JOSÉ,17,CALDAS,Municipio,5.08231,-75.792063,39.9,17.0,48.3,20.2,76.2,1.3,6.5,27.4,5.7,16.0,2.6,4.9,1.3,16.7,38.7,15.7,1.8,84.2
17777,SUPÍA,17,CALDAS,Municipio,5.446843,-75.64966,31.3,21.3,40.8,12.2,64.9,1.7,6.0,32.6,6.6,18.9,3.8,1.6,3.4,15.1,15.2,15.2,2.0,82.8
17867,VICTORIA,17,CALDAS,Municipio,5.317437,-74.911239,34.9,25.8,43.6,19.6,68.6,1.7,2.1,30.3,6.7,7.6,4.3,1.5,1.9,18.8,13.3,19.1,1.1,82.6
17873,VILLAMARÍA,17,CALDAS,Municipio,5.038925,-75.502487,17.0,13.1,42.2,7.2,40.3,1.5,5.7,23.1,4.2,8.1,2.2,2.8,1.5,14.7,6.3,17.5,0.7,72.0
17877,VITERBO,17,CALDAS,Municipio,5.062664,-75.87061,26.0,22.2,49.0,14.4,61.7,0.8,3.9,27.9,6.0,4.6,2.6,1.5,1.2,17.3,6.8,17.2,1.4,81.2
18001,FLORENCIA,18,CAQUETÁ,Municipio,1.618196,-75.609831,29.6,27.2,53.3,9.1,47.8,2.3,4.8,35.4,10.7,11.9,4.7,9.5,5.0,18.4,8.6,20.4,1.4,85.0
18029,ALBANIA,18,CAQUETÁ,Municipio,1.328526,-75.878375,38.8,26.6,48.9,12.1,68.7,1.1,4.1,41.6,10.0,17.1,4.7,1.8,11.5,21.4,26.3,12.0,1.9,88.1
18094,BELÉN DE LOS ANDAQUÍES,18,CAQUETÁ,Municipio,1.415812,-75.872405,50.0,41.4,66.1,18.4,67.5,2.7,4.2,55.7,9.1,13.7,7.8,11.0,12.2,18.9,20.8,16.6,1.9,88.6
18150,CARTAGENA DEL CHAIRÁ,18,CAQUETÁ,Municipio,1.332371,-74.847867,63.3,51.3,78.1,16.1,78.8,5.2,7.4,48.5,12.9,26.7,13.3,22.2,16.3,34.0,36.9,22.6,4.4,94.7
18205,CURILLO,18,CAQUETÁ,Municipio,1.033473,-75.919205,55.4,50.2,68.0,18.2,72.3,2.0,10.1,48.1,15.2,26.7,6.1,20.5,4.9,26.7,23.5,15.0,2.9,93.4
18247,EL DONCELLO,18,CAQUETÁ,Municipio,1.679951,-75.283631,44.3,37.6,60.7,14.7,68.2,1.8,11.3,42.8,10.3,8.0,6.0,7.7,10.3,23.8,18.9,14.1,1.9,90.7
18256,EL PAUJÍL,18,CAQUETÁ,Municipio,1.570226,-75.326093,45.5,40.3,53.4,14.7,72.5,1.8,13.7,39.4,8.6,11.5,6.5,7.5,14.8,19.7,31.8,12.7,2.6,90.0
18410,LA MONTAÑITA,18,CAQUETÁ,Municipio,1.479173,-75.436408,56.2,34.9,61.5,16.3,78.3,2.6,8.9,40.1,8.4,15.0,8.7,4.0,17.6,26.9,53.5,17.7,4.0,89.0
18460,MILÁN,18,CAQUETÁ,Municipio,1.29021,-75.506926,64.6,38.1,68.7,18.2,75.8,4.2,5.4,49.0,8.6,41.9,9.0,4.2,23.5,31.4,64.8,18.3,3.4,92.1
18479,MORELIA,18,CAQUETÁ,Municipio,1.486611,-75.724146,42.4,33.6,53.0,13.6,67.8,1.1,7.5,40.2,11.8,12.0,6.2,6.0,11.9,23.0,24.5,13.6,1.5,86.9
18592,PUERTO RICO,18,CAQUETÁ,Municipio,1.909063,-75.157604,54.3,43.8,70.3,17.4,74.9,2.9,12.9,45.5,10.6,16.0,9.3,7.1,17.9,28.8,29.5,17.0,4.0,91.6
18610,SAN JOSÉ DEL FRAGUA,18,CAQUETÁ,Municipio,1.330266,-75.973796,48.7,41.6,57.6,13.4,68.9,2.3,11.6,44.9,12.1,17.3,6.9,10.6,14.5,24.9,23.0,19.3,2.7,89.4
18753,SAN VICENTE DEL CAGUÁN,18,CAQUETÁ,Municipio,2.119413,-74.767894,56.3,42.2,71.7,15.6,74.3,4.8,7.0,39.5,10.4,31.5,10.7,16.9,14.0,33.0,35.6,21.7,4.3,91.2
18756,SOLANO,18,CAQUETÁ,Municipio,0.699077,-75.253702,71.9,47.2,81.7,16.6,72.3,6.0,10.1,56.2,10.6,34.2,14.3,11.0,8.5,37.4,56.5,30.2,3.9,92.0
18785,SOLITA,18,CAQUETÁ,Municipio,0.87654,-75.619902,58.1,50.6,69.6,16.4,76.4,3.2,8.9,40.7,11.5,26.0,7.4,32.1,10.0,29.4,31.2,19.9,4.5,92.6
18860,VALPARAÍSO,18,CAQUETÁ,Municipio,1.194619,-75.70671,50.0,35.6,59.1,15.0,73.6,2.3,4.3,48.3,7.7,26.7,7.8,4.4,13.0,23.8,36.0,15.3,2.3,91.9
19001,POPAYÁN,19,CAUCA,Municipio,2.459641,-76.599377,18.4,16.3,29.4,5.9,37.8,1.4,8.1,31.8,7.4,5.4,2.3,6.1,5.6,11.8,3.1,17.8,0.6,81.4
19022,ALMAGUER,19,CAUCA,Municipio,1.913429,-76.85607,62.9,23.9,66.0,24.2,81.8,1.1,5.3,52.4,7.8,54.2,6.5,0.3,80.4,15.9,56.3,6.9,2.2,94.2
19050,ARGELIA,19,CAUCA,Municipio,2.257427,-77.24905,50.1,30.8,52.7,16.0,82.9,2.9,13.8,35.2,5.5,12.8,9.2,4.3,28.1,19.7,23.9,14.7,4.6,96.3
19075,BALBOA,19,CAUCA,Municipio,2.040998,-77.215773,47.1,38.6,50.3,16.9,80.7,1.8,7.2,35.3,6.5,16.7,7.0,2.2,50.2,16.0,45.4,8.0,3.3,95.1
19100,BOLÍVAR,19,CAUCA,Municipio,1.837538,-76.966215,51.1,21.6,55.4,18.4,78.2,1.4,3.0,42.1,7.3,34.3,5.8,0.5,70.3,14.0,47.7,8.0,2.3,94.7
19110,BUENOS AIRES,19,CAUCA,Municipio,3.015382,-76.642238,42.5,23.1,43.4,15.3,69.1,2.9,5.5,38.7,4.3,17.6,4.9,2.7,35.3,18.5,40.9,15.2,2.8,90.5
19130,CAJIBÍO,19,CAUCA,Municipio,2.623371,-76.570682,56.9,19.8,59.3,20.0,80.3,1.7,7.8,43.1,6.1,30.5,7.7,3.3,43.6,20.2,59.2,9.9,3.6,94.3
19137,CALDONO,19,CAUCA,Municipio,2.798059,-76.484319,56.0,26.4,57.6,21.6,72.8,3.3,11.5,45.9,11.5,30.5,7.2,2.9,49.2,20.0,15.9,13.3,4.9,92.8
19142,CALOTO,19,CAUCA,Municipio,3.034531,-76.408941,37.4,18.0,42.3,13.6,55.7,1.6,5.4,40.2,7.3,18.4,3.0,12.7,36.7,17.1,28.7,12.8,1.9,86.8
19212,CORINTO,19,CAUCA,Municipio,3.173854,-76.261866,33.7,23.1,48.3,15.5,62.7,1.2,5.6,33.6,9.3,11.7,4.6,7.7,26.3,14.6,17.8,14.6,2.3,89.0
19256,EL TAMBO,19,CAUCA,Municipio,2.451409,-76.810911,46.0,30.8,47.1,18.4,80.1,1.8,9.9,40.0,5.5,23.3,5.5,5.9,33.5,15.2,29.0,10.2,2.7,94.3
19290,FLORENCIA,19,CAUCA,Municipio,1.682535,-77.072547,36.3,23.7,40.1,16.0,77.2,0.5,4.7,38.2,7.0,16.3,5.9,0.4,18.3,18.4,9.8,7.5,3.0,95.7
19300,GUACHENÉ,19,CAUCA,Municipio,3.134153,-76.392189,20.2,18.2,21.2,8.5,43.5,1.6,3.3,41.9,4.7,6.8,1.8,1.0,5.8,16.5,7.2,18.1,0.4,79.8
19318,GUAPI,19,CAUCA,Municipio,2.571337,-77.88797,68.9,60.5,79.9,28.8,67.2,10.9,1.4,48.1,9.6,82.2,8.2,32.1,1.8,33.4,78.7,30.8,3.3,93.4
19355,INZÁ,19,CAUCA,Municipio,2.549183,-76.063503,59.0,19.8,60.9,17.5,72.2,2.3,16.1,53.8,5.8,30.3,5.5,1.6,48.7,21.7,24.5,13.9,3.4,92.3
19364,JAMBALÓ,19,CAUCA,Municipio,2.777834,-76.323877,46.5,14.3,49.8,21.7,67.4,1.8,10.8,32.9,6.8,24.4,5.5,1.1,51.9,21.1,23.1,9.7,5.3,93.4
19392,LA SIERRA,19,CAUCA,Municipio,2.179383,-76.763278,53.6,41.5,55.9,16.7,71.7,1.2,5.4,60.3,8.1,31.6,3.1,6.2,60.0,14.6,21.7,11.0,0.9,94.0
19397,LA VEGA,19,CAUCA,Municipio,2.001803,-76.778771,56.7,31.1,58.1,16.9,75.5,1.7,8.4,55.9,6.6,37.7,4.8,0.6,67.3,16.3,31.5,12.2,1.7,91.3
19418,LÓPEZ DE MICAY,19,CAUCA,Municipio,2.846788,-77.247803,81.2,53.1,84.9,27.3,77.4,17.0,6.2,70.0,12.1,58.1,9.8,4.7,1.7,40.1,84.6,34.6,2.2,94.9
19450,MERCADERES,19,CAUCA,Municipio,1.789193,-77.164319,46.6,37.7,52.1,19.1,74.9,0.9,6.1,41.5,7.8,42.0,3.5,1.4,45.9,13.1,29.0,9.3,1.9,94.1
19455,MIRANDA,19,CAUCA,Municipio,3.254651,-76.228722,21.6,17.0,29.0,11.6,52.1,1.8,5.7,31.7,5.8,4.6,3.0,2.9,9.6,14.7,5.8,15.1,1.2,81.6
19473,MORALES,19,CAUCA,Municipio,2.754684,-76.629106,48.7,23.3,50.8,15.9,71.3,2.2,5.8,45.7,5.9,23.4,5.0,9.8,39.0,14.5,37.8,10.2,3.3,93.3
19513,PADILLA,19,CAUCA,Municipio,3.220984,-76.313265,22.0,19.4,24.5,8.4,48.6,1.7,2.0,42.8,5.3,6.2,2.9,1.8,9.7,13.7,6.0,16.1,0.3,81.7
19517,PÁEZ,19,CAUCA,Municipio,2.645724,-75.970685,56.3,23.5,59.0,18.8,72.5,3.4,5.1,48.0,7.9,34.7,7.3,2.9,49.7,22.4,18.4,15.5,4.7,92.6
19532,PATÍA,19,CAUCA,Municipio,2.115875,-76.981075,44.1,25.9,56.8,16.6,67.7,1.5,1.7,49.0,8.2,18.9,3.9,4.1,39.8,16.4,39.4,12.5,1.4,92.8
19533,PIAMONTE,19,CAUCA,Municipio,1.11754,-76.327588,44.0,40.3,45.3,10.1,69.3,2.2,5.3,38.4,7.6,18.2,8.8,17.8,5.9,22.6,25.0,13.6,4.7,90.0
19548,PIENDAMÓ - TUNÍA,19,CAUCA,Municipio,2.64228,-76.528615,30.7,22.9,35.3,13.9,64.8,1.2,4.1,36.5,8.1,15.8,4.0,5.7,16.4,12.1,5.6,10.6,2.2,91.9
19573,PUERTO TEJADA,19,CAUCA,Municipio,3.233254,-76.417673,16.6,16.7,15.8,7.1,39.8,2.1,2.0,30.5,7.5,1.5,3.9,0.3,2.3,11.8,1.9,20.6,0.5,81.7
19585,PURACÉ,19,CAUCA,Municipio,2.341507,-76.496698,39.5,24.6,41.3,12.4,66.3,1.5,8.2,38.3,9.5,34.7,4.0,2.6,20.0,17.4,19.8,11.5,2.4,90.2
19622,ROSAS,19,CAUCA,Municipio,2.260941,-76.740336,43.2,25.3,45.4,17.1,75.1,1.3,3.0,52.1,4.6,9.5,3.7,5.6,37.6,11.0,33.6,11.0,1.1,93.5
19693,SAN SEBASTIÁN,19,CAUCA,Municipio,1.838451,-76.769467,46.4,21.3,48.0,14.1,74.7,1.2,5.6,43.6,6.9,20.1,4.6,0.3,71.7,12.9,19.5,9.0,2.1,91.5
19698,SANTANDER DE QUILICHAO,19,CAUCA,Municipio,3.015008,-76.485141,23.8,15.7,31.7,8.7,49.6,1.6,4.7,30.0,6.5,6.7,3.2,7.4,18.6,13.0,10.1,15.4,1.8,85.8
19701,SANTA ROSA,19,CAUCA,Municipio,1.700916,-76.573252,66.1,37.9,69.8,11.9,72.0,1.6,28.1,60.0,8.9,58.7,5.6,5.0,29.6,24.4,32.4,16.0,3.2,88.2
19743,SILVIA,19,CAUCA,Municipio,2.611927,-76.379753,43.8,13.8,48.2,18.6,67.7,3.0,6.5,35.9,8.9,34.6,4.9,1.0,36.6,17.1,19.7,12.0,4.9,92.2
19760,SOTARÁ PAISPAMBA,19,CAUCA,Municipio,2.253156,-76.613365,32.3,19.7,32.8,9.7,67.2,1.3,3.3,38.2,6.8,28.6,4.4,3.0,37.4,12.6,14.4,11.4,1.7,88.2
19780,SUÁREZ,19,CAUCA,Municipio,2.959785,-76.69357,44.1,28.4,50.6,13.1,69.9,2.6,5.1,37.1,7.5,19.2,8.2,1.9,32.8,14.0,55.1,12.8,3.3,91.8
19785,SUCRE,19,CAUCA,Municipio,2.038237,-76.926279,75.5,52.8,80.4,20.9,75.8,0.8,1.8,89.1,6.4,36.5,4.5,1.3,82.0,16.7,65.2,7.7,0.1,96.6
19807,TIMBÍO,19,CAUCA,Municipio,2.349686,-76.684476,35.7,24.0,44.0,12.6,63.8,1.3,17.8,44.9,8.9,8.4,3.0,8.0,13.9,14.1,4.1,12.4,1.1,91.0
19809,TIMBIQUÍ,19,CAUCA,Municipio,2.777312,-77.667541,72.4,60.3,77.2,28.4,70.1,9.4,5.6,54.9,15.7,76.1,7.9,21.3,2.4,38.1,78.2,26.0,2.9,94.5
19821,TORIBÍO,19,CAUCA,Municipio,2.953017,-76.270284,45.1,16.7,47.0,19.9,68.1,2.8,4.6,36.7,4.7,26.4,6.2,8.6,39.6,16.1,28.6,10.6,5.5,95.5
19824,TOTORÓ,19,CAUCA,Municipio,2.510252,-76.403628,55.1,26.7,57.0,13.2,69.5,2.2,7.2,57.9,14.7,38.7,4.7,2.4,47.4,19.6,24.3,11.7,2.7,92.2
19845,VILLA RICA,19,CAUCA,Municipio,3.17762,-76.458025,22.7,23.7,20.2,6.0,41.9,1.8,4.2,35.4,7.3,6.6,2.5,0.9,5.2,11.7,42.0,18.2,0.4,79.1
20001,VALLEDUPAR,20,CESAR,Municipio,10.460472,-73.259398,30.5,26.2,61.6,10.8,37.8,3.1,9.0,39.8,19.5,13.3,5.8,4.4,8.6,20.5,7.9,20.2,0.9,87.5
20011,AGUACHICA,20,CESAR,Municipio,8.306811,-73.614027,37.0,33.5,62.4,17.1,54.1,1.8,12.2,38.0,21.2,12.6,4.6,5.3,9.6,22.7,7.0,17.5,1.7,87.6
20013,AGUSTÍN CODAZZI,20,CESAR,Municipio,10.040454,-73.238389,44.5,42.3,54.3,22.0,59.2,3.2,8.5,44.9,24.1,19.7,7.7,4.7,15.7,22.1,15.7,17.9,1.5,88.1
20032,ASTREA,20,CESAR,Municipio,9.498062,-73.975842,52.8,44.2,61.6,21.2,62.1,3.2,2.8,54.3,24.3,27.5,5.7,6.2,32.0,29.3,19.2,20.4,1.2,91.1
20045,BECERRIL,20,CESAR,Municipio,9.704404,-73.278707,48.6,39.1,80.1,19.2,55.8,4.2,10.2,53.1,29.2,33.6,7.0,4.3,23.7,25.0,14.9,18.1,1.9,88.3
20060,BOSCONIA,20,CESAR,Municipio,9.975098,-73.888761,43.8,42.6,64.8,19.8,58.3,2.4,4.2,46.3,29.4,18.2,6.6,16.2,18.0,23.3,11.4,15.5,1.9,87.4
20175,CHIMICHAGUA,20,CESAR,Municipio,9.25875,-73.813278,52.5,43.6,59.0,25.8,66.0,2.4,4.8,49.7,19.8,29.5,5.3,3.2,30.1,26.6,10.6,17.3,1.7,92.9
20178,CHIRIGUANÁ,20,CESAR,Municipio,9.361058,-73.599913,41.3,36.9,48.2,20.1,54.6,2.8,5.3,48.7,23.0,16.8,5.0,3.4,19.1,21.1,10.2,15.1,1.3,87.4
20228,CURUMANÍ,20,CESAR,Municipio,9.201716,-73.540843,45.8,42.8,53.2,20.5,61.0,2.5,6.4,47.7,23.1,15.5,8.1,8.0,18.8,20.8,8.0,17.9,1.6,90.0
20238,EL COPEY,20,CESAR,Municipio,10.149883,-73.962703,48.2,44.7,60.4,23.4,62.4,2.5,9.7,49.6,24.9,15.8,5.8,3.9,13.1,23.3,7.5,20.0,1.3,87.5
20250,EL PASO,20,CESAR,Municipio,9.668461,-73.742012,40.7,37.9,41.4,16.2,52.5,3.2,8.0,52.4,22.3,11.8,5.2,2.1,19.9,23.7,8.2,17.7,1.3,82.2
20295,GAMARRA,20,CESAR,Municipio,8.324793,-73.737558,48.6,46.5,52.5,21.4,63.7,1.2,14.5,53.1,18.6,35.5,3.5,8.3,15.3,22.2,4.2,13.4,0.9,85.7
20310,GONZÁLEZ,20,CESAR,Municipio,8.389604,-73.38004,56.6,27.7,69.3,34.8,76.0,1.3,7.6,37.6,17.4,40.3,7.6,0.0,19.1,24.0,45.3,10.0,3.8,93.3
20383,LA GLORIA,20,CESAR,Municipio,8.619298,-73.80321,44.4,32.3,50.8,25.1,65.6,2.4,1.4,46.2,16.5,18.8,5.8,8.9,17.6,20.8,12.2,17.4,1.6,84.5
20400,LA JAGUA DE IBIRICO,20,CESAR,Municipio,9.563752,-73.334143,32.6,27.9,47.9,14.6,48.1,2.5,0.9,43.1,16.3,11.2,6.0,9.3,13.6,19.1,10.0,17.5,1.6,85.5
20443,MANAURE BALCÓN DEL CESAR,20,CESAR,Municipio,10.390776,-73.029472,41.2,38.6,58.6,20.7,55.3,1.9,5.2,43.8,20.6,30.9,4.1,4.5,16.1,18.8,14.2,16.5,1.4,90.8
20517,PAILITAS,20,CESAR,Municipio,8.959399,-73.625825,46.1,41.4,62.1,24.0,67.1,1.5,2.8,50.7,25.6,15.0,5.5,6.0,14.3,19.2,18.1,12.4,1.0,92.3
20550,PELAYA,20,CESAR,Municipio,8.689451,-73.666735,51.0,48.3,57.2,26.8,68.0,2.4,8.6,47.4,21.3,22.0,5.9,5.5,13.9,26.1,9.1,18.9,1.7,87.9
20570,PUEBLO BELLO,20,CESAR,Municipio,10.417321,-73.586211,74.9,43.1,93.2,34.4,74.4,9.8,12.2,68.8,34.2,52.2,22.9,4.6,51.5,41.4,53.4,23.5,1.7,94.9
20614,RÍO DE ORO,20,CESAR,Municipio,8.292292,-73.386393,48.3,29.1,64.6,28.7,68.2,1.8,14.9,39.1,14.5,16.4,4.9,1.2,11.8,18.2,29.1,16.9,2.5,86.5
20621,LA PAZ,20,CESAR,Municipio,10.387552,-73.171365,41.7,35.2,58.5,18.8,55.9,3.2,7.5,40.7,24.0,20.7,5.5,8.7,15.5,21.7,21.5,16.5,2.1,91.6
20710,SAN ALBERTO,20,CESAR,Municipio,7.76111,-73.393889,31.9,28.0,47.8,14.5,58.3,2.6,4.3,31.3,15.8,12.2,5.2,3.3,3.9,23.5,5.3,16.5,1.6,76.2
20750,SAN DIEGO,20,CESAR,Municipio,10.333039,-73.181208,40.7,27.8,57.0,20.3,58.5,2.7,6.6,44.2,20.5,13.6,5.2,2.0,11.3,23.2,9.9,15.4,1.9,91.4
20770,SAN MARTÍN,20,CESAR,Municipio,7.999855,-73.510914,41.7,37.2,47.4,20.6,69.6,3.2,5.9,42.3,15.8,11.0,7.4,9.4,13.2,25.8,4.4,17.8,1.8,74.9
20787,TAMALAMEQUE,20,CESAR,Municipio,8.861725,-73.812172,47.5,42.5,51.2,23.3,62.5,2.3,7.6,47.9,19.9,27.4,4.1,2.8,21.9,19.0,5.0,19.4,1.6,91.2
23001,MONTERÍA,23,CÓRDOBA,Municipio,8.759789,-75.873096,27.1,21.3,53.3,11.8,41.2,1.9,2.8,35.3,14.0,18.0,3.6,4.8,14.3,16.8,9.4,16.4,0.8,86.2
23068,AYAPEL,23,CÓRDOBA,Municipio,8.313838,-75.146048,62.4,55.0,75.1,27.4,68.1,2.7,6.2,51.7,20.3,61.5,5.6,14.2,43.5,25.8,66.1,13.1,1.7,92.7
23079,BUENAVISTA,23,CÓRDOBA,Municipio,8.221187,-75.480897,58.0,41.7,68.9,27.6,69.9,2.4,3.9,56.0,17.5,45.5,7.5,13.4,40.7,25.5,13.8,14.6,1.4,90.6
23090,CANALETE,23,CÓRDOBA,Municipio,8.786939,-76.241476,68.2,50.6,74.3,31.7,77.5,2.6,3.6,46.1,19.8,32.2,4.6,12.7,71.9,31.7,59.3,14.1,1.9,93.6
23162,CERETÉ,23,CÓRDOBA,Municipio,8.888532,-75.796093,34.4,30.2,40.3,16.1,48.7,1.5,5.5,40.1,18.5,36.8,3.4,8.1,24.5,14.8,8.7,13.0,0.6,88.0
23168,CHIMÁ,23,CÓRDOBA,Municipio,9.149698,-75.626886,57.8,40.0,63.2,34.7,64.4,1.4,2.0,59.3,12.1,21.2,3.3,11.4,48.2,14.8,58.8,13.0,0.6,95.1
23182,CHINÚ,23,CÓRDOBA,Municipio,9.105473,-75.399633,45.3,32.7,56.5,27.3,64.3,1.8,0.8,50.6,16.4,15.5,3.8,11.7,27.5,16.2,5.2,14.7,1.0,93.5
23189,CIÉNAGA DE ORO,23,CÓRDOBA,Municipio,8.875794,-75.620807,52.3,36.1,63.1,32.4,64.5,2.2,1.8,46.5,20.1,36.0,6.6,14.7,40.6,17.4,18.0,13.8,1.0,91.8
23300,COTORRA,23,CÓRDOBA,Municipio,9.037163,-75.799216,39.7,42.9,38.0,22.7,59.0,1.4,7.0,44.1,16.8,38.6,3.2,4.0,23.0,16.5,7.2,11.1,1.1,91.5
23350,LA APARTADA,23,CÓRDOBA,Municipio,8.050125,-75.336031,52.6,54.1,46.0,28.8,68.1,2.0,2.4,47.8,21.6,36.2,5.0,11.2,15.8,25.7,31.9,15.2,1.1,86.9
23417,LORICA,23,CÓRDOBA,Municipio,9.240789,-75.816084,41.1,29.7,52.7,20.8,54.5,1.8,3.2,44.1,15.6,30.2,3.4,8.2,38.6,15.7,17.0,16.5,0.8,92.6
23419,LOS CÓRDOBAS,23,CÓRDOBA,Municipio,8.892098,-76.35518,60.5,45.9,64.6,25.5,75.0,2.2,2.8,43.6,14.4,26.7,5.1,13.0,72.9,26.6,70.4,12.3,1.4,93.5
23464,MOMIL,23,CÓRDOBA,Municipio,9.240707,-75.67796,42.1,38.2,49.9,23.5,54.9,1.5,5.1,45.6,17.0,29.9,4.3,3.0,33.4,14.8,20.2,13.0,0.8,93.4
23466,MONTELÍBANO,23,CÓRDOBA,Municipio,7.973777,-75.416818,41.1,33.7,67.0,16.8,54.5,2.9,5.1,43.7,17.9,23.6,4.2,8.1,22.1,24.4,28.3,13.7,1.2,86.7
23500,MOÑITOS,23,CÓRDOBA,Municipio,9.245223,-76.1291,65.4,52.0,69.4,25.5,66.8,2.1,3.8,56.6,18.0,67.0,4.6,18.2,68.9,21.1,60.4,15.7,1.5,95.5
23555,PLANETA RICA,23,CÓRDOBA,Municipio,8.4082,-75.583241,43.0,31.1,67.1,23.2,58.1,1.7,3.0,41.6,17.4,15.4,4.6,9.7,25.2,19.0,26.2,14.7,1.1,90.1
23570,PUEBLO NUEVO,23,CÓRDOBA,Municipio,8.504099,-75.508035,52.9,31.1,63.6,27.4,65.9,1.8,0.5,52.3,17.6,29.8,3.4,11.1,48.0,24.7,9.8,13.4,0.8,90.1
23574,PUERTO ESCONDIDO,23,CÓRDOBA,Municipio,9.005372,-76.260411,67.9,49.1,72.4,26.7,72.9,3.6,5.9,51.2,20.3,51.4,5.1,10.3,71.4,25.3,76.2,14.9,1.3,94.8
23580,PUERTO LIBERTADOR,23,CÓRDOBA,Municipio,7.888859,-75.671761,58.9,41.3,67.5,24.4,70.6,4.0,5.9,51.8,16.6,44.4,6.9,8.9,50.8,23.8,29.0,14.7,2.3,90.4
23586,PURÍSIMA DE LA CONCEPCIÓN,23,CÓRDOBA,Municipio,9.239295,-75.724987,53.1,40.4,65.1,28.9,60.0,2.2,2.0,62.7,21.3,29.8,5.0,10.7,36.5,13.8,34.4,14.3,0.6,94.2
23660,SAHAGÚN,23,CÓRDOBA,Municipio,8.943048,-75.445834,40.4,27.9,55.9,22.9,58.2,1.7,3.6,41.8,16.3,19.4,2.9,8.3,36.1,16.2,17.3,13.6,0.9,90.9
23670,SAN ANDRÉS DE SOTAVENTO,23,CÓRDOBA,Municipio,9.145448,-75.50879,76.3,41.7,86.3,41.0,69.7,2.6,2.4,69.5,24.1,71.7,7.9,52.1,74.6,19.7,63.4,12.5,0.7,95.3
23672,SAN ANTERO,23,CÓRDOBA,Municipio,9.376434,-75.76112,46.0,39.3,53.3,21.5,55.6,2.6,5.2,54.0,18.9,31.9,3.3,8.5,29.7,16.3,29.4,16.3,0.6,91.7
23675,SAN BERNARDO DEL VIENTO,23,CÓRDOBA,Municipio,9.35247,-75.955107,57.0,46.9,61.2,24.8,68.5,1.5,3.5,49.0,14.4,53.7,4.5,12.0,44.7,24.2,34.7,12.2,1.2,94.7
23678,SAN CARLOS,23,CÓRDOBA,Municipio,8.799282,-75.698799,58.0,41.2,61.7,28.0,71.2,1.7,5.1,48.4,16.2,39.1,3.6,9.8,53.3,19.9,38.7,10.6,0.8,92.5
23682,SAN JOSÉ DE URÉ,23,CÓRDOBA,Municipio,7.787303,-75.533476,61.3,54.1,67.5,26.2,70.3,4.7,6.9,46.1,21.4,37.3,6.2,16.1,42.7,31.4,39.4,16.5,2.3,88.1
23686,SAN PELAYO,23,CÓRDOBA,Municipio,8.958436,-75.835615,45.8,28.9,50.3,18.8,57.4,1.2,2.7,49.6,12.7,31.0,3.4,7.8,54.7,13.6,43.4,13.0,0.6,92.7
23807,TIERRALTA,23,CÓRDOBA,Municipio,8.170612,-76.059797,63.8,53.3,73.7,28.0,70.4,3.3,7.0,49.0,24.7,57.4,8.9,14.8,38.4,30.0,40.4,13.6,3.3,94.0
23815,TUCHÍN,23,CÓRDOBA,Municipio,9.186625,-75.553962,78.0,49.2,84.0,45.5,75.4,2.3,3.6,60.2,24.3,70.6,6.8,66.6,82.9,24.9,44.7,11.6,1.9,95.7
23855,VALENCIA,23,CÓRDOBA,Municipio,8.255016,-76.150756,53.1,39.8,65.0,25.3,69.1,1.7,0.7,46.1,16.5,34.9,5.6,11.5,55.6,19.1,32.6,11.7,1.7,93.7
25001,AGUA DE DIOS,25,CUNDINAMARCA,Municipio,4.375309,-74.669221,17.9,14.9,29.7,9.6,55.7,0.9,1.2,33.2,7.8,3.4,1.8,1.2,2.6,9.2,3.9,12.0,0.4,80.2
25019,ALBÁN,25,CUNDINAMARCA,Municipio,4.878022,-74.438261,25.8,18.3,28.8,9.8,65.0,0.9,9.5,29.0,4.6,5.7,2.1,1.9,2.5,16.5,16.8,13.3,0.6,79.5
25035,ANAPOIMA,25,CUNDINAMARCA,Municipio,4.562737,-74.528676,22.6,10.9,31.7,9.2,58.9,1.4,4.2,21.9,7.9,6.6,2.1,5.4,4.5,14.5,23.2,13.6,1.2,77.3
25040,ANOLAIMA,25,CUNDINAMARCA,Municipio,4.7617,-74.46384,22.7,13.6,27.3,14.1,67.9,1.5,3.1,27.3,5.3,8.9,2.0,3.3,5.7,11.9,12.1,12.2,0.9,85.6
25053,ARBELÁEZ,25,CUNDINAMARCA,Municipio,4.272534,-74.414901,20.0,15.0,23.5,8.2,60.1,1.3,1.8,25.7,6.2,4.4,3.6,1.9,5.6,16.0,11.4,12.0,1.5,84.0
25086,BELTRÁN,25,CUNDINAMARCA,Municipio,4.802832,-74.741666,38.3,23.4,42.2,18.9,74.8,0.6,1.5,48.1,6.7,7.9,1.7,0.9,4.4,17.1,20.0,12.5,0.8,78.9
25095,BITUIMA,25,CUNDINAMARCA,Municipio,4.872171,-74.539609,29.3,12.5,32.9,16.9,78.4,0.7,0.2,26.4,3.7,9.5,2.7,1.1,8.1,13.5,27.8,12.6,1.3,86.1
25099,BOJACÁ,25,CUNDINAMARCA,Municipio,4.737205,-74.344594,16.8,14.6,25.4,7.3,52.7,1.8,9.0,20.9,8.8,1.5,2.5,0.9,0.8,18.4,5.4,16.2,1.1,70.0
25120,CABRERA,25,CUNDINAMARCA,Municipio,3.985164,-74.484549,39.5,17.2,47.3,11.7,72.1,1.0,4.5,28.6,7.6,8.9,3.2,1.4,2.8,16.1,61.3,13.0,4.5,93.1
25123,CACHIPAY,25,CUNDINAMARCA,Municipio,4.730957,-74.435711,20.6,16.0,23.5,12.0,63.7,1.1,4.6,24.5,5.0,6.1,2.0,4.6,3.8,12.3,9.3,13.3,1.6,84.6
25126,CAJICÁ,25,CUNDINAMARCA,Municipio,4.920009,-74.02298,6.8,6.2,8.1,2.6,24.7,2.0,3.9,16.9,4.1,0.6,2.5,0.3,0.2,15.6,0.3,14.3,0.8,67.2
25148,CAPARRAPÍ,25,CUNDINAMARCA,Municipio,5.34758,-74.491045,41.2,27.4,46.1,19.4,81.1,1.5,0.8,27.6,3.5,22.1,8.7,2.9,25.6,14.2,44.9,11.5,2.5,93.0
25151,CÁQUEZA,25,CUNDINAMARCA,Municipio,4.404112,-73.946473,21.7,9.4,30.9,6.3,60.0,2.4,1.3,28.8,5.1,5.1,4.1,0.4,3.1,9.3,36.4,10.9,0.9,85.0
25154,CARMEN DE CARUPA,25,CUNDINAMARCA,Municipio,5.349119,-73.901357,31.2,17.9,36.5,9.8,78.8,2.0,1.7,46.8,7.3,9.0,3.5,0.4,8.0,14.1,15.2,9.6,1.8,88.0
25168,CHAGUANÍ,25,CUNDINAMARCA,Municipio,4.948916,-74.593455,58.7,27.3,69.4,20.5,76.4,1.1,40.2,44.3,3.3,16.1,1.5,3.3,27.8,13.6,49.4,10.3,0.6,89.6
25175,CHÍA,25,CUNDINAMARCA,Municipio,4.866508,-74.05,6.7,6.3,8.6,2.6,23.9,1.6,4.0,18.5,4.5,2.8,1.8,0.6,0.2,13.3,0.4,16.2,0.5,69.6
25178,CHIPAQUE,25,CUNDINAMARCA,Municipio,4.442671,-74.044876,31.1,11.3,39.7,8.6,69.5,1.5,0.9,34.5,7.7,5.0,3.1,0.4,5.6,17.1,42.4,11.2,1.6,86.9
25181,CHOACHÍ,25,CUNDINAMARCA,Municipio,4.527048,-73.922894,22.5,9.3,30.6,5.7,61.1,1.4,5.6,36.4,5.1,6.4,1.8,0.6,2.3,10.8,12.2,12.1,1.3,86.2
25183,CHOCONTÁ,25,CUNDINAMARCA,Municipio,5.145224,-73.683533,27.5,16.2,39.9,9.4,65.1,1.9,6.0,30.0,9.3,5.3,3.8,0.3,2.6,22.8,12.3,11.8,2.1,81.8
25200,COGUA,25,CUNDINAMARCA,Municipio,5.061842,-73.978497,12.6,9.3,14.4,6.8,51.5,1.7,5.1,23.2,4.5,0.6,1.9,0.0,0.3,13.3,3.3,13.3,0.7,72.6
25214,COTA,25,CUNDINAMARCA,Municipio,4.812564,-74.102569,9.0,8.8,9.2,3.5,28.2,1.6,6.6,17.1,6.5,3.2,1.6,0.7,0.3,18.4,3.9,15.1,0.8,70.4
25224,CUCUNUBÁ,25,CUNDINAMARCA,Municipio,5.249795,-73.766113,25.0,15.9,26.8,13.3,71.0,1.8,6.5,34.9,6.8,9.4,2.8,0.6,7.9,18.2,11.9,10.3,1.4,63.5
25245,EL COLEGIO,25,CUNDINAMARCA,Municipio,4.577951,-74.442261,18.3,15.2,20.9,11.5,63.7,1.1,3.6,26.9,4.2,1.7,2.3,1.4,2.8,11.4,4.3,13.1,0.7,82.4
25258,EL PEÑÓN,25,CUNDINAMARCA,Municipio,5.248747,-74.290207,49.5,11.3,55.2,21.0,80.8,1.5,0.3,42.8,2.7,9.5,6.1,11.3,30.6,9.6,69.2,8.5,0.7,93.0
25260,EL ROSAL,25,CUNDINAMARCA,Municipio,4.850589,-74.263103,12.8,11.9,18.3,3.4,51.0,2.4,3.1,17.5,13.4,0.3,3.6,0.1,0.1,15.3,2.0,15.4,1.1,64.0
25269,FACATATIVÁ,25,CUNDINAMARCA,Municipio,4.813353,-74.350085,10.5,9.7,19.3,4.4,36.1,2.0,3.9,19.4,6.4,0.6,2.4,0.4,0.4,13.2,1.9,16.4,0.8,68.5
25279,FÓMEQUE,25,CUNDINAMARCA,Municipio,4.485474,-73.892523,27.4,10.7,39.0,8.9,70.2,2.1,16.3,27.8,4.7,4.7,3.8,0.5,4.6,13.3,10.7,11.8,2.4,87.1
25281,FOSCA,25,CUNDINAMARCA,Municipio,4.339093,-73.93902,45.2,16.5,52.9,9.4,78.7,1.4,2.0,40.2,7.4,6.8,5.6,0.1,6.7,18.1,63.9,6.7,3.0,90.6
25286,FUNZA,25,CUNDINAMARCA,Municipio,4.710412,-74.201528,7.8,7.6,17.4,3.0,28.6,1.9,2.3,18.0,6.0,0.4,2.8,0.2,0.1,15.8,0.3,15.4,0.5,66.3
25288,FÚQUENE,25,CUNDINAMARCA,Municipio,5.403997,-73.795855,23.6,18.6,23.8,11.4,67.8,1.6,2.9,27.3,3.8,2.7,3.0,0.4,1.4,19.4,19.9,11.5,1.3,81.4
25290,FUSAGASUGÁ,25,CUNDINAMARCA,Municipio,4.336723,-74.37543,12.2,11.0,18.9,5.3,43.3,1.6,2.4,26.6,4.6,1.3,2.7,0.5,0.5,9.7,2.4,15.7,0.8,80.7
25293,GACHALÁ,25,CUNDINAMARCA,Municipio,4.693579,-73.520161,51.5,13.9,71.4,14.4,70.1,0.6,10.0,57.4,5.9,17.9,1.7,2.1,15.2,14.6,53.3,9.9,0.7,87.8
25295,GACHANCIPÁ,25,CUNDINAMARCA,Municipio,4.990947,-73.873464,11.1,9.3,15.0,4.9,40.3,3.1,1.1,20.0,8.3,0.9,2.7,0.3,0.3,20.1,2.1,14.8,0.9,61.2
25297,GACHETÁ,25,CUNDINAMARCA,Municipio,4.816411,-73.636377,43.2,8.4,65.5,11.5,68.9,1.4,1.6,48.5,5.2,14.6,3.6,0.7,8.9,11.6,43.1,11.6,0.6,85.9
25299,GAMA,25,CUNDINAMARCA,Municipio,4.763325,-73.611037,42.9,6.8,52.7,9.0,74.0,1.1,1.2,45.7,3.7,8.7,5.2,0.2,6.9,10.6,69.0,10.2,1.2,87.4
25307,GIRARDOT,25,CUNDINAMARCA,Municipio,4.313069,-74.798201,13.4,12.4,31.0,6.5,40.1,1.7,3.0,25.7,8.5,1.5,4.0,2.2,1.8,9.0,0.6,15.9,0.7,78.6
25312,GRANADA,25,CUNDINAMARCA,Municipio,4.519763,-74.350766,19.9,18.3,20.5,7.8,60.0,2.0,4.6,20.9,4.7,3.3,2.2,1.0,1.1,16.5,14.4,14.6,1.9,84.6
25317,GUACHETÁ,25,CUNDINAMARCA,Municipio,5.383378,-73.686972,25.7,21.2,29.8,10.8,70.3,1.5,0.5,36.6,10.7,8.4,3.7,0.4,3.0,14.8,9.1,10.5,0.7,68.9
25320,GUADUAS,25,CUNDINAMARCA,Municipio,5.072076,-74.603402,27.2,17.0,37.5,12.1,61.9,2.2,4.4,28.5,5.3,6.6,2.6,2.5,5.3,13.3,28.5,16.7,1.0,80.2
25322,GUASCA,25,CUNDINAMARCA,Municipio,4.866719,-73.877143,15.5,10.6,18.9,7.5,54.3,2.4,3.7,17.1,5.0,2.5,2.4,0.4,0.5,18.4,7.7,17.7,1.7,71.8
25324,GUATAQUÍ,25,CUNDINAMARCA,Municipio,4.517517,-74.790058,32.9,30.7,36.0,16.3,72.9,0.7,4.8,51.9,9.0,9.8,1.7,1.7,5.2,9.4,22.4,9.7,0.4,83.1
25326,GUATAVITA,25,CUNDINAMARCA,Municipio,4.935211,-73.83293,33.1,12.8,44.6,8.0,61.4,1.7,21.7,38.3,4.5,12.3,1.5,0.1,2.3,15.7,18.1,12.8,0.7,80.9
25328,GUAYABAL DE SÍQUIMA,25,CUNDINAMARCA,Municipio,4.877968,-74.467437,29.4,13.0,35.8,12.4,70.8,1.1,2.6,40.9,4.8,5.3,1.7,2.5,4.7,13.1,19.2,11.8,0.8,86.4
25335,GUAYABETAL,25,CUNDINAMARCA,Municipio,4.215306,-73.815107,29.6,17.2,34.8,9.9,64.5,1.9,2.5,31.1,5.5,2.3,2.0,0.8,5.5,17.1,49.1,12.0,1.3,76.5
25339,GUTIÉRREZ,25,CUNDINAMARCA,Municipio,4.254679,-74.003042,37.6,11.2,47.4,9.5,69.0,1.8,13.0,29.5,9.3,3.2,3.6,0.8,4.8,14.3,52.5,9.2,4.4,92.3
25368,JERUSALÉN,25,CUNDINAMARCA,Municipio,4.562273,-74.695474,34.9,27.8,39.5,13.7,75.6,1.4,1.1,34.6,6.6,10.2,1.8,1.7,12.7,11.9,57.5,8.3,0.8,88.1
25372,JUNÍN,25,CUNDINAMARCA,Municipio,4.79057,-73.662961,57.8,13.5,64.4,10.4,76.4,1.7,0.6,75.4,3.6,15.7,6.1,0.5,12.0,10.6,45.3,13.9,0.2,92.7
25377,LA CALERA,25,CUNDINAMARCA,Municipio,4.721104,-73.968161,9.8,6.4,12.8,3.2,32.9,1.9,4.0,18.9,2.8,1.3,1.5,0.3,0.4,13.3,10.7,13.7,0.5,70.4
25386,LA MESA,25,CUNDINAMARCA,Municipio,4.631028,-74.461588,18.3,10.6,28.0,9.7,53.6,1.4,4.3,21.3,5.3,4.6,2.5,4.0,4.8,12.4,10.0,12.7,0.8,80.2
25394,LA PALMA,25,CUNDINAMARCA,Municipio,5.358816,-74.391022,39.4,17.6,58.9,26.8,74.5,1.3,1.8,34.6,3.1,12.6,3.0,8.2,26.8,6.7,42.1,10.3,0.6,89.5
25398,LA PEÑA,25,CUNDINAMARCA,Municipio,5.198945,-74.394105,50.3,20.3,56.2,25.5,84.7,0.9,0.8,27.4,3.3,29.0,2.0,11.0,33.8,11.4,68.5,9.3,1.7,94.2
25402,LA VEGA,25,CUNDINAMARCA,Municipio,4.997768,-74.336885,22.1,12.6,28.9,10.2,57.5,1.6,3.5,22.5,4.5,3.3,2.2,2.1,2.5,15.3,25.3,12.9,1.7,81.9
25407,LENGUAZAQUE,25,CUNDINAMARCA,Municipio,5.306131,-73.711512,29.1,14.2,35.3,9.0,75.3,1.6,2.7,41.3,7.3,12.7,2.8,0.4,2.2,18.2,24.5,10.3,1.0,67.7
25426,MACHETÁ,25,CUNDINAMARCA,Municipio,5.08007,-73.608226,38.2,13.6,46.7,14.3,74.8,1.4,3.2,35.4,6.4,17.7,3.1,0.7,21.4,15.6,34.9,11.4,1.4,89.0
25430,MADRID,25,CUNDINAMARCA,Municipio,4.732791,-74.265854,10.4,9.8,16.7,3.8,33.6,2.2,5.6,17.7,7.4,0.2,2.9,0.2,0.1,17.7,0.7,15.8,0.9,62.2
25436,MANTA,25,CUNDINAMARCA,Municipio,5.009008,-73.540444,35.5,15.7,41.8,15.8,77.1,0.8,2.4,40.5,2.9,9.2,1.4,0.2,14.6,11.8,26.1,10.6,0.5,88.8
25438,MEDINA,25,CUNDINAMARCA,Municipio,4.506298,-73.348449,38.5,25.5,52.9,12.7,72.4,1.4,6.1,34.7,9.6,7.8,4.7,1.8,15.7,18.0,35.8,11.7,2.3,88.2
25473,MOSQUERA,25,CUNDINAMARCA,Municipio,4.70653,-74.221154,9.6,9.4,23.8,2.7,27.4,2.3,7.4,18.9,5.8,0.3,3.2,0.1,0.1,17.4,1.3,16.7,0.6,66.3
25483,NARIÑO,25,CUNDINAMARCA,Municipio,4.399837,-74.824732,27.8,22.2,43.6,19.3,71.2,0.7,0.8,40.1,9.4,5.3,1.2,0.9,2.4,9.3,23.7,10.0,0.5,82.3
25486,NEMOCÓN,25,CUNDINAMARCA,Municipio,5.068705,-73.877888,14.2,10.2,18.4,6.9,55.7,3.2,1.8,21.4,6.5,0.8,2.5,0.2,0.4,18.2,1.0,13.9,1.6,67.4
25488,NILO,25,CUNDINAMARCA,Municipio,4.305838,-74.620009,22.1,15.2,26.5,9.1,47.3,2.0,2.0,32.9,4.6,1.8,2.6,2.5,2.9,12.0,24.6,16.6,0.4,82.6
25489,NIMAIMA,25,CUNDINAMARCA,Municipio,5.125992,-74.38604,30.2,10.9,35.0,19.7,73.0,1.0,0.5,27.6,3.2,6.3,1.5,4.6,11.4,9.8,33.4,10.2,1.1,87.3
25491,NOCAIMA,25,CUNDINAMARCA,Municipio,5.069466,-74.379093,26.2,9.9,34.5,8.7,66.0,1.2,7.0,26.7,4.3,6.9,1.9,4.4,10.9,6.9,38.2,11.9,0.9,85.4
25506,VENECIA,25,CUNDINAMARCA,Municipio,4.089056,-74.478301,38.1,22.2,44.1,14.4,73.8,1.1,13.5,24.4,5.6,8.1,3.4,2.1,3.1,12.0,38.9,14.1,1.6,91.5
25513,PACHO,25,CUNDINAMARCA,Municipio,5.136907,-74.156132,27.7,17.0,39.6,12.9,64.4,1.3,4.7,30.5,4.7,7.3,2.6,2.4,5.0,14.2,29.8,12.4,1.1,84.5
25518,PAIME,25,CUNDINAMARCA,Municipio,5.370487,-74.152213,55.0,21.6,59.8,22.7,79.6,1.0,1.5,43.0,4.6,31.0,3.3,6.6,19.2,16.5,71.3,14.3,1.5,92.0
25524,PANDI,25,CUNDINAMARCA,Municipio,4.190393,-74.486641,36.7,16.4,42.4,12.0,74.4,1.6,5.8,30.4,6.2,8.7,2.7,1.9,5.9,13.8,38.1,12.8,1.6,90.3
25530,PARATEBUENO,25,CUNDINAMARCA,Municipio,4.374832,-73.212825,37.4,30.6,42.4,12.2,69.6,3.1,10.0,30.8,11.6,6.4,5.5,3.8,7.2,21.5,24.4,20.5,2.1,76.1
25535,PASCA,25,CUNDINAMARCA,Municipio,4.308979,-74.302276,30.6,24.6,33.3,12.3,76.8,1.4,2.9,24.8,6.4,9.2,3.9,0.9,1.8,22.4,26.3,12.5,4.0,94.1
25572,PUERTO SALGAR,25,CUNDINAMARCA,Municipio,5.465413,-74.653695,31.0,26.8,43.3,14.5,55.5,2.3,3.3,38.2,10.1,5.4,2.2,1.5,4.2,14.2,7.9,23.4,0.6,83.6
25580,PULÍ,25,CUNDINAMARCA,Municipio,4.682022,-74.71438,46.0,19.9,52.5,19.3,81.0,0.9,1.3,32.6,2.8,12.9,2.4,1.0,12.7,14.7,55.1,14.0,1.0,90.8
25592,QUEBRADANEGRA,25,CUNDINAMARCA,Municipio,5.118076,-74.48014,32.1,24.1,32.9,20.0,73.1,1.0,3.7,27.5,3.0,10.6,1.9,2.7,9.7,14.5,37.9,11.5,1.2,87.5
25594,QUETAME,25,CUNDINAMARCA,Municipio,4.329884,-73.863214,37.7,13.1,45.9,11.2,62.9,3.0,1.7,43.4,6.9,12.4,4.4,0.6,6.1,12.4,43.7,17.0,1.8,87.0
25596,QUIPILE,25,CUNDINAMARCA,Municipio,4.74481,-74.533705,44.1,19.5,47.0,20.9,81.6,1.2,5.6,33.6,4.8,32.6,2.4,4.4,20.0,15.0,25.6,13.4,0.9,92.3
25599,APULO,25,CUNDINAMARCA,Municipio,4.520304,-74.593926,28.4,14.3,40.8,13.5,66.2,1.2,1.0,32.3,10.4,7.3,2.1,10.4,14.3,11.3,28.7,11.9,0.7,82.2
25612,RICAURTE,25,CUNDINAMARCA,Municipio,4.282113,-74.772861,17.5,14.3,21.4,9.6,54.2,1.5,0.5,29.9,7.2,2.3,2.5,5.5,3.2,10.6,2.6,13.2,0.7,73.8
25645,SAN ANTONIO DEL TEQUENDAMA,25,CUNDINAMARCA,Municipio,4.616138,-74.351443,21.8,16.8,22.3,10.9,65.1,1.1,0.3,31.6,3.2,2.3,2.4,1.2,3.3,14.3,23.1,12.8,0.6,83.1
25649,SAN BERNARDO,25,CUNDINAMARCA,Municipio,4.179433,-74.42296,34.8,19.0,46.7,10.5,71.7,1.7,8.6,31.3,5.3,16.8,1.9,2.1,2.2,15.1,35.3,12.2,1.8,91.9
25653,SAN CAYETANO,25,CUNDINAMARCA,Municipio,5.332938,-74.024754,36.9,8.2,41.1,15.0,78.4,1.8,1.0,25.2,3.7,3.9,3.7,0.3,1.8,16.8,71.8,11.9,2.7,92.9
25658,SAN FRANCISCO,25,CUNDINAMARCA,Municipio,4.972917,-74.289672,20.2,13.4,25.2,8.4,56.4,1.6,2.0,28.2,4.7,4.3,2.5,1.1,1.8,8.9,18.8,13.4,0.9,81.3
25662,SAN JUAN DE RIOSECO,25,CUNDINAMARCA,Municipio,4.847575,-74.621919,35.6,14.5,46.8,18.0,73.3,1.5,2.1,33.0,4.1,7.8,3.5,1.6,10.8,12.5,32.9,13.9,0.7,85.7
25718,SASAIMA,25,CUNDINAMARCA,Municipio,4.962167,-74.432628,22.9,18.0,24.6,10.6,63.8,1.5,3.4,24.9,4.6,15.9,2.1,3.4,5.0,12.7,20.9,11.9,0.5,77.6
25736,SESQUILÉ,25,CUNDINAMARCA,Municipio,5.04476,-73.796099,17.7,8.8,21.6,7.0,52.3,2.6,3.4,26.6,4.2,1.5,1.8,0.2,1.0,18.4,12.3,16.6,0.8,73.9
25740,SIBATÉ,25,CUNDINAMARCA,Municipio,4.492625,-74.257874,13.5,10.8,21.3,4.5,41.5,2.2,6.4,23.8,6.4,0.8,5.1,0.3,0.8,16.0,0.5,16.5,1.2,76.6
25743,SILVANIA,25,CUNDINAMARCA,Municipio,4.381981,-74.405534,23.5,14.5,28.0,9.8,62.9,1.6,2.7,28.3,5.7,6.4,2.2,1.5,2.7,9.8,23.8,12.9,1.5,85.7
25745,SIMIJACA,25,CUNDINAMARCA,Municipio,5.505231,-73.850703,22.4,20.2,25.9,9.7,58.5,1.6,6.5,31.3,6.9,2.0,1.9,0.5,2.4,18.3,5.1,14.2,1.1,84.5
25754,SOACHA,25,CUNDINAMARCA,Municipio,4.579268,-74.215463,14.1,13.9,35.0,3.8,35.2,2.9,4.1,22.3,6.4,7.6,3.2,1.1,1.0,14.0,6.5,20.7,0.8,73.8
25758,SOPÓ,25,CUNDINAMARCA,Municipio,4.915395,-73.943328,8.0,7.9,8.1,3.5,30.2,1.5,7.0,15.7,4.6,1.4,1.9,0.2,0.1,15.4,1.7,16.1,0.6,67.9
25769,SUBACHOQUE,25,CUNDINAMARCA,Municipio,4.929118,-74.172773,12.6,7.7,17.1,6.1,55.0,1.3,4.8,18.7,3.3,1.0,2.0,0.5,0.3,11.3,4.6,14.7,1.5,76.7
25772,SUESCA,25,CUNDINAMARCA,Municipio,5.103495,-73.798227,14.0,12.3,15.5,6.2,56.5,2.7,3.8,20.9,6.1,1.6,2.5,0.3,1.2,13.9,1.4,14.7,0.9,66.6
25777,SUPATÁ,25,CUNDINAMARCA,Municipio,5.06162,-74.235403,28.2,19.6,32.8,12.2,71.0,1.3,9.1,25.3,4.3,6.2,2.9,2.7,7.8,14.4,25.4,12.2,2.1,87.9
25779,SUSA,25,CUNDINAMARCA,Municipio,5.455291,-73.813938,27.1,16.1,33.1,7.7,68.9,1.6,1.8,37.9,5.8,5.9,3.6,0.5,7.5,13.1,15.8,13.6,2.1,87.4
25781,SUTATAUSA,25,CUNDINAMARCA,Municipio,5.247482,-73.853159,21.3,16.7,23.8,12.0,67.3,1.4,5.1,30.2,5.5,2.7,2.4,0.5,2.0,18.9,6.0,12.1,1.0,68.3
25785,TABIO,25,CUNDINAMARCA,Municipio,4.916832,-74.096461,9.6,6.5,10.9,4.3,38.4,2.5,3.0,19.1,2.7,0.9,2.7,0.2,0.4,12.6,3.0,16.5,1.1,72.3
25793,TAUSA,25,CUNDINAMARCA,Municipio,5.196333,-73.887813,24.3,15.2,26.4,10.7,76.7,2.0,0.5,37.3,4.8,1.0,4.5,0.2,0.7,15.8,20.0,10.4,1.4,72.8
25797,TENA,25,CUNDINAMARCA,Municipio,4.655286,-74.389193,18.5,15.3,18.7,10.3,66.2,1.6,5.3,23.1,3.2,2.1,1.8,2.5,3.1,10.9,7.2,13.3,0.9,82.5
25799,TENJO,25,CUNDINAMARCA,Municipio,4.872014,-74.143724,10.4,9.0,11.5,4.2,41.8,1.5,6.8,17.8,4.5,1.1,2.7,0.4,0.8,14.4,0.7,14.8,1.2,68.4
25805,TIBACUY,25,CUNDINAMARCA,Municipio,4.348605,-74.452662,27.4,13.8,29.5,14.0,67.7,0.9,5.4,32.0,3.5,5.8,1.5,3.2,10.1,14.2,32.2,11.9,0.9,88.3
25807,TIBIRITA,25,CUNDINAMARCA,Municipio,5.052278,-73.504514,52.3,15.5,61.3,12.8,76.5,0.6,1.0,66.6,3.8,19.7,1.5,0.4,24.3,12.5,46.3,10.5,0.3,90.5
25815,TOCAIMA,25,CUNDINAMARCA,Municipio,4.459279,-74.636296,24.4,19.2,33.4,12.8,63.1,1.2,4.2,34.3,8.8,6.3,2.4,2.7,6.9,9.8,13.4,10.7,0.9,82.1
25817,TOCANCIPÁ,25,CUNDINAMARCA,Municipio,4.964641,-73.91207,10.1,9.9,10.3,3.7,33.6,2.9,4.7,17.6,5.7,0.6,2.3,0.1,0.2,17.1,0.4,14.8,0.7,63.8
25823,TOPAIPÍ,25,CUNDINAMARCA,Municipio,5.336224,-74.300626,47.1,23.4,52.2,23.0,82.1,0.7,5.5,28.1,2.4,22.6,1.4,16.9,26.5,16.0,63.7,11.1,1.2,91.9
25839,UBALÁ,25,CUNDINAMARCA,Municipio,4.74762,-73.531489,47.0,17.7,51.9,16.4,74.8,1.6,3.4,37.8,5.7,28.8,4.6,1.3,13.5,15.3,69.0,11.7,2.0,88.9
25841,UBAQUE,25,CUNDINAMARCA,Municipio,4.483788,-73.933477,34.1,8.6,38.9,12.9,77.2,1.2,2.8,34.1,5.3,8.2,4.4,4.2,13.4,10.2,37.6,10.5,2.4,89.8
25843,VILLA DE SAN DIEGO DE UBATÉ,25,CUNDINAMARCA,Municipio,5.307463,-73.814367,14.2,12.4,19.6,5.9,50.4,1.9,2.2,24.3,6.3,2.1,3.0,0.7,0.8,16.5,2.0,13.8,1.2,75.8
25845,UNE,25,CUNDINAMARCA,Municipio,4.40245,-74.025183,29.6,23.1,36.8,9.4,72.4,1.2,10.4,32.7,12.0,4.1,2.2,0.6,1.7,16.1,18.9,7.8,2.0,92.1
25851,ÚTICA,25,CUNDINAMARCA,Municipio,5.19055,-74.483154,35.5,21.8,54.3,20.6,71.7,1.1,2.2,31.4,6.9,18.4,1.0,7.6,12.1,11.4,34.8,9.6,0.5,88.2
25862,VERGARA,25,CUNDINAMARCA,Municipio,5.117258,-74.346163,50.0,19.3,56.8,21.6,82.4,1.0,0.2,44.4,3.5,17.0,3.1,12.7,32.5,8.8,60.0,9.0,0.7,92.7
25867,VIANÍ,25,CUNDINAMARCA,Municipio,4.875208,-74.56132,31.6,16.0,41.0,13.2,73.5,1.8,3.3,30.3,4.5,8.7,2.0,4.0,7.9,14.6,35.9,12.1,1.5,89.7
25871,VILLAGÓMEZ,25,CUNDINAMARCA,Municipio,5.273024,-74.195145,38.2,19.0,48.3,15.8,70.4,0.6,10.2,28.2,4.3,6.4,1.9,5.1,4.5,18.0,49.4,13.5,1.3,88.2
25873,VILLAPINZÓN,25,CUNDINAMARCA,Municipio,5.216393,-73.595704,31.4,17.2,40.9,7.5,67.6,1.2,6.7,39.0,8.9,13.4,3.0,0.3,1.9,22.9,10.9,11.8,2.6,88.0
25875,VILLETA,25,CUNDINAMARCA,Municipio,5.012754,-74.469686,18.7,13.6,29.8,9.6,54.1,1.4,2.6,24.4,6.9,3.9,2.7,3.4,3.9,13.1,10.9,14.2,0.8,79.9
25878,VIOTÁ,25,CUNDINAMARCA,Municipio,4.43935,-74.523131,36.3,27.1,41.1,16.6,74.3,1.4,11.3,30.4,6.4,10.2,1.8,6.2,8.7,16.1,23.5,13.7,1.7,89.4
25885,YACOPÍ,25,CUNDINAMARCA,Municipio,5.459272,-74.33806,55.5,28.6,63.9,33.2,82.3,1.9,2.2,39.3,3.4,30.0,3.9,5.4,35.6,16.3,52.6,12.9,1.5,93.7
25898,ZIPACÓN,25,CUNDINAMARCA,Municipio,4.759932,-74.379566,20.5,14.7,22.8,10.9,61.0,1.9,0.4,24.1,5.1,2.2,2.2,2.0,2.1,16.9,12.8,12.4,1.0,81.7
25899,ZIPAQUIRÁ,25,CUNDINAMARCA,Municipio,5.025477,-73.994444,10.3,7.9,20.8,4.1,34.0,2.0,6.7,19.8,4.8,0.7,2.2,0.1,0.2,14.3,1.3,15.2,0.8,69.7
27001,QUIBDÓ,27,CHOCÓ,Municipio,5.682166,-76.638144,44.4,40.6,78.2,14.9,39.8,4.0,5.1,45.4,8.5,80.6,5.7,18.6,1.6,18.6,74.7,19.8,1.8,88.6
27006,ACANDÍ,27,CHOCÓ,Municipio,8.512178,-77.279951,51.4,47.6,55.9,15.1,66.1,3.9,3.6,46.1,10.8,37.6,6.8,14.6,19.4,25.3,37.4,14.5,2.1,92.2
27025,ALTO BAUDÓ,27,CHOCÓ,Municipio,5.516221,-76.974373,90.6,77.7,92.4,47.0,84.0,16.1,1.0,83.8,40.2,83.3,14.1,47.2,3.7,48.5,73.3,40.5,1.2,97.9
27050,ATRATO,27,CHOCÓ,Municipio,5.531419,-76.635674,61.5,54.0,68.0,28.2,67.2,2.6,8.5,49.7,5.1,73.5,3.9,7.1,2.9,22.0,55.6,16.4,1.6,92.6
27073,BAGADÓ,27,CHOCÓ,Municipio,5.409681,-76.416063,81.0,49.2,91.1,39.3,77.2,20.3,14.0,69.1,23.6,74.8,9.3,9.8,2.8,36.5,66.3,37.4,1.7,93.0
27075,BAHÍA SOLANO,27,CHOCÓ,Municipio,6.222807,-77.401359,46.6,44.7,49.7,16.8,57.9,5.5,3.7,40.0,13.6,30.5,5.3,32.7,0.5,24.2,11.4,18.4,1.7,90.5
27077,BAJO BAUDÓ,27,CHOCÓ,Municipio,4.954576,-77.365717,80.4,55.1,87.0,43.5,77.6,13.5,5.7,68.0,27.5,81.7,10.9,28.2,2.0,43.1,59.7,28.3,1.6,94.5
27099,BOJAYÁ,27,CHOCÓ,Municipio,6.559708,-76.886773,77.1,48.7,79.9,30.3,75.3,14.4,3.7,68.6,24.9,75.3,8.4,7.0,2.8,42.0,78.3,24.3,2.0,95.9
27135,EL CANTÓN DEL SAN PABLO,27,CHOCÓ,Municipio,5.335321,-76.726844,60.2,53.4,65.9,26.6,68.4,7.3,5.7,54.4,5.6,44.2,6.6,14.9,6.3,23.6,66.0,18.6,1.9,95.8
27150,CARMEN DEL DARIÉN,27,CHOCÓ,Municipio,7.158294,-76.970798,77.8,64.2,79.9,25.9,79.3,11.3,2.8,59.8,16.5,81.9,12.3,16.6,22.5,37.3,80.3,23.1,3.6,95.3
27160,CÉRTEGUI,27,CHOCÓ,Municipio,5.371373,-76.607619,55.9,43.8,76.4,28.3,66.5,4.9,1.0,50.1,3.2,60.3,6.9,8.5,3.3,23.5,59.8,24.8,2.8,94.8
27205,CONDOTO,27,CHOCÓ,Municipio,5.091003,-76.650683,53.2,49.8,65.3,19.3,53.8,3.0,7.0,58.7,6.0,47.1,3.6,8.6,3.2,18.5,67.9,18.7,1.1,92.5
27245,EL CARMEN DE ATRATO,27,CHOCÓ,Municipio,5.899789,-76.142112,54.0,18.5,70.5,23.8,72.5,6.3,2.9,40.9,8.6,49.4,7.6,1.8,2.5,26.0,38.4,21.1,1.8,81.6
27250,EL LITORAL DEL SAN JUAN,27,CHOCÓ,Municipio,4.259564,-77.363702,83.1,65.1,85.6,33.6,76.4,21.8,9.1,71.3,23.8,81.0,9.0,10.9,5.1,42.3,74.3,36.7,1.5,95.4
27361,ISTMINA,27,CHOCÓ,Municipio,5.153946,-76.68518,55.1,47.5,79.1,19.6,53.5,5.4,3.9,45.0,8.3,86.7,4.8,17.3,1.2,23.0,96.3,23.2,1.1,90.5
27372,JURADÓ,27,CHOCÓ,Municipio,7.103619,-77.762751,71.8,56.7,82.0,23.2,68.8,8.3,8.9,72.2,22.7,54.5,9.4,31.4,1.4,36.7,29.5,25.1,1.3,96.3
27413,LLORÓ,27,CHOCÓ,Municipio,5.49789,-76.545147,74.4,59.0,83.4,38.6,76.4,6.9,2.9,62.6,24.1,73.1,9.2,13.6,2.0,25.2,79.5,19.6,4.0,95.7
27425,MEDIO ATRATO,27,CHOCÓ,Municipio,5.994935,-76.783042,76.6,61.7,78.0,35.3,83.2,7.2,2.9,46.4,8.2,57.7,15.5,11.7,3.0,35.5,84.0,23.6,5.5,94.7
27430,MEDIO BAUDÓ,27,CHOCÓ,Municipio,5.192471,-76.950891,80.2,82.1,79.9,42.6,80.6,12.2,2.2,61.6,15.4,80.7,12.0,19.1,2.1,39.0,77.9,25.8,2.1,97.1
27450,MEDIO SAN JUAN,27,CHOCÓ,Municipio,5.098291,-76.694409,69.7,43.6,79.9,32.4,72.7,9.2,6.0,54.0,9.4,68.6,4.6,10.6,2.3,26.3,86.7,21.5,0.7,92.1
27491,NÓVITA,27,CHOCÓ,Municipio,4.956063,-76.609467,60.1,45.6,70.1,29.2,72.6,7.4,6.2,36.1,5.3,64.5,7.5,7.9,2.3,23.5,59.3,18.9,3.2,95.2
27495,NUQUÍ,27,CHOCÓ,Municipio,5.709812,-77.265507,72.9,55.7,80.1,31.0,72.6,10.0,4.2,63.5,26.0,69.2,8.4,21.9,2.1,41.7,37.7,28.5,2.2,94.7
27580,RÍO IRÓ,27,CHOCÓ,Municipio,5.1863,-76.472925,75.1,72.3,76.6,43.0,77.4,7.0,9.0,71.0,11.0,73.0,5.7,13.3,6.4,25.7,20.9,21.6,1.2,95.7
27600,RÍO QUITO,27,CHOCÓ,Municipio,5.483667,-76.740684,66.8,42.6,76.0,36.2,76.0,7.3,5.1,51.9,7.4,56.8,9.6,3.4,3.4,28.6,74.6,17.4,2.3,97.1
27615,RIOSUCIO,27,CHOCÓ,Municipio,7.436704,-77.113156,70.9,63.9,73.4,22.7,77.1,6.6,3.4,50.1,13.3,78.1,10.7,28.0,24.0,25.8,76.4,22.6,3.6,95.0
27660,SAN JOSÉ DEL PALMAR,27,CHOCÓ,Municipio,4.896954,-76.234227,59.1,38.6,67.3,28.0,80.8,3.6,4.4,34.9,9.8,49.9,12.2,11.5,5.5,25.7,41.0,14.7,8.2,93.1
27745,SIPÍ,27,CHOCÓ,Municipio,4.65262,-76.643453,69.7,52.4,74.5,28.9,70.8,6.5,12.5,46.6,6.5,44.8,6.8,16.1,1.7,31.1,86.9,19.7,2.0,91.9
27787,TADÓ,27,CHOCÓ,Municipio,5.264873,-76.558571,59.9,48.5,76.2,24.8,65.1,4.2,5.0,53.7,8.0,63.1,5.5,3.5,3.7,21.3,60.1,20.1,1.4,92.5
27800,UNGUÍA,27,CHOCÓ,Municipio,8.04406,-77.092538,63.4,53.3,68.7,19.3,70.2,6.6,8.2,50.9,14.7,51.3,8.3,13.7,32.2,35.3,40.2,18.7,3.2,94.2
27810,UNIÓN PANAMERICANA,27,CHOCÓ,Municipio,5.281108,-76.630143,57.4,56.7,58.0,19.8,57.6,3.3,18.5,44.2,6.6,58.4,3.6,14.6,3.5,22.6,82.4,17.6,1.4,92.6
41001,NEIVA,41,HUILA,Municipio,2.935432,-75.277327,17.6,16.6,32.5,6.6,37.8,1.9,3.8,29.8,7.3,3.9,2.9,3.5,3.4,14.8,2.7,19.4,0.8,79.4
41006,ACEVEDO,41,HUILA,Municipio,1.805173,-75.888706,51.0,30.6,55.6,11.1,77.2,3.4,4.4,39.8,8.1,33.3,10.8,5.7,19.8,21.1,39.5,14.3,6.9,95.6
41013,AGRADO,41,HUILA,Municipio,2.25987,-75.772022,50.0,41.5,66.0,19.3,72.4,1.7,13.8,47.3,9.3,8.0,6.0,6.7,13.9,23.3,23.6,15.4,3.4,92.0
41016,AIPE,41,HUILA,Municipio,3.223996,-75.239017,35.4,29.5,48.2,16.4,62.0,1.7,8.5,42.7,12.3,7.5,3.5,4.5,10.8,18.2,17.1,14.5,1.2,85.1
41020,ALGECIRAS,41,HUILA,Municipio,2.521674,-75.315389,45.2,35.3,55.1,17.3,74.9,1.6,4.7,36.2,10.5,17.9,7.9,2.1,18.1,23.6,28.6,13.8,4.3,92.8
41026,ALTAMIRA,41,HUILA,Municipio,2.063841,-75.788471,30.4,22.8,43.0,10.8,61.7,1.2,6.5,39.9,9.6,5.2,3.0,1.0,4.3,16.9,9.6,15.1,1.1,87.5
41078,BARAYA,41,HUILA,Municipio,3.152204,-75.054843,49.4,37.2,63.8,20.5,75.8,1.4,0.4,58.9,9.4,17.4,5.4,1.7,18.1,17.9,28.1,12.2,1.3,91.8
41132,CAMPOALEGRE,41,HUILA,Municipio,2.686767,-75.325748,31.1,27.2,44.6,14.7,65.0,1.6,8.3,33.8,13.3,7.8,4.2,1.2,9.5,16.0,12.2,12.0,2.0,87.0
41206,COLOMBIA,41,HUILA,Municipio,3.376745,-74.802815,61.7,34.2,73.5,19.9,80.7,1.9,3.5,62.8,6.9,28.4,9.1,0.9,24.1,21.2,38.6,13.4,2.7,94.9
41244,ELÍAS,41,HUILA,Municipio,2.012854,-75.938301,32.3,21.3,38.5,13.1,74.4,1.6,0.6,41.5,5.6,12.5,6.3,1.1,6.0,15.2,15.8,11.5,3.6,91.2
41298,GARZÓN,41,HUILA,Municipio,2.196493,-75.627057,32.0,22.8,43.4,11.1,62.0,1.8,5.9,34.0,7.0,7.6,5.4,3.1,8.8,18.6,8.9,14.7,2.7,88.4
41306,GIGANTE,41,HUILA,Municipio,2.384031,-75.547681,36.9,25.4,45.0,14.5,68.4,1.5,7.0,36.9,7.6,9.4,4.4,2.1,10.6,19.8,13.6,16.7,2.4,89.5
41319,GUADALUPE,41,HUILA,Municipio,2.02426,-75.757185,43.2,26.4,51.2,15.4,76.6,3.1,3.9,38.7,7.8,13.5,7.1,8.4,17.1,19.2,21.0,12.9,4.5,93.8
41349,HOBO,41,HUILA,Municipio,2.580812,-75.447697,38.8,31.0,67.1,13.8,72.5,2.1,7.2,35.3,15.4,13.1,5.8,8.8,17.0,17.6,22.2,15.2,2.8,86.5
41357,ÍQUIRA,41,HUILA,Municipio,2.649359,-75.634497,49.6,38.2,54.2,15.8,75.6,2.6,2.0,43.1,12.3,26.1,7.7,3.7,27.3,22.9,32.2,13.9,4.3,92.2
41359,ISNOS,41,HUILA,Municipio,1.929467,-76.217637,43.1,27.3,48.3,15.2,76.3,1.1,17.1,35.8,6.9,18.2,7.6,3.4,17.0,20.2,18.0,9.6,6.2,95.2
41378,LA ARGENTINA,41,HUILA,Municipio,2.198496,-75.979763,44.0,30.9,52.1,12.2,73.4,2.0,7.7,41.2,9.4,13.3,6.3,1.8,19.7,22.6,20.3,11.2,4.2,93.2
41396,LA PLATA,41,HUILA,Municipio,2.389263,-75.891254,42.5,24.2,57.2,12.5,65.2,1.9,7.3,39.5,9.6,17.7,5.7,3.9,21.4,20.2,21.2,14.7,3.1,90.8
41483,NÁTAGA,41,HUILA,Municipio,2.5451,-75.808756,46.9,33.8,55.5,15.0,73.5,2.8,19.4,35.9,10.7,22.3,5.1,1.7,19.6,22.4,27.0,13.5,4.9,91.8
41503,OPORAPA,41,HUILA,Municipio,2.025088,-75.995165,58.5,30.1,66.1,15.7,78.7,1.4,15.0,49.4,8.3,53.7,9.0,1.7,12.4,22.4,16.1,11.7,6.2,93.6
41518,PAICOL,41,HUILA,Municipio,2.449651,-75.773158,39.1,19.0,53.2,12.0,68.0,1.8,5.7,44.0,7.1,9.7,4.6,1.3,12.3,20.5,26.2,15.5,3.1,88.3
41524,PALERMO,41,HUILA,Municipio,2.889649,-75.435296,32.6,29.6,35.3,13.2,62.0,2.0,6.4,38.1,8.3,4.6,3.9,2.4,8.9,19.6,18.4,15.8,1.4,84.5
41530,PALESTINA,41,HUILA,Municipio,1.723725,-76.133251,51.0,27.1,55.7,14.5,79.0,1.4,10.5,41.4,8.4,36.0,6.9,1.5,16.9,24.8,30.8,11.0,4.1,94.5
41548,PITAL,41,HUILA,Municipio,2.266618,-75.804544,43.9,24.8,54.1,12.7,74.8,2.4,4.6,36.3,7.4,16.7,7.1,2.2,17.2,19.6,28.7,16.3,4.6,92.5
41551,PITALITO,41,HUILA,Municipio,1.852631,-76.049441,33.7,23.6,48.7,9.3,59.3,2.5,6.8,37.0,7.9,6.5,6.4,2.2,5.3,20.5,12.9,17.6,2.9,88.0
41615,RIVERA,41,HUILA,Municipio,2.777586,-75.258753,27.4,22.4,33.3,11.5,57.6,1.4,4.5,36.9,8.1,3.0,4.3,1.2,8.7,15.4,7.9,15.5,1.3,83.0
41660,SALADOBLANCO,41,HUILA,Municipio,1.9934,-76.044747,57.8,33.2,63.2,16.3,79.7,2.1,11.0,47.6,8.2,31.6,11.3,1.7,11.1,31.0,24.4,13.3,7.4,94.8
41668,SAN AGUSTÍN,41,HUILA,Municipio,1.881081,-76.27036,36.3,23.6,42.7,13.9,70.7,1.7,7.9,34.1,7.6,11.9,6.1,1.0,11.0,19.4,16.7,12.5,3.1,92.6
41676,SANTA MARÍA,41,HUILA,Municipio,2.939603,-75.586223,51.5,27.5,59.3,15.5,75.8,2.9,10.1,34.0,11.2,24.5,7.3,4.5,34.4,21.1,49.9,12.3,4.9,92.6
41770,SUAZA,41,HUILA,Municipio,1.976051,-75.79525,41.6,21.2,47.7,12.4,74.9,2.0,1.8,36.8,5.9,26.7,7.0,2.8,22.1,19.8,33.9,11.2,3.9,94.6
41791,TARQUI,41,HUILA,Municipio,2.111325,-75.823976,47.1,27.1,56.4,12.9,74.8,1.9,8.1,47.8,7.8,24.6,6.6,8.4,13.2,22.4,19.6,12.9,3.1,93.6
41797,TESALIA,41,HUILA,Municipio,2.486364,-75.730271,36.1,25.9,48.0,12.3,64.2,0.9,13.5,43.4,10.7,6.6,3.0,0.7,7.4,17.3,15.6,14.2,2.0,84.9
41799,TELLO,41,HUILA,Municipio,3.067538,-75.138773,44.5,40.8,48.2,19.9,77.8,1.3,0.8,44.2,11.5,13.0,5.8,1.2,16.3,18.5,18.3,14.2,2.8,92.5
41801,TERUEL,41,HUILA,Municipio,2.740968,-75.567034,39.9,22.7,59.7,17.0,74.5,3.7,3.1,34.6,11.2,9.4,5.3,0.6,8.9,21.0,33.0,11.0,3.8,89.7
41807,TIMANÁ,41,HUILA,Municipio,1.974539,-75.932167,40.8,23.2,50.3,13.5,70.2,1.1,7.8,41.1,9.0,32.5,5.0,4.2,6.6,18.6,11.9,12.9,3.2,91.7
41872,VILLAVIEJA,41,HUILA,Municipio,3.218822,-75.217174,37.9,32.9,40.5,18.4,73.7,1.3,6.8,46.5,13.1,13.5,2.7,1.7,12.5,15.3,11.2,11.7,1.3,87.5
41885,YAGUARÁ,41,HUILA,Municipio,2.664694,-75.518023,23.8,21.2,37.6,14.5,60.5,1.6,1.7,43.3,7.0,3.3,2.3,2.5,2.7,9.7,10.0,14.2,0.7,81.4
44001,RIOHACHA,44,LA GUAJIRA,Municipio,11.528588,-72.911795,45.1,31.3,75.0,18.7,48.3,4.9,4.5,45.2,25.1,38.0,7.0,14.1,26.6,23.7,23.8,20.2,2.0,89.3
44035,ALBANIA,44,LA GUAJIRA,Municipio,11.151628,-72.61232,49.8,27.4,79.0,19.5,51.2,5.7,2.3,53.0,28.7,38.5,5.5,7.4,34.1,24.4,21.6,26.7,0.9,83.7
44078,BARRANCAS,44,LA GUAJIRA,Municipio,10.958669,-72.793639,46.7,38.4,56.8,15.0,48.8,3.9,1.9,52.3,25.8,24.4,4.7,15.6,34.8,22.5,31.0,24.0,1.0,89.2
44090,DIBULLA,44,LA GUAJIRA,Municipio,11.27155,-73.307598,65.5,45.9,68.4,35.4,70.4,7.1,4.6,53.5,32.6,40.9,18.1,13.0,41.2,37.8,38.0,16.5,5.1,91.0
44098,DISTRACCIÓN,44,LA GUAJIRA,Municipio,10.898414,-72.887405,40.2,30.8,48.6,16.1,45.3,3.8,3.3,54.6,21.5,20.0,5.2,2.6,26.5,16.5,6.7,21.2,0.8,90.8
44110,EL MOLINO,44,LA GUAJIRA,Municipio,10.653505,-72.92673,37.0,33.3,69.6,17.9,48.6,1.6,0.8,47.9,25.8,19.8,5.3,0.6,13.2,21.6,17.0,20.0,0.5,91.9
44279,FONSECA,44,LA GUAJIRA,Municipio,10.886734,-72.846319,36.0,33.6,50.2,11.4,40.5,4.4,4.9,48.2,20.8,12.4,6.1,4.7,11.4,26.7,15.3,21.6,1.1,89.8
44378,HATONUEVO,44,LA GUAJIRA,Municipio,11.068864,-72.75904,43.3,32.6,61.8,13.6,46.1,5.3,3.5,55.3,27.3,23.0,6.9,4.1,35.2,20.0,18.3,24.1,1.0,88.2
44420,LA JAGUA DEL PILAR,44,LA GUAJIRA,Municipio,10.511862,-73.072638,43.0,32.3,63.6,21.9,55.5,5.0,8.6,47.4,17.3,14.6,4.7,2.7,20.5,26.3,18.6,17.5,1.9,89.2
44430,MAICAO,44,LA GUAJIRA,Municipio,11.378535,-72.242738,60.0,41.4,88.9,21.4,60.2,4.8,2.3,56.3,33.8,53.4,9.1,21.0,38.2,25.3,52.6,21.1,1.5,95.3
44560,MANAURE,44,LA GUAJIRA,Municipio,11.773767,-72.438739,86.7,56.7,90.4,49.2,81.3,10.6,2.7,67.1,41.1,89.6,9.7,44.1,82.6,35.9,65.2,27.5,2.6,95.4
44650,SAN JUAN DEL CESAR,44,LA GUAJIRA,Municipio,10.769546,-73.000629,36.6,28.9,51.0,14.8,46.8,3.9,4.4,44.9,22.7,24.8,5.4,3.8,13.1,19.6,16.1,19.1,1.2,91.1
44847,URIBIA,44,LA GUAJIRA,Municipio,11.711904,-72.265906,92.2,59.7,93.7,49.5,85.6,10.8,2.3,75.6,43.2,95.0,18.5,57.5,86.7,37.2,88.1,26.7,2.0,97.1
44855,URUMITA,44,LA GUAJIRA,Municipio,10.560169,-73.012507,32.0,28.6,66.0,14.2,42.0,3.8,1.9,51.9,21.3,12.9,4.8,2.3,15.0,16.9,12.9,21.5,0.7,90.9
44874,VILLANUEVA,44,LA GUAJIRA,Municipio,10.608774,-72.977583,31.0,29.3,69.4,13.8,44.0,3.0,3.6,48.9,22.1,10.6,4.1,2.4,9.1,19.8,5.4,17.4,0.8,91.6
47001,SANTA MARTA,47,MAGDALENA,Municipio,11.204679,-74.199829,24.4,22.9,41.4,7.1,34.2,2.5,3.7,35.6,19.4,13.9,5.5,2.4,3.1,18.0,18.4,16.5,0.8,87.1
47030,ALGARROBO,47,MAGDALENA,Municipio,10.188059,-74.061132,57.3,58.0,56.0,26.9,67.6,2.7,14.7,49.9,26.7,72.0,5.9,2.4,12.3,23.5,7.4,16.6,1.4,82.5
47053,ARACATACA,47,MAGDALENA,Municipio,10.589791,-74.186702,50.0,40.1,65.0,22.7,60.6,3.1,1.6,49.0,26.1,41.5,8.4,5.8,12.8,26.0,22.8,19.9,1.5,87.3
47058,ARIGUANÍ,47,MAGDALENA,Municipio,9.847047,-74.236515,56.4,54.5,60.2,26.0,65.6,2.9,3.6,38.2,24.9,79.7,6.8,5.7,27.2,26.2,34.2,16.1,2.0,93.2
47161,CERRO DE SAN ANTONIO,47,MAGDALENA,Municipio,10.325531,-74.868474,62.4,60.6,64.6,38.5,73.2,2.4,2.9,44.9,24.7,81.7,5.9,6.5,25.0,18.1,5.4,16.2,3.0,93.0
47170,CHIVOLO,47,MAGDALENA,Municipio,10.026631,-74.622242,53.3,45.3,69.3,25.7,69.2,2.7,0.9,44.6,18.5,40.6,5.6,8.5,38.4,22.7,39.9,15.1,2.2,94.9
47189,CIÉNAGA,47,MAGDALENA,Municipio,11.006654,-74.241286,44.6,41.7,66.7,16.0,51.7,4.1,6.3,44.6,29.1,31.8,7.2,7.3,15.2,23.8,15.7,22.9,1.2,89.9
47205,CONCORDIA,47,MAGDALENA,Municipio,10.257314,-74.83303,67.9,63.6,71.0,38.8,76.9,1.2,2.7,54.4,14.4,54.3,3.8,5.1,23.5,20.5,54.3,11.4,0.3,96.2
47245,EL BANCO,47,MAGDALENA,Municipio,9.008503,-73.97437,54.7,46.3,69.6,22.3,62.9,2.0,11.1,44.4,22.1,53.2,4.5,7.7,32.7,25.4,35.6,15.3,1.8,92.1
47258,EL PIÑÓN,47,MAGDALENA,Municipio,10.402781,-74.823094,50.4,43.6,54.1,31.4,71.9,1.8,5.2,48.0,10.9,19.8,4.5,4.6,30.2,21.1,18.2,12.6,0.9,93.9
47268,EL RETÉN,47,MAGDALENA,Municipio,10.610488,-74.268444,63.6,61.5,71.9,30.1,68.3,2.6,2.9,56.7,30.8,80.6,7.7,7.9,15.8,28.6,7.0,18.8,1.1,89.1
47288,FUNDACIÓN,47,MAGDALENA,Municipio,10.514146,-74.191453,43.9,37.0,84.9,19.7,55.6,3.5,4.4,46.0,24.3,21.2,8.4,2.4,11.0,27.9,13.4,18.8,1.2,91.6
47318,GUAMAL,47,MAGDALENA,Municipio,9.144354,-74.223689,60.3,35.4,72.3,29.0,68.7,2.8,3.8,52.5,17.2,33.9,5.7,6.1,38.3,24.6,16.0,22.6,1.2,93.9
47460,NUEVA GRANADA,47,MAGDALENA,Municipio,9.80186,-74.391841,66.4,68.5,64.7,28.4,76.5,3.3,2.6,44.9,22.1,29.1,7.3,6.8,49.3,34.3,75.2,16.5,2.4,95.7
47541,PEDRAZA,47,MAGDALENA,Municipio,10.18825,-74.9154,56.2,40.1,63.8,28.7,75.1,4.5,0.0,53.1,13.1,28.2,14.6,4.9,35.0,19.5,19.0,16.7,0.9,93.5
47545,PIJIÑO DEL CARMEN,47,MAGDALENA,Municipio,9.331922,-74.459034,60.8,55.7,66.0,23.3,65.7,2.6,6.6,56.6,26.5,37.6,4.4,14.5,50.9,25.4,25.6,16.7,1.5,93.3
47551,PIVIJAY,47,MAGDALENA,Municipio,10.460707,-74.613312,52.4,40.8,69.2,29.0,68.9,2.0,5.1,43.6,21.1,23.7,4.7,1.1,16.0,22.8,37.8,13.4,1.6,93.0
47555,PLATO,47,MAGDALENA,Municipio,9.796713,-74.784549,52.7,45.6,76.3,25.8,61.8,2.2,3.6,38.8,24.4,64.5,4.9,5.8,31.2,27.1,18.4,14.6,1.9,93.6
47570,PUEBLOVIEJO,47,MAGDALENA,Municipio,10.994766,-74.28253,58.0,55.0,59.5,25.4,62.0,2.3,3.4,54.0,20.8,55.2,5.3,5.5,16.3,21.8,70.0,17.6,0.9,94.0
47605,REMOLINO,47,MAGDALENA,Municipio,10.701952,-74.716172,50.6,46.7,57.9,28.7,66.8,1.9,0.1,39.3,21.8,78.8,5.8,3.9,20.6,18.1,4.0,11.5,1.0,92.0
47660,SABANAS DE SAN ÁNGEL,47,MAGDALENA,Municipio,10.032536,-74.213946,69.4,52.3,77.4,38.0,78.8,4.9,0.3,46.9,23.7,52.8,11.3,4.6,55.1,35.6,42.4,21.4,2.4,92.7
47675,SALAMINA,47,MAGDALENA,Municipio,10.491229,-74.794189,44.3,37.6,58.1,25.6,68.3,0.8,6.1,52.0,20.6,19.2,2.8,3.2,17.7,20.7,5.2,9.5,0.5,92.7
47692,SAN SEBASTIÁN DE BUENAVISTA,47,MAGDALENA,Municipio,9.241656,-74.351498,63.8,48.3,70.7,24.8,68.3,3.7,3.8,62.2,20.9,56.0,8.7,5.3,48.0,26.2,25.7,16.7,0.8,94.9
47703,SAN ZENÓN,47,MAGDALENA,Municipio,9.245061,-74.498992,56.4,47.9,57.7,27.1,71.3,3.1,6.6,49.9,22.4,30.1,5.4,0.9,31.5,29.4,14.5,17.8,2.0,93.1
47707,SANTA ANA,47,MAGDALENA,Municipio,9.324294,-74.566845,47.3,36.2,62.2,22.5,64.5,2.0,1.6,44.5,20.9,29.9,5.7,4.4,31.6,21.6,21.1,14.4,1.5,93.4
47720,SANTA BÁRBARA DE PINTO,47,MAGDALENA,Municipio,9.432263,-74.704667,57.8,53.4,65.3,29.6,71.6,1.4,4.2,49.5,18.8,49.4,4.7,3.9,32.7,24.6,21.1,14.6,1.7,93.3
47745,SITIONUEVO,47,MAGDALENA,Municipio,10.775285,-74.720021,70.7,71.0,70.4,33.2,74.6,4.9,1.6,65.0,25.6,75.2,11.1,5.6,28.5,27.1,36.6,19.9,1.1,93.1
47798,TENERIFE,47,MAGDALENA,Municipio,9.898273,-74.859783,56.3,47.1,65.9,28.7,67.4,1.8,3.8,46.7,24.3,41.3,5.3,5.9,38.7,24.5,33.1,16.8,1.2,92.4
47960,ZAPAYÁN,47,MAGDALENA,Municipio,10.168297,-74.716878,70.4,70.2,70.4,34.7,77.9,1.8,2.8,47.9,22.5,70.6,8.0,19.7,41.8,21.5,53.5,15.9,1.8,95.6
47980,ZONA BANANERA,47,MAGDALENA,Municipio,10.763024,-74.140091,48.6,48.3,48.6,22.2,68.5,4.1,3.3,44.2,19.0,18.2,7.0,11.9,19.4,28.5,26.1,19.6,1.5,80.2
50001,VILLAVICENCIO,50,META,Municipio,4.126369,-73.622601,15.9,15.2,26.7,5.2,38.8,2.0,3.7,31.8,6.3,5.2,2.8,1.6,1.3,12.7,6.7,17.5,0.9,82.3
50006,ACACÍAS,50,META,Municipio,3.990413,-73.766034,19.2,16.7,29.8,6.8,45.4,2.0,6.5,32.1,6.7,1.5,2.8,1.0,1.8,15.3,4.4,17.1,0.8,78.8
50110,BARRANCA DE UPÍA,50,META,Municipio,4.566225,-72.961083,36.5,36.3,37.0,10.7,62.1,3.1,14.2,35.2,14.2,4.8,3.3,5.3,8.1,22.3,13.4,22.4,1.6,72.6
50124,CABUYARO,50,META,Municipio,4.286705,-72.791768,32.2,28.8,36.1,12.9,62.8,2.4,12.9,34.1,9.3,5.8,4.9,8.5,10.9,20.3,8.5,17.8,1.5,72.7
50150,CASTILLA LA NUEVA,50,META,Municipio,3.830005,-73.687302,23.1,17.7,27.5,8.1,49.6,2.1,4.1,36.8,7.1,4.5,2.6,5.0,2.6,23.0,6.9,14.4,1.2,71.3
50223,CUBARRAL,50,META,Municipio,3.793653,-73.837999,21.8,19.5,27.7,9.5,55.8,1.4,2.0,32.3,5.6,6.8,3.4,1.2,2.5,16.4,13.8,12.4,1.3,85.3
50226,CUMARAL,50,META,Municipio,4.270042,-73.487052,22.7,19.4,29.6,8.6,52.7,1.6,5.1,31.2,6.9,3.0,3.1,3.0,3.5,17.2,17.6,14.6,0.9,78.0
50245,EL CALVARIO,50,META,Municipio,4.352665,-73.713325,29.7,25.6,31.6,4.8,66.5,1.5,1.5,47.7,3.0,3.4,3.2,0.6,2.4,12.5,27.4,12.8,0.9,88.1
50251,EL CASTILLO,50,META,Municipio,3.563907,-73.794225,42.2,36.8,45.7,16.8,77.0,2.5,2.7,35.3,12.1,9.4,5.6,5.9,15.6,21.5,21.6,13.4,2.7,92.6
50270,EL DORADO,50,META,Municipio,3.739984,-73.835264,28.9,26.6,30.2,13.1,65.6,1.2,3.7,38.3,5.9,4.7,2.4,2.1,10.1,13.9,9.8,11.4,1.7,89.0
50287,FUENTE DE ORO,50,META,Municipio,3.462875,-73.618121,32.0,24.0,43.0,16.7,68.6,1.8,3.5,34.3,9.4,5.8,5.3,4.7,9.2,16.7,13.7,12.7,1.8,88.5
50313,GRANADA,50,META,Municipio,3.547147,-73.705815,29.6,29.1,32.3,9.2,57.3,1.9,3.1,32.5,8.2,8.4,4.3,3.8,4.7,17.6,37.5,16.0,1.5,88.1
50318,GUAMAL,50,META,Municipio,3.879657,-73.768815,22.6,19.3,29.9,8.5,50.4,2.1,9.6,31.0,8.2,4.8,2.4,2.4,2.4,15.9,3.4,16.2,1.3,81.0
50325,MAPIRIPÁN,50,META,Municipio,2.896617,-72.135509,64.2,41.7,79.4,20.9,80.3,8.9,3.4,45.1,17.5,47.0,10.4,26.5,42.8,26.1,43.0,21.8,2.1,85.1
50330,MESETAS,50,META,Municipio,3.382732,-74.044328,45.1,29.5,56.5,16.1,76.5,2.5,14.1,32.4,8.5,11.9,7.2,2.8,20.6,18.4,30.0,12.1,3.5,88.6
50350,LA MACARENA,50,META,Municipio,2.177143,-73.78661,67.9,43.1,73.2,13.9,81.5,5.7,8.3,49.2,7.5,33.8,12.9,11.3,20.6,29.4,68.7,22.7,4.8,94.8
50370,URIBE,50,META,Municipio,3.239634,-74.351508,60.4,38.5,65.9,19.7,85.3,2.1,5.6,36.3,6.6,35.3,10.1,10.9,38.8,23.7,57.1,15.0,5.0,91.9
50400,LEJANÍAS,50,META,Municipio,3.525115,-74.023514,39.9,29.5,47.6,14.5,76.5,2.1,7.1,34.7,6.6,4.7,5.7,4.1,12.4,21.1,25.9,13.2,2.5,92.9
50450,PUERTO CONCORDIA,50,META,Municipio,2.624006,-72.760209,53.0,34.1,66.2,15.6,76.8,3.1,9.0,43.0,10.2,33.5,7.2,14.5,33.0,22.0,42.7,13.6,1.7,89.2
50568,PUERTO GAITÁN,50,META,Municipio,4.314905,-72.087649,51.8,33.0,71.6,13.3,60.5,8.0,4.8,45.4,22.5,34.2,9.7,12.1,27.5,27.8,37.8,21.9,1.5,76.7
50573,PUERTO LÓPEZ,50,META,Municipio,4.09349,-72.957324,32.7,26.8,43.7,12.1,59.7,2.7,7.0,38.2,12.4,6.8,4.5,7.5,12.1,16.8,13.0,16.4,1.2,78.4
50577,PUERTO LLERAS,50,META,Municipio,3.272117,-73.37385,43.5,41.4,45.2,14.2,75.7,2.0,4.8,31.4,9.7,22.8,6.2,8.0,27.5,17.9,39.9,12.9,3.0,87.7
50590,PUERTO RICO,50,META,Municipio,2.939621,-73.206314,47.1,38.6,57.8,15.8,77.3,1.6,9.9,30.1,9.4,20.9,4.6,8.1,29.3,19.3,52.6,15.9,2.3,86.0
50606,RESTREPO,50,META,Municipio,4.259556,-73.565408,15.3,12.5,21.7,5.7,41.7,1.9,3.6,27.3,6.4,2.7,2.3,0.9,1.1,13.8,6.3,16.3,1.0,78.8
50680,SAN CARLOS DE GUAROA,50,META,Municipio,3.71065,-73.242253,31.9,28.6,35.6,10.0,68.0,2.9,11.4,32.5,10.6,3.4,5.9,5.6,6.6,19.7,10.3,16.9,1.7,69.9
50683,SAN JUAN DE ARAMA,50,META,Municipio,3.373728,-73.875832,37.9,28.6,47.2,13.4,70.5,1.4,8.1,35.2,8.8,4.2,4.0,2.8,17.8,20.4,23.3,10.9,1.5,86.2
50686,SAN JUANITO,50,META,Municipio,4.458181,-73.676699,43.2,30.3,60.0,3.6,61.9,1.7,8.6,48.6,13.3,9.9,6.9,0.3,15.5,21.5,28.5,18.8,3.0,89.2
50689,SAN MARTÍN,50,META,Municipio,3.701899,-73.695812,25.5,20.2,43.3,9.2,59.2,1.8,4.2,34.3,7.6,2.7,3.4,6.6,8.6,15.9,6.2,14.5,1.0,79.3
50711,VISTAHERMOSA,50,META,Municipio,3.125579,-73.750966,48.5,41.1,54.3,18.5,79.2,2.5,6.3,32.1,8.1,16.4,6.1,7.1,28.9,22.8,33.0,17.1,3.7,91.6
52001,PASTO,52,NARIÑO,Municipio,1.212352,-77.278795,16.3,12.4,30.1,7.1,41.0,1.1,5.8,26.4,8.8,2.8,2.6,0.5,2.3,13.1,1.5,15.0,0.8,81.8
52019,ALBÁN,52,NARIÑO,Municipio,1.474978,-77.080712,44.2,22.9,52.6,14.6,69.1,0.5,7.1,53.9,7.1,6.6,2.7,0.7,46.9,8.6,23.5,7.6,0.9,92.2
52022,ALDANA,52,NARIÑO,Municipio,0.882381,-77.700564,29.1,18.3,32.2,10.3,70.6,1.0,6.4,36.9,10.9,26.7,3.1,0.3,7.4,15.7,15.6,7.3,1.2,89.9
52036,ANCUYA,52,NARIÑO,Municipio,1.263276,-77.514512,22.2,11.9,26.0,13.0,69.2,0.5,8.6,28.2,7.2,11.5,1.6,0.0,11.8,5.3,1.8,6.6,1.0,89.6
52051,ARBOLEDA,52,NARIÑO,Municipio,1.503418,-77.135467,54.3,32.4,58.2,25.2,75.8,1.5,2.0,58.2,12.3,15.4,4.0,0.6,35.6,13.9,30.3,14.8,0.6,94.1
52079,BARBACOAS,52,NARIÑO,Municipio,1.671733,-78.13765,76.1,61.3,83.3,33.5,78.3,6.2,5.5,53.0,16.2,79.7,12.2,16.9,2.8,38.3,87.7,21.5,4.1,95.4
52083,BELÉN,52,NARIÑO,Municipio,1.595681,-77.015619,34.1,22.6,47.4,13.9,65.9,0.4,10.8,48.5,15.9,7.5,1.9,0.2,13.5,13.6,7.6,8.6,0.3,93.6
52110,BUESACO,52,NARIÑO,Municipio,1.381453,-77.156463,39.2,22.8,46.0,18.3,77.8,1.0,5.2,34.7,9.2,15.5,5.2,0.3,26.9,15.8,26.4,8.6,3.4,91.0
52203,COLÓN,52,NARIÑO,Municipio,1.643878,-77.019777,42.4,14.5,46.3,23.1,78.4,1.1,4.7,37.9,3.3,11.8,5.6,1.1,38.0,13.4,21.4,7.4,2.8,93.4
52207,CONSACÁ,52,NARIÑO,Municipio,1.207854,-77.466136,34.9,22.2,37.9,18.0,73.7,0.8,0.8,40.9,7.2,13.0,2.3,0.4,39.0,14.2,5.5,8.8,0.8,91.1
52210,CONTADERO,52,NARIÑO,Municipio,0.910458,-77.549409,44.0,21.1,49.6,12.1,70.5,1.0,2.2,47.6,14.9,35.3,3.5,0.1,60.4,14.4,10.1,8.3,1.9,92.3
52215,CÓRDOBA,52,NARIÑO,Municipio,0.854564,-77.517897,41.8,21.6,47.0,14.0,70.3,1.4,4.1,40.9,16.9,36.2,3.8,0.4,55.9,16.6,9.1,7.5,2.3,94.1
52224,CUASPUD CARLOSAMA,52,NARIÑO,Municipio,0.862978,-77.728947,51.4,34.7,58.5,12.3,77.4,1.5,0.4,55.8,17.8,58.1,6.4,1.9,43.3,12.6,47.0,8.0,1.0,94.4
52227,CUMBAL,52,NARIÑO,Municipio,0.906367,-77.792505,28.6,15.3,31.9,15.3,68.4,1.5,0.7,45.8,10.3,12.6,3.9,1.7,13.2,11.7,10.0,9.2,1.7,93.7
52233,CUMBITARA,52,NARIÑO,Municipio,1.647163,-77.578616,39.4,32.4,42.2,14.0,76.9,1.2,1.8,46.4,7.8,18.9,10.0,3.5,10.6,15.7,17.2,8.2,2.3,93.5
52240,CHACHAGÜÍ,52,NARIÑO,Municipio,1.360545,-77.281869,32.2,24.2,36.4,18.2,68.8,1.3,4.6,36.8,13.0,4.1,2.6,1.6,9.6,16.7,6.6,12.3,1.2,89.1
52250,EL CHARCO,52,NARIÑO,Municipio,2.479688,-78.110217,75.9,57.0,85.2,31.5,75.6,7.0,6.0,52.9,15.5,89.3,9.2,27.9,4.8,38.4,79.7,26.6,4.7,95.7
52254,EL PEÑOL,52,NARIÑO,Municipio,1.453567,-77.438522,43.0,18.6,48.7,24.6,80.4,0.9,5.4,30.2,6.0,19.7,4.2,1.8,44.7,12.7,36.8,6.8,1.5,92.9
52256,EL ROSARIO,52,NARIÑO,Municipio,1.745309,-77.33417,52.1,42.9,54.9,17.1,80.3,0.8,8.3,53.4,8.2,9.6,3.3,0.4,55.3,14.8,23.3,6.5,1.5,94.6
52258,EL TABLÓN DE GÓMEZ,52,NARIÑO,Municipio,1.427277,-77.097101,50.4,24.6,53.6,15.5,76.0,0.6,8.2,48.8,9.0,34.9,5.5,1.0,52.6,18.3,46.4,7.2,2.1,94.6
52260,EL TAMBO,52,NARIÑO,Municipio,1.407913,-77.390772,31.9,20.8,38.8,15.9,74.0,0.6,1.5,37.9,11.4,8.6,3.0,1.0,28.9,10.9,14.8,6.8,2.3,91.3
52287,FUNES,52,NARIÑO,Municipio,1.001159,-77.448913,41.1,30.8,49.6,18.1,75.3,0.7,12.0,41.1,14.0,18.8,3.1,0.2,51.7,12.2,10.7,6.0,1.0,91.4
52317,GUACHUCAL,52,NARIÑO,Municipio,0.959744,-77.731589,30.4,16.6,33.0,16.7,72.7,1.3,1.3,48.9,9.2,10.3,3.0,0.3,13.1,9.2,7.2,8.7,0.8,93.1
52320,GUAITARILLA,52,NARIÑO,Municipio,1.129574,-77.549824,33.6,22.5,40.3,13.1,78.3,0.6,6.2,32.3,12.0,7.2,3.1,0.1,35.9,15.6,3.3,5.3,1.8,91.8
52323,GUALMATÁN,52,NARIÑO,Municipio,0.919652,-77.568701,30.9,20.5,39.7,9.4,67.4,0.6,3.9,47.4,12.6,10.5,1.8,0.2,29.9,15.6,2.7,5.7,1.1,92.8
52352,ILES,52,NARIÑO,Municipio,0.96952,-77.521227,43.6,31.5,48.3,14.3,75.9,1.1,1.5,47.8,19.3,23.6,4.1,0.9,55.4,12.9,10.5,6.5,1.4,93.6
52354,IMUÉS,52,NARIÑO,Municipio,1.05506,-77.496339,40.2,25.5,42.5,15.3,71.1,1.2,4.8,54.2,8.4,19.4,2.2,0.3,28.1,10.3,23.3,9.6,0.8,91.2
52356,IPIALES,52,NARIÑO,Municipio,0.827732,-77.646367,23.4,14.7,41.0,9.6,57.0,1.4,3.4,28.4,11.7,13.4,3.5,0.4,9.1,15.3,11.7,11.7,1.7,89.8
52378,LA CRUZ,52,NARIÑO,Municipio,1.601318,-76.970504,27.8,18.2,35.7,18.1,70.1,0.5,2.8,39.9,9.2,3.4,3.4,0.0,23.6,9.9,1.5,6.6,0.9,92.4
52381,LA FLORIDA,52,NARIÑO,Municipio,1.29753,-77.402882,59.0,39.5,63.9,21.6,77.0,0.6,4.3,66.7,12.5,60.0,2.4,1.7,59.3,11.6,5.9,7.5,0.5,94.1
52385,LA LLANADA,52,NARIÑO,Municipio,1.472892,-77.58091,33.6,28.5,39.3,10.0,67.1,1.3,1.8,54.7,9.2,9.5,2.6,2.8,19.1,15.1,22.8,7.4,0.6,94.5
52390,LA TOLA,52,NARIÑO,Municipio,2.398999,-78.189725,73.9,67.4,80.2,31.2,70.0,5.5,6.6,54.3,10.8,91.9,7.1,14.8,4.7,35.9,98.4,27.4,3.0,97.0
52399,LA UNIÓN,52,NARIÑO,Municipio,1.600219,-77.131316,48.6,24.8,64.4,17.9,67.5,1.1,3.4,52.6,11.1,49.4,3.9,1.6,36.9,13.0,39.7,9.1,1.1,93.4
52405,LEIVA,52,NARIÑO,Municipio,1.934453,-77.306135,55.3,36.1,64.5,22.0,79.1,1.1,5.5,46.5,10.6,21.3,5.9,2.2,43.1,21.0,38.9,9.5,3.2,95.1
52411,LINARES,52,NARIÑO,Municipio,1.350814,-77.523953,32.9,16.6,37.3,17.9,76.7,0.5,6.0,35.5,8.7,14.1,3.1,0.3,14.6,14.1,9.2,5.5,2.2,91.4
52418,LOS ANDES,52,NARIÑO,Municipio,1.494587,-77.521303,44.9,29.0,58.7,16.0,76.3,0.9,13.4,48.0,10.9,9.0,3.1,2.3,31.8,15.6,14.7,8.1,1.1,93.8
52427,MAGÜÍ,52,NARIÑO,Municipio,1.765633,-78.182924,85.3,74.8,91.2,34.5,82.3,10.0,7.6,69.7,18.4,82.7,19.9,23.7,5.1,53.3,95.9,27.0,4.4,98.6
52435,MALLAMA,52,NARIÑO,Municipio,1.141037,-77.864549,39.0,19.9,42.1,14.8,70.0,1.3,1.7,42.8,7.0,51.4,3.4,1.0,5.6,14.7,21.7,9.0,0.8,90.1
52473,MOSQUERA,52,NARIÑO,Municipio,2.507139,-78.452992,70.2,69.4,71.0,23.5,65.6,7.7,3.8,43.5,4.6,98.0,6.6,42.7,1.1,29.0,96.3,35.6,3.9,95.4
52480,NARIÑO,52,NARIÑO,Municipio,1.288979,-77.357972,40.8,34.0,53.4,11.2,71.2,1.2,1.4,47.9,19.0,36.3,1.7,1.7,16.0,18.2,3.6,9.7,0.6,90.1
52490,OLAYA HERRERA,52,NARIÑO,Municipio,2.347457,-78.325814,75.9,71.0,80.3,27.4,74.1,8.1,5.9,52.2,13.7,95.0,10.5,40.7,3.8,40.0,90.4,25.8,4.2,96.9
52506,OSPINA,52,NARIÑO,Municipio,1.058433,-77.566082,28.9,18.7,33.1,11.8,75.8,0.8,1.5,40.2,12.7,7.9,3.8,0.0,30.3,12.8,3.5,5.8,0.8,92.1
52520,FRANCISCO PIZARRO,52,NARIÑO,Municipio,2.040629,-78.658361,69.5,69.1,70.2,29.8,73.1,3.5,5.3,45.9,8.3,82.9,6.9,53.5,0.9,34.0,65.3,19.8,3.3,94.0
52540,POLICARPA,52,NARIÑO,Municipio,1.627196,-77.458686,38.7,32.0,41.7,15.5,78.2,0.7,3.4,32.9,8.7,18.8,4.8,2.4,16.8,23.3,16.8,8.4,4.3,94.6
52560,POTOSÍ,52,NARIÑO,Municipio,0.806639,-77.573003,27.5,13.8,31.0,11.4,77.3,1.4,1.4,27.8,15.0,5.0,4.1,0.1,18.9,17.6,0.7,7.7,2.8,94.8
52565,PROVIDENCIA,52,NARIÑO,Municipio,1.237814,-77.596794,55.3,28.8,65.3,8.8,68.2,1.4,0.8,74.1,10.0,20.0,3.5,1.3,67.3,10.5,23.7,6.0,0.3,95.2
52573,PUERRES,52,NARIÑO,Municipio,0.885125,-77.504211,32.7,23.5,38.9,10.3,67.4,0.9,3.1,49.3,13.7,17.2,2.3,0.1,28.3,13.9,9.7,7.4,0.9,90.9
52585,PUPIALES,52,NARIÑO,Municipio,0.870442,-77.636042,32.2,19.6,38.6,8.4,73.8,1.3,3.9,38.8,14.0,26.6,3.9,0.3,20.8,14.0,12.4,8.1,1.8,91.8
52612,RICAURTE,52,NARIÑO,Municipio,1.212492,-77.995153,71.9,38.8,76.3,33.1,75.6,5.4,3.3,53.8,17.5,79.8,12.2,24.7,7.2,33.5,67.5,19.1,4.3,94.1
52621,ROBERTO PAYÁN,52,NARIÑO,Municipio,1.697492,-78.245716,81.0,66.9,85.0,34.6,82.6,8.4,6.6,63.8,9.0,56.2,11.9,14.0,6.8,38.8,86.7,30.2,3.6,97.9
52678,SAMANIEGO,52,NARIÑO,Municipio,1.335438,-77.594341,47.7,19.1,61.8,20.0,73.1,0.9,5.5,47.0,9.7,29.4,4.5,7.5,41.4,13.9,25.4,5.9,1.5,93.9
52683,SANDONÁ,52,NARIÑO,Municipio,1.283438,-77.47313,28.9,21.8,35.7,18.8,70.0,1.0,3.3,33.3,10.0,4.8,3.4,0.5,19.3,15.8,1.3,8.9,1.1,91.2
52685,SAN BERNARDO,52,NARIÑO,Municipio,1.513762,-77.0475,59.4,35.0,68.9,17.6,76.7,0.7,7.0,71.3,9.4,18.9,2.9,0.3,37.9,16.2,42.5,8.1,0.7,95.2
52687,SAN LORENZO,52,NARIÑO,Municipio,1.503362,-77.21542,55.3,32.7,58.4,20.7,80.3,1.1,9.8,44.9,9.5,12.7,4.2,0.6,69.4,17.6,36.8,7.0,1.7,93.5
52693,SAN PABLO,52,NARIÑO,Municipio,1.669429,-77.013984,41.1,14.8,51.6,21.3,73.0,0.5,5.9,37.2,6.9,18.6,3.3,0.2,22.6,13.4,41.0,7.0,1.6,91.5
52694,SAN PEDRO DE CARTAGO,52,NARIÑO,Municipio,1.551572,-77.11941,54.6,13.4,60.2,23.3,79.6,0.6,6.7,38.2,9.0,67.6,4.7,0.3,37.4,19.7,69.6,5.5,2.3,90.5
52696,SANTA BÁRBARA,52,NARIÑO,Municipio,2.449653,-77.979916,75.1,73.2,76.2,26.0,76.4,7.6,3.3,54.8,10.0,97.0,7.1,34.5,0.6,32.7,90.9,23.8,2.3,95.9
52699,SANTACRUZ,52,NARIÑO,Municipio,1.222589,-77.677035,65.1,40.5,69.6,18.7,82.2,2.7,6.3,63.4,15.6,40.7,7.6,4.7,37.3,21.4,44.5,10.0,1.6,95.7
52720,SAPUYES,52,NARIÑO,Municipio,1.037536,-77.62028,43.0,40.2,43.7,12.5,80.4,0.7,2.3,54.1,17.8,8.3,2.2,0.2,31.5,17.2,8.7,7.1,0.9,94.1
52786,TAMINANGO,52,NARIÑO,Municipio,1.570358,-77.2808,36.1,22.6,40.3,26.1,74.2,0.9,1.9,33.3,8.6,13.0,2.6,0.8,24.3,14.4,16.0,9.6,1.7,93.9
52788,TANGUA,52,NARIÑO,Municipio,1.09482,-77.393735,46.0,29.5,52.0,16.0,79.2,1.2,1.4,57.1,15.7,14.7,5.4,0.1,31.3,15.3,8.0,8.1,0.7,89.5
52835,SAN ANDRÉS DE TUMACO,52,NARIÑO,Municipio,1.807399,-78.764073,53.7,45.8,63.3,19.5,61.7,3.9,4.1,43.9,8.6,73.1,6.3,25.4,3.0,23.1,58.3,19.5,2.5,91.6
52838,TÚQUERRES,52,NARIÑO,Municipio,1.085044,-77.61672,32.5,18.1,42.3,11.7,71.5,1.0,4.2,35.1,13.9,18.8,3.7,0.6,19.2,17.7,9.8,9.1,1.5,93.4
52885,YACUANQUER,52,NARIÑO,Municipio,1.115937,-77.400169,44.2,28.7,51.3,18.1,73.9,1.0,13.4,45.7,12.4,10.9,2.6,0.2,40.6,18.4,6.7,9.0,1.3,88.3
54001,SAN JOSÉ DE CÚCUTA,54,NORTE DE SANTANDER,Municipio,7.905725,-72.508178,25.7,25.0,44.1,8.4,46.7,2.2,5.2,34.3,16.4,5.8,4.6,6.1,3.6,17.0,3.9,17.5,1.1,87.0
54003,ÁBREGO,54,NORTE DE SANTANDER,Municipio,8.081616,-73.221722,55.8,39.4,72.9,31.6,79.9,3.5,8.4,40.0,15.4,16.7,8.7,0.5,18.8,30.5,29.5,14.5,5.2,95.8
54051,ARBOLEDAS,54,NORTE DE SANTANDER,Municipio,7.642985,-72.798952,53.5,23.9,63.6,21.5,78.6,2.6,4.4,37.4,12.4,35.0,7.1,1.0,23.6,19.4,49.0,13.4,4.8,91.6
54099,BOCHALEMA,54,NORTE DE SANTANDER,Municipio,7.612192,-72.64701,36.3,22.0,44.9,15.2,64.2,1.9,5.4,37.9,9.1,3.6,3.4,0.7,7.7,21.1,23.8,15.0,1.7,84.4
54109,BUCARASICA,54,NORTE DE SANTANDER,Municipio,8.041299,-72.868231,67.9,38.7,70.7,27.7,84.2,3.2,9.7,41.8,15.7,61.6,9.7,0.7,28.6,24.6,56.5,13.8,6.7,91.6
54125,CÁCOTA,54,NORTE DE SANTANDER,Municipio,7.268705,-72.642059,48.9,27.2,59.1,12.6,76.3,1.6,5.3,34.4,17.9,17.0,3.6,0.0,27.6,17.6,59.0,14.1,3.8,90.1
54128,CÁCHIRA,54,NORTE DE SANTANDER,Municipio,7.741248,-73.048983,56.4,17.1,64.9,20.3,78.2,2.6,1.3,38.7,10.2,45.5,7.9,1.5,15.9,24.2,60.9,16.0,3.9,92.6
54172,CHINÁCOTA,54,NORTE DE SANTANDER,Municipio,7.603112,-72.601162,30.3,21.2,49.2,9.0,51.9,1.9,10.0,37.4,13.5,7.7,2.6,1.2,3.8,16.7,18.4,16.1,1.0,86.4
54174,CHITAGÁ,54,NORTE DE SANTANDER,Municipio,7.138187,-72.665468,54.8,34.8,68.5,16.1,78.0,2.4,13.1,44.2,20.8,20.8,6.5,1.2,20.6,23.6,38.9,13.8,4.8,94.3
54206,CONVENCIÓN,54,NORTE DE SANTANDER,Municipio,8.470374,-73.3372,64.0,41.8,79.3,30.3,78.0,5.2,16.1,42.1,17.4,38.1,10.6,2.8,20.9,31.6,49.1,18.4,5.7,94.3
54223,CUCUTILLA,54,NORTE DE SANTANDER,Municipio,7.539633,-72.772816,71.1,29.8,81.0,25.2,78.1,2.2,1.9,58.6,12.1,32.6,9.7,0.5,55.5,20.3,72.9,16.3,1.8,93.1
54239,DURANIA,54,NORTE DE SANTANDER,Municipio,7.714804,-72.658491,44.5,31.2,57.6,21.0,68.5,1.3,0.8,39.2,15.6,16.5,4.7,1.9,16.4,15.1,33.7,15.8,1.7,87.1
54245,EL CARMEN,54,NORTE DE SANTANDER,Municipio,8.510579,-73.446687,68.9,35.7,75.9,36.9,83.1,5.2,6.9,42.1,21.4,39.6,12.0,2.6,37.9,30.3,55.3,16.1,6.3,93.3
54250,EL TARRA,54,NORTE DE SANTANDER,Municipio,8.574281,-73.09614,71.2,62.8,77.6,27.4,83.3,5.6,15.1,45.1,22.8,53.2,13.9,9.9,30.3,30.4,42.5,19.5,6.5,96.2
54261,EL ZULIA,54,NORTE DE SANTANDER,Municipio,7.938572,-72.604717,41.9,32.3,57.6,16.8,69.7,1.8,4.2,44.9,18.7,15.2,5.6,3.7,8.2,18.1,14.7,15.7,2.0,89.1
54313,GRAMALOTE,54,NORTE DE SANTANDER,Municipio,7.916946,-72.787233,42.3,13.6,54.3,12.6,68.7,1.7,5.2,35.7,7.8,14.3,4.7,1.1,10.0,11.7,42.1,17.0,2.7,83.3
54344,HACARÍ,54,NORTE DE SANTANDER,Municipio,8.321506,-73.145997,73.4,40.7,78.0,34.8,88.5,4.2,9.9,36.5,16.7,46.0,15.6,0.4,36.2,39.1,72.9,12.8,11.3,95.5
54347,HERRÁN,54,NORTE DE SANTANDER,Municipio,7.506541,-72.483519,52.4,26.8,60.3,8.9,74.8,2.9,6.4,37.9,21.6,14.0,3.8,2.1,3.4,15.7,67.9,26.2,2.1,90.7
54377,LABATECA,54,NORTE DE SANTANDER,Municipio,7.298414,-72.495983,41.3,27.4,46.9,16.8,74.4,1.5,2.9,39.8,10.9,10.5,3.5,0.6,14.2,16.9,28.6,16.4,3.0,88.0
54385,LA ESPERANZA,54,NORTE DE SANTANDER,Municipio,7.639839,-73.328126,57.1,37.1,60.3,25.6,77.9,3.0,10.0,39.0,13.4,31.8,8.4,2.3,14.7,30.4,34.7,16.1,3.3,85.0
54398,LA PLAYA,54,NORTE DE SANTANDER,Municipio,8.21124,-73.239986,67.9,13.1,74.0,41.9,85.8,2.2,1.8,35.2,15.5,9.5,13.0,0.2,17.4,29.1,67.9,9.2,7.7,95.7
54405,LOS PATIOS,54,NORTE DE SANTANDER,Municipio,7.833186,-72.505612,21.4,21.1,31.7,6.2,39.6,2.2,7.5,31.4,13.5,4.6,3.2,2.2,1.7,14.3,3.6,20.3,0.9,83.4
54418,LOURDES,54,NORTE DE SANTANDER,Municipio,7.945631,-72.832376,45.3,28.2,62.0,17.4,77.7,1.9,2.7,34.7,16.0,14.5,10.0,0.9,9.6,21.4,30.7,18.2,5.1,86.3
54480,MUTISCUA,54,NORTE DE SANTANDER,Municipio,7.300469,-72.747169,42.2,12.3,49.1,13.6,75.0,1.9,6.1,34.4,10.6,15.9,3.8,0.1,9.4,16.2,50.7,13.0,3.0,93.2
54498,OCAÑA,54,NORTE DE SANTANDER,Municipio,8.248574,-73.35607,31.4,28.4,57.4,18.4,54.1,2.3,8.5,33.9,10.9,7.2,4.7,1.9,4.0,17.3,7.0,16.0,2.2,89.3
54518,PAMPLONA,54,NORTE DE SANTANDER,Municipio,7.372802,-72.647714,20.5,16.6,62.4,7.9,39.6,1.5,4.9,37.7,7.8,2.9,2.2,0.3,3.4,12.3,7.0,19.0,0.9,85.3
54520,PAMPLONITA,54,NORTE DE SANTANDER,Municipio,7.436745,-72.639111,41.7,16.9,47.8,14.4,72.0,2.2,9.4,35.9,9.8,13.4,3.4,0.2,11.0,16.2,50.9,12.0,2.5,86.1
54553,PUERTO SANTANDER,54,NORTE DE SANTANDER,Municipio,8.359993,-72.411363,42.9,42.3,53.2,20.2,74.7,3.8,7.0,29.8,25.4,6.8,7.5,4.7,3.2,23.6,4.6,18.1,3.2,95.5
54599,RAGONVALIA,54,NORTE DE SANTANDER,Municipio,7.577861,-72.476708,41.4,30.7,53.3,14.1,69.9,1.3,3.0,38.5,15.5,12.1,4.9,1.4,5.2,19.2,36.3,16.2,2.7,93.1
54660,SALAZAR,54,NORTE DE SANTANDER,Municipio,7.773683,-72.813064,48.8,35.4,58.8,23.6,73.3,2.9,8.4,39.3,14.1,19.1,5.2,0.9,12.2,21.6,27.4,13.7,4.1,88.0
54670,SAN CALIXTO,54,NORTE DE SANTANDER,Municipio,8.40214,-73.208622,73.5,40.0,80.7,35.8,86.1,5.1,29.4,39.5,16.8,45.2,13.1,1.3,30.3,37.8,53.9,13.2,8.5,95.4
54673,SAN CAYETANO,54,NORTE DE SANTANDER,Municipio,7.875695,-72.625459,37.6,33.9,39.4,17.7,62.3,1.5,3.8,47.6,13.7,6.2,5.0,3.2,7.5,18.7,11.6,16.3,0.7,82.5
54680,SANTIAGO,54,NORTE DE SANTANDER,Municipio,7.865856,-72.716203,48.1,33.6,66.6,15.0,69.3,2.3,6.3,48.2,18.1,12.3,4.3,0.6,6.9,24.1,31.9,16.9,1.5,85.5
54720,SARDINATA,54,NORTE DE SANTANDER,Municipio,8.082105,-72.800577,53.8,35.8,67.6,21.0,76.3,3.1,2.1,42.9,16.6,27.2,9.0,1.1,30.6,23.9,39.4,17.9,3.8,91.1
54743,SILOS,54,NORTE DE SANTANDER,Municipio,7.204736,-72.757128,46.6,25.8,50.2,14.0,81.3,2.9,1.7,33.6,12.7,16.4,8.4,0.1,10.2,21.1,41.5,13.5,4.3,95.0
54800,TEORAMA,54,NORTE DE SANTANDER,Municipio,8.438134,-73.28707,67.1,39.1,73.6,29.8,83.5,5.1,9.8,42.1,14.9,55.1,13.8,1.4,45.6,30.2,54.7,15.6,5.5,94.1
54810,TIBÚ,54,NORTE DE SANTANDER,Municipio,8.639891,-72.734496,57.6,44.8,65.2,21.2,73.9,5.2,3.7,38.9,18.8,35.0,11.7,13.2,32.3,25.6,29.5,24.0,4.5,89.7
54820,TOLEDO,54,NORTE DE SANTANDER,Municipio,7.307692,-72.481915,50.1,23.1,63.0,16.3,72.4,2.1,1.6,50.1,13.5,26.4,4.9,1.5,23.0,20.3,38.8,18.4,2.6,87.0
54871,VILLA CARO,54,NORTE DE SANTANDER,Municipio,7.914244,-72.973601,64.8,42.9,79.9,27.7,83.5,4.0,5.3,52.4,11.4,11.8,12.8,0.2,15.8,28.4,43.0,14.3,4.6,92.0
54874,VILLA DEL ROSARIO,54,NORTE DE SANTANDER,Municipio,7.847672,-72.469758,24.6,24.1,41.9,7.4,46.3,2.4,2.7,34.0,18.9,4.2,4.6,3.3,2.4,15.3,14.5,17.8,1.0,88.3
63001,ARMENIA,63,QUINDÍO,Municipio,4.53598,-75.680786,14.4,14.5,12.1,5.9,38.0,1.7,3.4,26.5,4.3,1.4,2.8,3.4,0.7,8.8,1.0,21.2,0.5,77.2
63111,BUENAVISTA,63,QUINDÍO,Municipio,4.360029,-75.739572,29.0,15.0,39.9,13.4,67.5,2.8,3.3,33.0,5.7,3.1,3.1,4.3,2.0,12.7,18.9,11.9,1.4,84.6
63130,CALARCÁ,63,QUINDÍO,Municipio,4.520982,-75.646085,19.9,17.5,28.4,9.5,50.5,1.5,5.8,29.4,5.1,3.7,3.1,5.2,0.8,11.7,3.9,19.2,0.8,80.2
63190,CIRCASIA,63,QUINDÍO,Municipio,4.617759,-75.636533,17.3,16.8,19.1,10.0,50.8,1.5,2.7,25.9,4.6,1.1,2.6,4.1,1.1,12.2,0.9,16.5,0.9,79.4
63212,CÓRDOBA,63,QUINDÍO,Municipio,4.392485,-75.687866,30.7,27.2,36.0,15.1,72.1,1.8,8.4,25.2,6.9,3.0,3.6,4.6,3.4,17.5,13.0,15.1,2.3,88.7
63272,FILANDIA,63,QUINDÍO,Municipio,4.674338,-75.658387,18.1,12.3,25.6,12.7,59.6,1.0,1.0,27.1,3.9,1.2,2.0,5.3,0.6,8.7,2.4,13.8,0.9,83.6
63302,GÉNOVA,63,QUINDÍO,Municipio,4.206641,-75.790402,33.1,18.8,51.4,16.0,72.7,1.7,1.6,26.1,6.8,13.1,4.2,2.6,2.0,12.5,33.0,13.4,2.2,90.0
63401,LA TEBAIDA,63,QUINDÍO,Municipio,4.453755,-75.786887,27.4,27.9,22.3,15.9,60.2,2.1,5.6,37.3,7.1,2.3,3.3,5.3,1.9,12.7,2.1,17.5,0.9,83.2
63470,MONTENEGRO,63,QUINDÍO,Municipio,4.565057,-75.749827,25.8,26.4,23.0,15.2,64.4,1.6,2.7,32.9,7.1,2.1,4.7,7.4,1.2,11.8,1.5,16.7,0.7,83.4
63548,PIJAO,63,QUINDÍO,Municipio,4.335036,-75.703329,28.8,15.6,47.9,15.6,69.0,1.6,1.0,23.6,5.1,4.5,3.6,2.2,1.4,12.2,28.3,14.1,1.7,85.4
63594,QUIMBAYA,63,QUINDÍO,Municipio,4.624387,-75.765074,22.0,20.3,29.9,14.5,61.9,1.4,4.4,28.3,6.4,2.3,3.4,3.2,0.6,11.9,0.6,15.6,0.8,82.3
63690,SALENTO,63,QUINDÍO,Municipio,4.637157,-75.570844,19.7,14.5,24.9,9.9,51.9,1.4,5.9,20.2,5.1,2.3,2.1,8.3,0.7,10.5,14.5,16.7,1.5,81.7
66001,PEREIRA,66,RISARALDA,Municipio,4.804985,-75.719711,15.1,13.1,24.6,6.6,41.5,1.7,3.2,24.7,3.9,2.2,2.7,3.1,0.7,10.7,1.4,18.3,0.6,75.4
66045,APÍA,66,RISARALDA,Municipio,5.106526,-75.942356,33.6,16.6,47.7,15.1,71.9,1.3,5.5,28.3,3.5,14.2,3.8,1.4,0.5,12.3,21.4,12.4,2.5,89.1
66075,BALBOA,66,RISARALDA,Municipio,4.949096,-75.958663,31.6,17.5,37.4,19.0,73.4,1.8,2.5,26.2,3.1,3.2,2.8,7.0,2.1,15.1,26.0,10.9,1.7,88.7
66088,BELÉN DE UMBRÍA,66,RISARALDA,Municipio,5.200793,-75.868334,35.6,19.0,53.0,15.0,73.7,1.7,5.8,32.7,5.2,17.3,4.2,2.3,0.7,15.1,14.9,13.9,2.6,90.4
66170,DOSQUEBRADAS,66,RISARALDA,Municipio,4.833131,-75.675371,13.7,12.8,28.1,5.6,41.4,1.5,3.6,23.4,3.7,1.5,2.3,1.2,0.3,12.3,2.5,18.0,0.6,75.2
66318,GUÁTICA,66,RISARALDA,Municipio,5.315367,-75.799005,36.5,22.7,42.4,14.8,74.5,0.8,14.1,32.8,4.9,24.8,2.8,1.6,1.8,14.6,17.2,9.3,2.6,89.5
66383,LA CELIA,66,RISARALDA,Municipio,5.002787,-76.0032,37.5,17.3,51.2,18.3,76.5,1.2,1.8,26.2,4.1,17.8,3.0,8.3,2.0,15.8,33.8,14.0,3.2,90.0
66400,LA VIRGINIA,66,RISARALDA,Municipio,4.896624,-75.880394,19.0,18.7,36.2,12.5,58.6,1.8,0.5,28.4,6.4,0.3,3.9,1.0,0.1,13.1,0.8,17.7,0.8,80.4
66440,MARSELLA,66,RISARALDA,Municipio,4.935771,-75.73879,33.3,17.3,50.5,15.6,71.3,1.6,0.7,30.8,4.3,11.0,4.8,9.4,6.8,16.2,20.6,13.1,1.6,85.4
66456,MISTRATÓ,66,RISARALDA,Municipio,5.297039,-75.882886,65.3,18.0,79.2,35.2,81.2,7.0,1.6,45.0,16.4,46.1,16.6,21.3,2.0,28.9,41.5,17.1,5.5,93.3
66572,PUEBLO RICO,66,RISARALDA,Municipio,5.222043,-76.030801,70.5,27.4,80.1,34.8,77.2,10.2,4.4,54.2,22.3,54.2,17.3,12.3,2.7,34.2,44.4,18.8,4.2,92.4
66594,QUINCHÍA,66,RISARALDA,Municipio,5.340456,-75.730431,41.4,20.2,49.2,18.2,75.6,1.6,3.0,36.0,6.8,26.8,4.4,11.2,3.8,15.1,17.5,12.1,3.1,91.7
66682,SANTA ROSA DE CABAL,66,RISARALDA,Municipio,4.876271,-75.623268,21.2,17.3,44.5,9.5,53.6,1.5,4.3,27.9,5.4,3.8,2.6,2.7,0.4,12.6,7.3,17.6,1.0,80.9
66687,SANTUARIO,66,RISARALDA,Municipio,5.074911,-75.964628,39.9,22.2,56.1,18.0,77.1,1.4,8.0,26.5,3.7,17.8,4.0,1.4,0.4,20.3,25.9,13.9,2.6,88.7
68001,BUCARAMANGA,68,SANTANDER,Municipio,7.11647,-73.132562,14.2,13.8,35.7,4.8,32.7,1.9,4.1,25.4,7.4,4.2,2.8,1.5,0.7,10.8,5.1,19.7,0.6,77.5
68013,AGUADA,68,SANTANDER,Municipio,6.162355,-73.523132,41.8,23.0,45.8,26.7,81.2,2.4,2.2,57.7,4.5,14.8,3.3,0.2,13.9,11.9,6.7,13.8,1.0,91.9
68020,ALBANIA,68,SANTANDER,Municipio,5.759166,-73.91336,48.1,26.5,51.9,20.6,78.6,1.2,5.4,54.7,4.5,17.2,2.2,2.0,6.4,14.0,30.3,8.9,1.3,92.4
68051,ARATOCA,68,SANTANDER,Municipio,6.694418,-73.01786,40.6,23.3,47.6,21.4,72.8,1.3,1.8,37.7,9.9,13.1,2.3,1.8,28.2,10.7,39.7,11.0,1.3,86.6
68077,BARBOSA,68,SANTANDER,Municipio,5.932531,-73.615965,21.6,18.0,34.6,10.6,52.7,1.9,4.7,27.0,6.3,4.6,3.7,0.9,1.6,14.8,4.4,17.1,1.1,85.9
68079,BARICHARA,68,SANTANDER,Municipio,6.634111,-73.223047,28.5,8.9,40.1,11.8,61.1,1.6,12.8,27.2,8.4,4.0,2.5,0.2,8.4,11.6,20.3,11.2,1.8,87.0
68081,BARRANCABERMEJA,68,SANTANDER,Municipio,7.064857,-73.849243,26.4,26.1,28.8,8.0,41.7,2.3,4.3,39.6,13.7,13.7,3.5,6.9,5.3,16.5,3.7,23.6,0.6,80.5
68092,BETULIA,68,SANTANDER,Municipio,6.899525,-73.283669,43.9,26.7,49.3,15.5,72.4,2.6,15.5,32.7,7.3,18.1,8.4,1.3,15.8,21.2,29.0,16.1,2.8,82.8
68101,BOLÍVAR,68,SANTANDER,Municipio,5.988953,-73.771346,45.5,19.0,50.3,25.7,82.7,1.6,1.2,39.1,5.7,22.2,5.7,0.7,18.2,16.0,27.5,10.5,2.0,91.8
68121,CABRERA,68,SANTANDER,Municipio,6.592118,-73.246475,34.0,30.5,34.9,13.0,78.8,1.6,12.5,40.3,7.8,12.5,3.1,0.4,9.9,14.4,13.6,6.8,2.1,90.1
68132,CALIFORNIA,68,SANTANDER,Municipio,7.347989,-72.946491,21.2,10.4,31.2,3.7,46.3,0.9,2.7,30.7,7.3,32.0,1.4,0.2,4.8,13.5,41.9,16.2,1.0,79.0
68147,CAPITANEJO,68,SANTANDER,Municipio,6.527394,-72.695427,35.7,24.8,54.0,17.5,65.5,1.0,5.8,42.6,10.9,14.0,1.4,0.1,15.8,13.1,23.4,8.7,1.0,89.5
68152,CARCASÍ,68,SANTANDER,Municipio,6.629016,-72.627099,60.8,20.6,67.8,19.0,77.3,1.0,16.1,56.9,17.7,11.0,2.1,0.5,45.2,23.1,53.8,6.7,0.8,95.1
68160,CEPITÁ,68,SANTANDER,Municipio,6.753518,-72.973536,32.0,10.6,38.3,16.3,77.1,1.0,3.4,28.5,8.3,3.1,5.1,0.5,4.2,14.1,16.3,12.5,5.1,90.8
68162,CERRITO,68,SANTANDER,Municipio,6.840405,-72.694851,41.9,30.4,53.8,13.6,73.2,2.5,3.8,46.0,13.7,7.2,4.8,1.2,14.4,14.7,37.4,10.4,2.2,96.1
68167,CHARALÁ,68,SANTANDER,Municipio,6.284339,-73.146873,26.9,17.6,42.5,13.7,64.4,1.2,3.9,34.8,4.9,7.1,2.8,0.6,7.4,12.9,10.8,13.3,1.1,87.8
68169,CHARTA,68,SANTANDER,Municipio,7.28082,-72.968798,35.1,19.3,40.2,10.2,75.9,1.4,4.3,29.1,6.1,10.2,4.1,0.5,9.1,16.2,42.6,13.1,2.1,87.5
68176,CHIMA,68,SANTANDER,Municipio,6.344348,-73.373656,45.2,21.4,55.8,20.6,78.5,1.1,3.2,51.3,9.3,23.0,3.0,0.4,16.8,17.0,22.7,8.6,1.3,89.9
68179,CHIPATÁ,68,SANTANDER,Municipio,6.062521,-73.637111,42.8,18.5,46.5,27.5,83.7,0.4,6.8,48.5,4.4,13.4,3.2,2.0,8.5,7.4,27.5,7.2,1.3,93.6
68190,CIMITARRA,68,SANTANDER,Municipio,6.320886,-73.953011,36.0,23.3,47.4,18.4,66.1,2.5,5.8,34.1,9.7,11.4,4.7,2.6,6.1,19.6,12.7,17.0,2.1,83.8
68207,CONCEPCIÓN,68,SANTANDER,Municipio,6.768908,-72.694567,36.2,27.1,46.0,14.7,69.0,1.1,5.6,45.1,15.7,7.8,2.5,0.7,16.8,15.6,29.3,7.9,0.8,93.2
68209,CONFINES,68,SANTANDER,Municipio,6.357327,-73.240554,32.6,19.5,36.4,14.3,78.8,7.6,1.0,29.0,5.9,3.7,5.0,1.3,5.5,11.3,38.7,11.9,2.2,93.9
68211,CONTRATACIÓN,68,SANTANDER,Municipio,6.290561,-73.474426,29.2,19.2,59.7,14.6,69.1,0.8,5.8,34.9,5.2,11.1,2.6,0.0,5.7,12.7,14.6,7.4,1.4,82.8
68217,COROMORO,68,SANTANDER,Municipio,6.294999,-73.040816,53.6,16.8,59.6,19.3,84.0,2.5,2.1,48.9,6.9,27.2,7.3,0.4,15.5,16.0,37.5,9.6,3.9,94.8
68229,CURITÍ,68,SANTANDER,Municipio,6.605099,-73.069383,35.7,21.3,44.9,16.7,66.9,1.1,10.4,32.1,10.8,8.9,4.3,0.7,11.4,16.4,12.7,12.5,1.8,86.9
68235,EL CARMEN DE CHUCURI,68,SANTANDER,Municipio,6.700038,-73.51066,58.9,19.1,65.2,13.7,75.3,2.3,6.0,55.3,6.2,51.0,10.9,3.0,41.2,19.0,38.4,14.4,2.5,92.7
68245,EL GUACAMAYO,68,SANTANDER,Municipio,6.245111,-73.496908,33.0,19.4,39.5,16.5,75.8,1.0,1.9,27.1,4.3,37.6,2.4,0.3,6.0,15.5,32.0,7.2,1.2,87.0
68250,EL PEÑÓN,68,SANTANDER,Municipio,6.05537,-73.815532,57.8,24.3,64.3,28.2,82.5,2.3,1.2,33.2,10.6,39.4,11.6,0.7,18.0,22.8,48.0,15.8,7.7,95.4
68255,EL PLAYÓN,68,SANTANDER,Municipio,7.470715,-73.20287,45.7,31.7,61.5,17.2,71.8,2.1,5.9,35.5,13.7,27.3,7.7,10.8,18.1,18.4,44.1,13.7,1.8,88.4
68264,ENCINO,68,SANTANDER,Municipio,6.137429,-73.098749,32.0,12.1,37.7,13.9,81.1,1.7,0.4,22.5,6.5,19.7,6.6,0.1,10.8,14.5,19.3,11.2,8.6,93.4
68266,ENCISO,68,SANTANDER,Municipio,6.668034,-72.699647,35.3,13.6,42.4,17.9,69.7,0.4,2.6,38.7,15.3,6.5,1.8,0.3,23.3,15.2,34.5,7.8,0.9,90.5
68271,FLORIÁN,68,SANTANDER,Municipio,5.804659,-73.97143,56.0,22.5,67.0,25.4,78.6,1.6,7.1,57.0,7.8,18.4,3.6,1.6,13.6,21.0,35.7,9.8,1.0,91.3
68276,FLORIDABLANCA,68,SANTANDER,Municipio,7.072329,-73.099104,11.0,10.6,22.1,4.2,30.7,1.9,3.2,22.9,5.1,2.4,2.3,1.1,0.6,12.4,3.3,19.8,0.6,76.3
68296,GALÁN,68,SANTANDER,Municipio,6.638423,-73.287769,41.9,17.2,51.6,18.0,78.3,0.7,2.4,43.6,10.6,19.0,3.2,1.2,25.3,12.0,24.8,8.1,2.1,92.0
68298,GÁMBITA,68,SANTANDER,Municipio,5.945998,-73.344185,51.1,18.2,57.9,16.8,76.8,1.4,11.0,37.9,6.5,36.1,5.0,1.8,27.0,20.6,55.1,8.0,3.1,92.8
68307,GIRÓN,68,SANTANDER,Municipio,7.070432,-73.166832,16.5,14.4,33.2,6.3,41.9,2.1,3.0,26.5,8.5,6.0,3.9,1.1,1.3,14.9,12.5,15.5,0.8,79.2
68318,GUACA,68,SANTANDER,Municipio,6.876563,-72.856322,60.3,20.8,74.3,12.2,78.9,1.8,6.5,71.5,11.8,5.3,6.6,0.0,15.4,22.9,42.5,10.1,0.6,93.9
68320,GUADALUPE,68,SANTANDER,Municipio,6.245847,-73.419292,39.1,15.4,54.2,17.5,71.2,1.0,4.2,32.3,4.6,29.6,2.3,1.6,7.0,12.0,36.4,13.2,1.7,90.1
68322,GUAPOTÁ,68,SANTANDER,Municipio,6.308635,-73.320732,31.4,21.1,35.3,15.0,77.9,1.1,1.7,42.0,5.9,5.6,3.5,0.7,5.8,15.0,16.1,12.4,2.0,85.3
68324,GUAVATÁ,68,SANTANDER,Municipio,5.954348,-73.700906,40.4,23.3,46.8,24.6,76.0,1.6,1.5,33.5,3.4,13.3,3.2,1.2,27.1,8.5,44.6,12.4,1.3,93.9
68327,GÜEPSA,68,SANTANDER,Municipio,6.025013,-73.575146,29.6,22.1,41.9,20.5,68.1,0.9,6.0,35.9,6.9,9.1,2.8,2.7,5.4,11.1,15.5,12.0,1.5,90.0
68344,HATO,68,SANTANDER,Municipio,6.543957,-73.308399,46.9,31.3,53.2,20.0,77.7,1.0,4.2,52.1,6.4,8.9,4.0,0.1,19.2,17.6,23.0,9.2,1.0,88.8
68368,JESÚS MARÍA,68,SANTANDER,Municipio,5.876497,-73.783396,40.8,17.2,47.4,20.5,75.9,1.4,2.1,42.3,5.8,9.2,1.5,0.7,28.0,12.5,20.9,9.6,0.9,88.6
68370,JORDÁN,68,SANTANDER,Municipio,6.732727,-73.096053,53.7,44.8,54.5,28.8,86.1,3.6,0.3,29.7,17.9,20.3,10.3,0.3,30.9,26.7,43.0,11.8,6.4,91.8
68377,LA BELLEZA,68,SANTANDER,Municipio,5.85925,-73.965494,36.1,19.6,42.7,12.6,73.4,1.3,0.6,34.5,5.5,27.6,4.7,0.8,2.0,20.0,32.0,12.9,2.0,90.7
68385,LANDÁZURI,68,SANTANDER,Municipio,6.218812,-73.811359,49.1,34.9,56.1,22.5,73.6,1.6,11.3,36.6,6.1,28.6,5.1,2.3,5.2,16.9,50.1,14.5,2.5,89.3
68397,LA PAZ,68,SANTANDER,Municipio,6.178509,-73.58959,36.1,17.4,40.1,26.5,85.9,1.7,0.9,25.5,1.7,16.9,4.6,0.6,7.4,18.4,28.5,7.8,2.3,92.7
68406,LEBRIJA,68,SANTANDER,Municipio,7.113351,-73.219524,27.0,18.6,36.3,10.4,58.6,2.1,6.8,28.9,9.3,8.1,3.6,1.3,3.3,16.6,17.3,14.0,1.8,80.3
68418,LOS SANTOS,68,SANTANDER,Municipio,6.755203,-73.102739,44.6,22.3,48.0,17.3,73.2,2.0,4.8,44.6,9.0,13.5,4.6,0.7,6.6,14.6,53.6,11.5,1.2,81.1
68425,MACARAVITA,68,SANTANDER,Municipio,6.50658,-72.593105,50.3,19.8,54.7,20.0,72.6,0.8,1.7,49.7,13.6,14.8,2.0,0.5,35.3,17.1,60.6,11.4,2.5,88.9
68432,MÁLAGA,68,SANTANDER,Municipio,6.703081,-72.732089,19.3,15.5,43.1,7.3,44.0,1.3,5.4,36.1,8.6,1.6,1.7,0.1,2.8,17.2,11.2,11.9,0.7,84.8
68444,MATANZA,68,SANTANDER,Municipio,7.323175,-73.015566,38.2,15.3,46.8,14.8,74.2,1.9,0.3,33.8,6.2,22.7,5.3,0.6,12.0,11.3,39.3,13.1,1.3,90.6
68464,MOGOTES,68,SANTANDER,Municipio,6.475246,-72.969807,49.4,24.8,64.9,19.0,76.1,1.2,11.4,42.3,11.3,15.4,4.9,0.9,22.3,20.9,30.3,12.3,2.9,91.8
68468,MOLAGAVITA,68,SANTANDER,Municipio,6.67432,-72.809175,51.9,17.4,58.4,18.2,80.6,1.0,0.8,44.5,15.4,13.5,3.4,0.4,58.0,18.2,77.0,9.0,2.4,92.0
68498,OCAMONTE,68,SANTANDER,Municipio,6.339988,-73.122563,38.6,14.7,43.5,19.0,82.7,0.9,2.2,45.9,5.0,9.4,4.0,1.1,8.4,13.9,18.8,8.7,2.4,94.2
68500,OIBA,68,SANTANDER,Municipio,6.26521,-73.299791,31.8,14.4,45.7,15.2,68.2,1.4,6.0,35.7,5.6,11.8,2.2,1.4,6.7,9.6,25.6,13.6,1.8,88.1
68502,ONZAGA,68,SANTANDER,Municipio,6.344104,-72.816766,55.1,16.6,70.2,16.8,79.1,0.7,4.4,52.7,12.1,19.8,4.6,0.3,40.0,15.8,61.7,8.5,1.7,91.0
68522,PALMAR,68,SANTANDER,Municipio,6.537789,-73.29109,32.5,11.1,43.4,19.5,70.1,1.0,0.5,39.3,8.9,6.5,1.4,0.2,7.2,15.4,0.2,10.6,1.7,84.6
68524,PALMAS DEL SOCORRO,68,SANTANDER,Municipio,6.406139,-73.287764,27.3,19.3,30.8,16.1,70.7,1.4,0.6,36.2,6.7,3.2,2.1,0.5,2.5,13.5,21.6,10.0,1.0,90.1
68533,PÁRAMO,68,SANTANDER,Municipio,6.416811,-73.17022,31.5,25.1,34.2,10.3,73.2,1.2,5.3,31.5,7.7,2.4,5.1,0.9,4.5,20.3,26.2,8.2,3.3,88.4
68547,PIEDECUESTA,68,SANTANDER,Municipio,6.997245,-73.054795,16.2,12.3,32.9,6.1,40.3,2.2,5.6,25.8,7.0,2.7,3.1,0.3,1.2,14.3,8.9,18.3,1.0,79.7
68549,PINCHOTE,68,SANTANDER,Municipio,6.531552,-73.174209,23.8,15.9,26.1,9.8,55.9,1.2,7.0,38.6,4.9,3.8,1.6,0.7,6.3,13.9,19.9,9.2,0.6,83.9
68572,PUENTE NACIONAL,68,SANTANDER,Municipio,5.878381,-73.677567,26.4,12.8,35.5,13.3,64.8,1.2,1.2,32.5,3.6,7.1,2.1,0.4,8.2,10.4,22.2,11.4,1.3,85.2
68573,PUERTO PARRA,68,SANTANDER,Municipio,6.650785,-74.056129,36.1,35.5,36.5,16.6,69.6,2.4,6.5,33.4,9.7,13.5,5.4,4.5,8.9,24.2,10.9,15.5,1.1,74.7
68575,PUERTO WILCHES,68,SANTANDER,Municipio,7.344057,-73.899909,40.3,35.4,45.4,18.1,65.9,2.5,7.3,40.7,13.6,18.4,6.1,9.0,26.3,18.5,8.8,16.0,1.3,78.6
68615,RIONEGRO,68,SANTANDER,Municipio,7.265014,-73.150177,37.8,15.7,44.8,17.5,71.6,2.5,0.7,30.9,7.4,18.0,6.1,1.6,10.3,17.6,31.0,17.7,1.8,84.1
68655,SABANA DE TORRES,68,SANTANDER,Municipio,7.391919,-73.49906,36.6,34.7,40.3,15.2,62.7,3.2,7.6,39.1,14.7,13.5,4.5,12.5,11.3,22.4,9.9,19.0,1.6,77.2
68669,SAN ANDRÉS,68,SANTANDER,Municipio,6.811511,-72.848864,42.4,18.2,55.8,15.4,76.1,1.5,5.4,47.0,9.9,6.4,2.8,0.1,12.7,15.6,32.7,12.0,1.2,89.5
68673,SAN BENITO,68,SANTANDER,Municipio,6.126656,-73.50907,49.8,7.4,54.0,23.2,84.1,1.3,1.2,37.3,3.4,21.7,3.2,1.1,8.6,14.0,68.9,9.7,2.1,95.2
68679,SAN GIL,68,SANTANDER,Municipio,6.551952,-73.134776,13.7,10.7,35.8,6.1,38.8,1.5,5.6,26.6,6.1,1.7,1.8,0.5,1.7,9.8,4.6,13.8,0.7,79.5
68682,SAN JOAQUÍN,68,SANTANDER,Municipio,6.427548,-72.867638,41.4,17.1,54.5,17.6,75.4,1.6,0.5,38.9,10.1,9.3,5.5,0.3,16.3,17.5,43.1,7.3,4.5,89.5
68684,SAN JOSÉ DE MIRANDA,68,SANTANDER,Municipio,6.658995,-72.733616,47.6,20.0,54.7,19.2,72.4,1.5,8.7,39.6,12.7,7.6,3.7,1.9,24.6,19.2,52.3,10.5,2.0,89.9
68686,SAN MIGUEL,68,SANTANDER,Municipio,6.575315,-72.644123,33.6,19.7,38.4,20.8,71.3,1.6,0.9,32.0,8.6,6.8,1.7,0.9,21.6,17.1,14.9,8.6,1.7,86.6
68689,SAN VICENTE DE CHUCURÍ,68,SANTANDER,Municipio,6.880383,-73.411024,34.9,18.9,44.8,14.7,69.4,1.8,3.2,35.2,5.8,27.3,4.0,1.6,21.8,14.4,20.5,14.3,1.8,85.1
68705,SANTA BÁRBARA,68,SANTANDER,Municipio,6.990996,-72.907445,53.8,20.6,57.1,16.6,79.5,1.1,2.0,45.6,6.4,22.4,5.4,0.7,22.8,20.5,71.3,14.1,3.8,88.6
68720,SANTA HELENA DEL OPÓN,68,SANTANDER,Municipio,6.339565,-73.616716,47.9,25.3,54.5,18.3,76.4,2.3,3.6,36.6,5.8,46.9,8.1,2.8,8.7,18.0,25.4,9.9,4.3,92.7
68745,SIMACOTA,68,SANTANDER,Municipio,6.443469,-73.337368,44.5,18.1,53.0,20.8,76.4,2.2,3.6,40.3,7.6,30.0,6.5,1.3,15.2,19.4,21.0,11.7,2.5,86.9
68755,SOCORRO,68,SANTANDER,Municipio,6.46387,-73.261198,15.1,12.5,26.6,8.1,44.4,1.2,5.1,26.5,4.2,1.3,2.0,0.2,0.5,12.7,5.7,13.9,1.2,82.1
68770,SUAITA,68,SANTANDER,Municipio,6.101329,-73.44165,37.8,24.4,41.3,17.0,72.7,0.9,5.0,35.4,3.5,20.6,2.8,2.8,10.6,12.7,35.3,10.7,1.2,89.9
68773,SUCRE,68,SANTANDER,Municipio,5.918743,-73.790975,47.1,15.7,49.7,19.0,80.0,2.3,4.0,39.0,4.9,29.0,5.0,0.1,10.4,19.9,39.9,11.4,2.9,93.5
68780,SURATÁ,68,SANTANDER,Municipio,7.36658,-72.984232,44.2,25.8,50.6,13.4,75.0,2.8,0.3,39.7,8.1,16.0,6.7,0.5,11.0,14.5,57.7,13.5,2.7,87.9
68820,TONA,68,SANTANDER,Municipio,7.201417,-72.967023,45.8,26.9,47.3,12.4,80.5,2.3,0.4,39.9,4.7,9.7,9.6,0.1,2.6,16.2,58.0,12.3,4.0,93.1
68855,VALLE DE SAN JOSÉ,68,SANTANDER,Municipio,6.448028,-73.143507,36.6,15.5,51.3,18.6,67.9,1.1,3.8,34.0,5.7,2.5,4.2,0.2,4.0,15.3,37.7,10.7,2.7,91.2
68861,VÉLEZ,68,SANTANDER,Municipio,6.009275,-73.672447,32.3,17.8,51.6,15.1,55.9,1.4,3.1,39.0,4.0,8.1,3.7,1.8,5.9,11.7,25.4,13.5,1.1,88.5
68867,VETAS,68,SANTANDER,Municipio,7.30981,-72.871041,31.9,16.9,41.9,12.7,60.0,0.7,3.5,44.4,4.7,30.0,0.9,0.2,6.8,12.8,33.6,11.4,0.5,75.2
68872,VILLANUEVA,68,SANTANDER,Municipio,6.670078,-73.174307,27.5,20.1,41.8,13.1,69.6,0.9,8.5,30.7,10.7,5.5,3.1,0.1,9.6,14.6,6.6,8.5,2.2,90.5
68895,ZAPATOCA,68,SANTANDER,Municipio,6.814387,-73.268034,26.9,17.4,45.8,9.6,64.2,1.5,7.0,30.7,5.3,8.6,2.8,0.1,4.4,17.5,16.3,9.2,2.4,83.5
70001,SINCELEJO,70,SUCRE,Municipio,9.302322,-75.395445,30.4,28.1,51.7,14.7,41.6,1.9,7.4,39.0,16.9,7.8,3.6,6.1,11.4,15.9,8.4,16.5,0.7,88.2
70110,BUENAVISTA,70,SUCRE,Municipio,9.319794,-74.972827,49.1,46.3,62.9,27.6,63.1,2.0,2.9,54.5,23.2,14.0,4.5,13.7,28.8,20.4,11.7,10.8,0.9,95.3
70124,CAIMITO,70,SUCRE,Municipio,8.789324,-75.117141,58.7,48.4,62.6,33.9,71.6,1.2,5.7,56.5,19.3,48.1,4.9,1.2,44.1,22.1,4.1,12.0,0.8,93.7
70204,COLOSÓ,70,SUCRE,Municipio,9.494192,-75.353256,59.6,56.2,62.2,31.6,70.0,1.3,5.6,47.2,17.0,26.1,3.6,45.3,65.0,21.7,14.1,9.7,0.8,94.1
70215,COROZAL,70,SUCRE,Municipio,9.318749,-75.293048,34.5,29.2,52.8,19.2,47.9,1.7,8.8,39.5,17.1,12.3,3.1,6.8,12.6,18.1,3.8,16.5,0.8,91.3
70221,COVEÑAS,70,SUCRE,Municipio,9.402779,-75.680158,45.0,36.6,54.9,16.6,46.1,3.0,8.0,46.8,18.1,37.1,3.3,8.9,18.8,15.4,47.2,21.4,0.8,88.6
70230,CHALÁN,70,SUCRE,Municipio,9.545352,-75.312697,73.9,71.7,78.0,40.8,73.0,1.0,15.6,70.9,24.7,27.9,4.1,23.0,59.9,26.2,7.3,12.1,0.9,96.5
70233,EL ROBLE,70,SUCRE,Municipio,9.100647,-75.198378,64.3,58.7,68.7,41.3,75.7,2.0,9.5,68.5,21.7,29.7,5.6,3.0,23.7,24.7,6.0,11.0,0.9,96.5
70235,GALERAS,70,SUCRE,Municipio,9.160379,-75.04959,46.1,37.8,57.9,25.5,64.8,2.2,1.8,49.7,21.1,23.5,3.4,5.9,24.6,21.0,11.4,13.3,1.2,94.3
70265,GUARANDA,70,SUCRE,Municipio,8.468556,-74.537749,66.1,54.5,74.9,29.3,73.0,1.6,10.8,53.1,19.1,63.6,4.7,7.3,46.5,28.3,50.1,11.0,2.2,95.9
70400,LA UNIÓN,70,SUCRE,Municipio,8.853975,-75.276056,55.8,40.0,70.2,32.5,70.0,1.9,3.1,53.6,17.9,35.5,3.0,1.4,49.8,23.0,3.9,13.9,0.7,91.4
70418,LOS PALMITOS,70,SUCRE,Municipio,9.380269,-75.268716,41.6,33.5,49.8,27.6,61.2,1.4,7.6,42.3,15.7,21.9,3.0,6.7,20.6,20.3,4.0,12.0,1.2,92.9
70429,MAJAGUAL,70,SUCRE,Municipio,8.541163,-74.628077,64.4,46.7,71.7,28.4,74.2,2.9,6.5,54.4,15.1,54.1,8.4,8.9,60.3,24.1,11.5,14.6,1.6,96.1
70473,MORROA,70,SUCRE,Municipio,9.331395,-75.305949,42.8,32.5,58.8,23.4,56.7,1.9,3.4,41.5,22.8,18.7,5.8,12.5,24.5,23.2,10.8,13.8,1.1,91.3
70508,OVEJAS,70,SUCRE,Municipio,9.527176,-75.229037,51.5,40.4,63.1,34.9,70.2,1.2,9.3,42.7,20.1,22.7,3.4,5.6,26.3,22.1,20.5,11.7,1.5,92.6
70523,PALMITO,70,SUCRE,Municipio,9.333157,-75.541264,65.1,46.7,76.1,34.0,66.2,1.6,5.1,68.8,20.6,44.4,3.5,15.4,54.7,18.8,42.4,12.4,0.5,94.7
70670,SAMPUÉS,70,SUCRE,Municipio,9.183193,-75.380222,56.9,45.9,69.1,30.7,64.8,1.6,11.8,47.6,26.8,28.3,4.1,17.0,44.0,26.5,17.0,12.4,1.0,93.6
70678,SAN BENITO ABAD,70,SUCRE,Municipio,8.930108,-75.031089,63.0,56.3,65.0,37.3,75.5,3.7,5.4,49.1,15.3,60.3,6.0,15.3,38.2,21.5,6.5,14.6,1.4,94.9
70702,SAN JUAN DE BETULIA,70,SUCRE,Municipio,9.273066,-75.243565,44.8,37.1,53.0,30.0,60.5,1.1,4.7,49.7,19.5,22.8,2.6,11.8,19.7,13.7,11.1,11.5,0.5,94.1
70708,SAN MARCOS,70,SUCRE,Municipio,8.661774,-75.133831,59.1,57.4,61.8,30.1,69.8,2.2,7.6,50.5,20.5,67.3,4.6,4.2,31.4,24.2,4.9,12.3,1.5,92.8
70713,SAN ONOFRE,70,SUCRE,Municipio,9.736955,-75.522398,69.0,55.9,77.5,38.4,77.2,5.3,5.4,55.9,17.5,51.2,7.7,11.0,30.6,28.0,22.3,23.6,1.4,94.6
70717,SAN PEDRO,70,SUCRE,Municipio,9.39625,-75.063647,47.1,40.5,60.9,25.5,64.3,1.4,4.8,51.6,19.7,17.6,4.1,13.4,24.0,20.5,13.2,13.1,0.8,92.5
70742,SAN LUIS DE SINCÉ,70,SUCRE,Municipio,9.244308,-75.145999,51.1,48.1,60.0,26.2,68.3,1.7,3.9,48.3,24.0,15.4,3.8,26.9,23.2,19.5,12.3,12.4,1.1,94.1
70771,SUCRE,70,SUCRE,Municipio,8.811737,-74.723175,63.4,44.9,69.5,31.9,76.0,2.4,3.8,52.7,13.5,69.5,4.1,10.4,63.7,18.6,6.0,12.9,0.9,94.4
70820,SANTIAGO DE TOLÚ,70,SUCRE,Municipio,9.525387,-75.581112,42.7,38.9,59.1,19.7,58.6,2.1,1.2,41.2,23.1,33.7,3.7,7.4,20.5,25.6,14.1,16.0,1.1,89.8
70823,SAN JOSÉ DE TOLUVIEJO,70,SUCRE,Municipio,9.451819,-75.44085,45.8,39.2,48.9,27.3,63.6,1.5,1.1,40.8,16.3,16.4,3.5,17.1,24.0,17.6,30.5,12.4,0.9,91.9
73001,IBAGUÉ,73,TOLIMA,Municipio,4.432248,-75.19425,14.8,12.9,42.6,5.6,37.3,1.9,3.3,28.4,5.8,2.5,2.6,1.2,1.3,10.1,3.5,19.9,0.6,78.7
73024,ALPUJARRA,73,TOLIMA,Municipio,3.391548,-74.9329,30.9,28.4,32.7,14.0,73.3,1.1,1.8,37.7,6.6,9.5,2.4,0.4,6.7,13.1,12.3,9.4,1.4,91.4
73026,ALVARADO,73,TOLIMA,Municipio,4.567356,-74.953418,38.8,26.3,49.5,22.1,73.7,1.7,3.5,34.7,8.3,20.0,2.8,2.7,8.4,18.1,17.0,13.7,1.7,83.7
73030,AMBALEMA,73,TOLIMA,Municipio,4.782682,-74.764429,32.9,31.0,40.5,17.3,72.7,0.9,2.7,39.8,16.4,7.0,3.3,3.2,4.8,15.2,5.0,14.5,0.7,76.1
73043,ANZOÁTEGUI,73,TOLIMA,Municipio,4.631756,-75.093772,55.8,24.6,62.1,19.9,81.6,2.0,4.5,37.0,6.4,52.3,6.8,6.0,13.9,21.6,38.8,13.9,4.6,94.2
73055,ARMERO,73,TOLIMA,Municipio,5.030744,-74.884438,27.3,23.9,35.3,16.1,66.8,1.5,1.6,34.6,10.3,3.6,3.8,3.3,6.8,11.5,4.7,13.7,0.7,83.3
73067,ATACO,73,TOLIMA,Municipio,3.590591,-75.382545,64.0,42.1,71.8,21.1,81.7,3.4,6.3,45.8,11.8,33.9,8.7,1.7,40.5,26.1,58.1,17.1,3.3,94.6
73124,CAJAMARCA,73,TOLIMA,Municipio,4.438812,-75.431971,36.2,22.1,52.6,13.9,71.3,2.3,3.2,29.3,7.7,19.6,5.0,2.1,2.5,15.3,31.7,16.6,2.9,89.9
73148,CARMEN DE APICALÁ,73,TOLIMA,Municipio,4.152334,-74.717633,20.7,17.5,32.4,11.1,57.9,1.3,0.8,31.7,10.8,2.5,4.7,2.2,2.8,10.8,4.4,15.8,1.1,84.3
73152,CASABIANCA,73,TOLIMA,Municipio,5.078465,-75.120966,43.8,21.9,52.7,19.2,80.8,2.0,0.5,31.0,4.8,34.9,9.3,6.5,1.9,16.3,34.1,10.7,4.7,92.4
73168,CHAPARRAL,73,TOLIMA,Municipio,3.722918,-75.480765,39.7,29.5,57.1,16.4,68.3,2.4,2.6,36.2,8.9,16.2,6.4,2.3,19.7,18.4,23.4,15.3,2.8,90.1
73200,COELLO,73,TOLIMA,Municipio,4.287276,-74.898464,35.8,25.5,38.3,24.9,70.4,2.2,2.3,41.8,10.5,14.4,3.8,2.6,9.6,11.2,14.1,14.1,1.0,85.3
73217,COYAIMA,73,TOLIMA,Municipio,3.798036,-75.193862,62.1,29.0,69.8,23.8,76.6,2.2,0.7,59.3,10.4,56.6,8.6,12.3,37.0,12.3,53.2,15.4,1.3,95.2
73226,CUNDAY,73,TOLIMA,Municipio,4.059259,-74.692227,40.8,26.4,46.2,18.7,77.3,2.2,4.3,34.0,5.7,10.5,4.4,1.3,18.0,13.1,28.9,13.7,1.4,90.1
73236,DOLORES,73,TOLIMA,Municipio,3.539072,-74.896761,32.8,23.2,39.8,12.9,72.4,1.5,0.5,36.8,7.4,15.4,4.5,0.4,22.4,11.6,20.6,11.3,0.9,91.3
73268,ESPINAL,73,TOLIMA,Municipio,4.151314,-74.885446,19.2,17.0,25.4,10.6,49.9,1.5,0.8,34.9,8.6,1.5,4.4,1.0,1.5,10.7,3.6,16.1,0.9,86.0
73270,FALAN,73,TOLIMA,Municipio,5.123104,-74.953007,39.3,22.9,44.5,21.0,77.4,2.0,7.0,29.7,4.4,15.6,4.0,3.4,11.0,14.7,16.8,14.5,2.8,92.3
73275,FLANDES,73,TOLIMA,Municipio,4.276373,-74.818763,17.4,16.2,25.5,8.9,48.5,1.9,0.5,29.7,10.8,2.4,2.9,1.4,1.7,10.8,1.4,18.1,0.7,82.0
73283,FRESNO,73,TOLIMA,Municipio,5.153576,-75.035722,33.6,21.7,47.0,15.1,71.2,1.4,1.6,29.3,5.0,9.2,5.4,4.5,1.8,15.8,27.5,12.8,2.8,90.5
73319,GUAMO,73,TOLIMA,Municipio,4.030992,-74.968135,32.2,24.6,40.9,15.7,65.1,1.5,2.3,41.8,12.7,13.5,3.5,1.9,5.8,10.0,14.7,13.6,0.7,88.1
73347,HERVEO,73,TOLIMA,Municipio,5.080228,-75.177151,54.0,19.6,68.8,17.4,78.4,1.4,0.3,57.2,3.2,28.0,4.9,8.2,0.3,16.5,45.0,12.3,1.2,92.6
73349,HONDA,73,TOLIMA,Municipio,5.211816,-74.75699,25.8,25.3,43.0,12.4,54.8,2.3,3.4,34.2,10.7,7.0,3.4,2.6,2.6,12.4,3.4,17.8,0.5,81.8
73352,ICONONZO,73,TOLIMA,Municipio,4.176487,-74.531969,33.7,22.3,39.3,14.6,70.4,1.5,3.1,32.8,6.3,14.6,2.6,2.7,9.0,12.4,28.1,15.7,1.1,88.5
73408,LÉRIDA,73,TOLIMA,Municipio,4.862046,-74.910716,28.1,25.0,39.8,16.0,63.4,1.6,2.5,35.8,9.8,3.0,3.3,4.4,4.8,12.4,5.8,15.2,0.9,84.3
73411,LÍBANO,73,TOLIMA,Municipio,4.92042,-75.061959,33.4,21.3,57.6,15.3,63.7,1.9,8.2,30.8,4.5,17.1,4.9,4.8,3.2,13.7,20.8,15.3,1.6,88.3
73443,SAN SEBASTIÁN DE MARIQUITA,73,TOLIMA,Municipio,5.199708,-74.889276,27.1,21.1,50.2,11.6,58.0,1.7,3.8,32.1,7.9,7.0,3.3,2.1,3.2,17.4,12.5,14.5,1.4,85.1
73449,MELGAR,73,TOLIMA,Municipio,4.203655,-74.641317,19.7,16.5,34.2,6.1,44.5,2.4,1.0,31.9,7.8,5.0,4.5,3.1,2.8,12.9,5.4,21.6,0.8,84.2
73461,MURILLO,73,TOLIMA,Municipio,4.874341,-75.171022,50.4,36.2,62.8,18.5,78.1,1.4,1.5,36.9,7.9,32.4,5.4,12.6,1.0,20.7,38.7,13.7,3.7,93.3
73483,NATAGAIMA,73,TOLIMA,Municipio,3.624324,-75.093182,42.1,33.6,52.5,19.4,70.2,1.6,3.9,45.0,12.9,19.9,3.3,1.9,19.4,13.7,5.9,17.6,0.7,92.9
73504,ORTEGA,73,TOLIMA,Municipio,3.934916,-75.222601,51.3,28.8,58.1,18.8,72.0,2.3,5.0,46.3,13.3,20.5,5.3,1.1,36.7,18.2,29.6,15.3,2.2,91.7
73520,PALOCABILDO,73,TOLIMA,Municipio,5.120918,-75.022167,45.5,32.6,51.6,17.3,77.9,2.1,3.4,39.8,6.7,13.9,5.0,6.1,4.6,20.6,28.4,13.1,2.5,93.4
73547,PIEDRAS,73,TOLIMA,Municipio,4.543951,-74.878106,27.2,22.7,29.6,17.2,69.4,1.3,5.2,34.2,7.8,6.9,2.1,5.1,6.7,13.6,6.4,14.4,0.3,76.6
73555,PLANADAS,73,TOLIMA,Municipio,3.197911,-75.644163,55.4,34.8,64.5,18.6,77.1,4.3,2.9,32.9,9.5,36.5,10.5,5.9,20.8,27.7,44.4,15.1,7.0,93.4
73563,PRADO,73,TOLIMA,Municipio,3.750939,-74.927447,36.6,30.1,42.4,20.1,72.1,1.6,5.1,39.4,9.4,4.5,4.8,3.7,15.5,14.8,13.5,12.5,1.2,90.8
73585,PURIFICACIÓN,73,TOLIMA,Municipio,3.857246,-74.935555,32.6,23.2,44.6,16.6,64.9,1.5,2.9,42.6,13.3,3.7,2.7,2.0,8.3,15.2,9.5,14.4,0.5,87.7
73616,RIOBLANCO,73,TOLIMA,Municipio,3.529932,-75.644069,60.5,30.1,67.6,19.9,79.0,3.8,11.3,38.8,9.2,45.2,11.9,2.1,28.4,27.9,50.2,15.1,7.3,94.1
73622,RONCESVALLES,73,TOLIMA,Municipio,4.011567,-75.605959,42.0,29.7,48.8,11.7,76.5,2.3,1.2,29.0,5.9,28.0,6.2,15.2,4.1,18.9,23.3,18.1,3.6,89.1
73624,ROVIRA,73,TOLIMA,Municipio,4.239019,-75.240648,47.0,31.7,62.1,18.6,78.0,2.3,1.9,34.3,9.7,21.5,6.6,2.9,17.5,19.0,31.9,15.0,3.3,94.2
73671,SALDAÑA,73,TOLIMA,Municipio,3.929815,-75.016852,36.3,29.9,45.9,14.5,66.1,1.9,3.0,44.2,17.8,10.0,5.9,1.6,2.9,11.6,20.8,14.2,1.0,88.1
73675,SAN ANTONIO,73,TOLIMA,Municipio,3.914146,-75.480074,53.7,36.0,64.2,17.9,76.4,2.7,9.4,41.4,10.7,37.0,6.5,1.0,19.0,21.6,31.0,13.3,4.4,94.7
73678,SAN LUIS,73,TOLIMA,Municipio,4.133721,-75.095804,39.4,31.2,42.8,23.6,69.5,1.3,2.2,47.1,10.9,13.1,3.8,1.6,11.3,11.6,18.8,13.7,0.7,89.5
73686,SANTA ISABEL,73,TOLIMA,Municipio,4.713606,-75.097934,50.9,36.0,59.5,18.7,78.2,2.3,8.3,29.1,6.3,51.0,3.7,12.7,2.0,20.5,44.2,14.7,2.9,90.8
73770,SUÁREZ,73,TOLIMA,Municipio,4.048891,-74.831885,34.3,27.2,39.7,22.2,72.8,0.9,2.1,47.7,8.5,7.1,2.1,1.3,17.2,11.2,4.1,12.6,0.2,88.5
73854,VALLE DE SAN JUAN,73,TOLIMA,Municipio,4.197494,-75.115669,40.4,28.2,50.5,22.6,75.8,1.3,1.1,42.2,7.0,6.4,3.6,7.1,35.2,11.9,37.0,9.7,0.8,91.4
73861,VENADILLO,73,TOLIMA,Municipio,4.717878,-74.929333,36.3,29.6,52.1,19.3,72.2,2.1,2.9,33.4,10.7,19.1,8.3,2.9,5.9,15.5,12.4,13.7,1.0,84.8
73870,VILLAHERMOSA,73,TOLIMA,Municipio,5.030452,-75.117729,51.3,30.8,62.6,17.5,83.6,1.7,2.6,33.1,4.1,42.3,5.8,12.1,1.8,20.9,48.3,11.8,4.1,93.6
73873,VILLARRICA,73,TOLIMA,Municipio,3.936902,-74.600285,38.4,22.4,48.0,15.1,73.8,1.3,5.8,27.5,6.2,23.5,4.3,2.5,17.3,12.2,28.1,11.7,2.8,92.9
76001,CALI,76,VALLE DEL CAUCA,Municipio,3.413686,-76.52133,11.9,11.7,17.0,4.4,33.0,1.9,4.1,21.1,4.8,1.5,2.8,0.6,0.3,11.3,0.9,17.7,0.6,75.3
76020,ALCALÁ,76,VALLE DEL CAUCA,Municipio,4.674994,-75.779792,31.9,31.5,33.1,18.7,72.1,1.7,7.1,31.9,6.9,6.4,3.9,10.6,2.7,13.7,7.0,14.8,1.5,86.2
76036,ANDALUCÍA,76,VALLE DEL CAUCA,Municipio,4.171713,-76.167925,15.3,13.9,20.8,8.6,52.0,1.2,0.5,37.4,4.5,2.1,2.2,2.4,1.4,11.2,2.8,11.1,0.5,80.0
76041,ANSERMANUEVO,76,VALLE DEL CAUCA,Municipio,4.794984,-75.992003,31.3,26.1,40.4,17.4,76.6,2.4,3.0,30.8,5.8,4.4,5.0,1.5,2.1,15.9,19.6,13.1,1.7,85.9
76054,ARGELIA,76,VALLE DEL CAUCA,Municipio,4.726945,-76.119905,36.2,23.6,49.8,21.4,77.5,1.7,1.5,27.1,6.4,14.6,4.5,2.8,0.3,16.5,24.2,10.4,3.0,92.4
76100,BOLÍVAR,76,VALLE DEL CAUCA,Municipio,4.337846,-76.183583,29.7,13.9,35.6,16.8,69.9,3.0,1.1,30.9,5.5,16.1,5.0,2.4,2.3,14.1,15.1,13.3,1.9,89.9
76109,BUENAVENTURA,76,VALLE DEL CAUCA,Municipio,3.875708,-77.01074,41.0,35.6,67.4,14.1,48.3,5.1,4.5,43.5,10.2,32.4,5.2,15.7,1.0,24.2,26.3,22.2,1.3,88.6
76111,GUADALAJARA DE BUGA,76,VALLE DEL CAUCA,Municipio,3.900736,-76.298979,12.3,10.8,22.2,6.4,40.9,1.1,4.2,22.3,4.8,1.1,1.9,0.5,0.6,12.1,1.6,13.7,0.5,76.9
76113,BUGALAGRANDE,76,VALLE DEL CAUCA,Municipio,4.208358,-76.15682,25.8,13.5,39.3,14.1,58.2,1.8,5.7,28.7,4.3,8.8,2.4,5.5,4.7,16.7,11.7,14.3,0.9,79.3
76122,CAICEDONIA,76,VALLE DEL CAUCA,Municipio,4.334808,-75.830594,24.6,19.9,46.9,14.7,64.0,1.1,7.5,29.3,5.7,5.3,2.8,2.6,0.6,11.9,6.8,13.3,1.2,86.4
76126,CALIMA,76,VALLE DEL CAUCA,Municipio,3.933664,-76.484132,25.7,22.0,33.4,10.1,60.6,1.4,8.8,27.2,6.3,3.4,3.4,5.7,1.6,13.7,12.1,15.3,1.0,83.9
76130,CANDELARIA,76,VALLE DEL CAUCA,Municipio,3.408354,-76.346519,15.5,14.2,15.9,8.2,46.4,2.0,2.6,25.0,3.6,2.4,3.6,1.0,1.3,12.2,5.3,16.0,0.7,76.6
76147,CARTAGO,76,VALLE DEL CAUCA,Municipio,4.742192,-75.924374,16.6,16.4,25.7,8.4,48.2,1.3,6.8,25.7,4.3,1.5,2.4,0.9,0.5,11.9,1.6,14.7,0.6,81.3
76233,DAGUA,76,VALLE DEL CAUCA,Municipio,3.657318,-76.68886,28.4,22.3,30.5,12.4,66.0,2.1,4.6,28.9,5.3,13.4,4.6,2.5,4.7,15.5,14.7,14.3,1.1,86.4
76243,EL ÁGUILA,76,VALLE DEL CAUCA,Municipio,4.906062,-76.042779,43.5,24.2,51.4,20.6,78.2,1.3,2.1,29.7,4.9,35.7,4.4,8.1,0.8,23.1,29.2,9.6,3.4,93.5
76246,EL CAIRO,76,VALLE DEL CAUCA,Municipio,4.760874,-76.221611,35.8,21.8,45.8,16.6,76.0,2.1,4.7,25.0,4.7,24.3,3.6,3.2,1.3,17.5,24.1,11.4,2.6,92.3
76248,EL CERRITO,76,VALLE DEL CAUCA,Municipio,3.684229,-76.311972,15.2,14.4,16.6,9.8,50.5,1.9,2.8,25.0,4.6,1.3,4.1,0.4,0.4,11.4,2.4,14.3,0.6,76.2
76250,EL DOVIO,76,VALLE DEL CAUCA,Municipio,4.510452,-76.237084,37.2,25.0,56.1,21.3,72.3,2.7,12.3,31.6,8.0,11.9,6.4,5.6,3.4,22.4,9.6,8.8,2.8,90.9
76275,FLORIDA,76,VALLE DEL CAUCA,Municipio,3.324118,-76.234199,18.9,16.4,24.6,11.3,52.4,1.7,3.6,27.1,5.3,2.2,3.2,1.5,4.1,12.4,3.6,14.8,0.8,79.6
76306,GINEBRA,76,VALLE DEL CAUCA,Municipio,3.724181,-76.268068,14.7,8.0,20.1,7.5,53.0,1.2,0.6,21.9,4.4,1.9,3.1,1.8,1.3,13.5,4.4,13.5,1.1,80.0
76318,GUACARÍ,76,VALLE DEL CAUCA,Municipio,3.761815,-76.330911,16.0,15.6,16.7,10.6,52.4,1.4,3.3,28.9,5.8,1.9,2.7,1.3,2.3,11.0,2.0,14.1,0.6,77.2
76364,JAMUNDÍ,76,VALLE DEL CAUCA,Municipio,3.258751,-76.538472,14.9,11.3,28.8,5.7,38.6,2.1,2.4,24.6,4.4,2.1,4.1,2.2,2.6,13.4,3.8,17.7,0.8,78.5
76377,LA CUMBRE,76,VALLE DEL CAUCA,Municipio,3.649268,-76.56805,25.3,20.1,26.7,12.3,61.6,1.4,14.3,23.0,4.4,5.7,2.8,5.1,5.7,12.6,12.5,11.7,1.0,85.5
76400,LA UNIÓN,76,VALLE DEL CAUCA,Municipio,4.533869,-76.099661,22.5,20.2,34.3,10.0,59.4,1.3,11.1,28.3,6.5,3.7,5.4,1.7,1.8,16.1,3.6,12.1,1.1,87.1
76403,LA VICTORIA,76,VALLE DEL CAUCA,Municipio,4.523603,-76.036529,22.9,18.8,33.7,15.6,61.6,1.3,2.2,28.8,4.7,3.0,3.9,1.1,0.8,13.1,5.1,15.2,1.2,83.8
76497,OBANDO,76,VALLE DEL CAUCA,Municipio,4.575712,-75.974709,31.2,24.9,48.8,17.2,69.9,2.2,5.2,34.1,7.1,7.6,4.4,4.2,3.4,13.5,14.6,14.4,1.3,81.9
76520,PALMIRA,76,VALLE DEL CAUCA,Municipio,3.531544,-76.298846,11.5,10.8,13.8,5.3,40.3,1.5,1.5,25.0,3.0,0.5,3.3,0.4,0.7,12.4,1.0,15.2,0.4,78.9
76563,PRADERA,76,VALLE DEL CAUCA,Municipio,3.419793,-76.241799,24.8,24.0,31.0,15.1,56.9,1.5,8.0,30.6,9.3,2.9,3.6,1.2,2.4,15.1,4.9,14.1,0.9,77.9
76606,RESTREPO,76,VALLE DEL CAUCA,Municipio,3.821351,-76.523329,20.7,16.8,29.0,12.5,60.4,1.5,0.8,27.9,6.5,4.3,3.2,2.8,2.0,10.1,5.2,14.1,1.3,84.1
76616,RIOFRÍO,76,VALLE DEL CAUCA,Municipio,4.156908,-76.288313,23.2,16.2,29.0,15.1,66.6,1.2,2.5,28.7,4.2,7.4,3.3,2.9,4.6,11.7,14.0,10.9,1.2,83.2
76622,ROLDANILLO,76,VALLE DEL CAUCA,Municipio,4.413601,-76.152277,16.5,13.0,27.0,9.1,51.1,1.0,3.7,26.9,4.1,3.6,2.4,0.7,1.1,13.0,4.0,12.3,0.8,83.3
76670,SAN PEDRO,76,VALLE DEL CAUCA,Municipio,3.995073,-76.228692,18.0,13.4,21.7,11.3,56.8,1.6,4.4,30.6,4.5,1.7,2.3,1.2,1.9,11.2,3.6,12.7,0.8,78.0
76736,SEVILLA,76,VALLE DEL CAUCA,Municipio,4.270714,-75.931629,27.4,23.8,39.8,14.6,67.0,1.1,2.8,31.9,5.7,5.7,3.3,5.0,1.0,14.2,9.7,12.1,1.0,88.9
76823,TORO,76,VALLE DEL CAUCA,Municipio,4.608085,-76.076859,32.1,26.2,45.2,18.1,70.7,2.1,4.4,30.1,6.3,11.9,5.3,1.8,2.4,18.6,6.7,12.4,1.7,89.1
76828,TRUJILLO,76,VALLE DEL CAUCA,Municipio,4.212037,-76.318818,34.9,25.4,43.3,17.4,72.3,1.4,6.4,30.2,5.8,17.3,3.6,4.3,2.5,17.6,18.9,10.5,2.4,90.4
76834,TULUÁ,76,VALLE DEL CAUCA,Municipio,4.085399,-76.197731,13.7,11.6,24.5,7.5,44.6,1.4,2.9,25.7,4.1,1.4,2.6,0.9,0.9,11.5,2.1,13.9,0.7,80.4
76845,ULLOA,76,VALLE DEL CAUCA,Municipio,4.703623,-75.737808,24.2,19.5,28.3,16.5,69.7,1.2,0.9,27.9,5.2,2.5,3.6,7.8,1.1,12.2,4.8,15.5,0.9,85.4
76863,VERSALLES,76,VALLE DEL CAUCA,Municipio,4.575019,-76.199203,30.6,15.9,46.8,15.5,68.9,1.4,5.7,36.0,3.8,15.2,5.0,3.8,0.8,14.4,11.2,7.9,1.6,88.7
76869,VIJES,76,VALLE DEL CAUCA,Municipio,3.698686,-76.441804,19.0,13.0,33.2,11.7,58.4,1.8,0.7,27.7,6.3,2.8,1.6,2.0,2.9,9.5,8.9,12.1,0.4,79.6
76890,YOTOCO,76,VALLE DEL CAUCA,Municipio,3.861241,-76.382698,20.8,17.0,25.3,11.5,58.0,1.6,6.8,25.8,5.9,3.7,5.1,1.2,1.9,13.9,12.8,13.5,1.1,79.1
76892,YUMBO,76,VALLE DEL CAUCA,Municipio,3.540097,-76.499893,15.6,15.3,18.0,7.5,44.3,1.8,2.7,24.3,7.6,1.3,3.4,3.8,2.9,13.8,3.7,16.0,0.6,76.0
76895,ZARZAL,76,VALLE DEL CAUCA,Municipio,4.392658,-76.070795,17.2,15.8,21.5,10.8,47.5,1.1,4.0,28.3,5.2,1.5,2.3,1.5,0.7,14.1,1.8,11.8,0.6,76.8
81001,ARAUCA,81,ARAUCA,Municipio,7.072726,-70.747408,38.6,35.4,60.0,9.9,47.1,3.0,6.3,39.6,18.1,17.0,5.3,18.3,16.4,19.2,12.1,23.4,1.2,85.0
81065,ARAUQUITA,81,ARAUCA,Municipio,7.02702,-71.426733,49.2,40.1,52.9,17.4,70.8,3.1,9.1,40.5,12.6,21.8,7.6,14.4,33.3,25.3,8.1,17.3,3.5,90.2
81220,CRAVO NORTE,81,ARAUCA,Municipio,6.303913,-70.204286,48.8,45.5,57.8,16.9,66.8,2.2,7.6,57.2,15.1,12.9,5.6,6.8,26.0,21.8,4.4,18.3,1.0,87.5
81300,FORTUL,81,ARAUCA,Municipio,6.796695,-71.76877,48.3,43.4,53.9,15.4,68.7,2.3,5.7,47.2,18.2,32.0,6.7,20.9,24.5,27.6,6.0,13.5,3.0,91.8
81591,PUERTO RONDÓN,81,ARAUCA,Municipio,6.281461,-71.10339,45.0,38.7,60.0,14.7,65.7,2.7,13.6,37.9,13.8,21.6,8.9,7.2,16.2,22.5,6.9,18.9,2.4,89.5
81736,SARAVENA,81,ARAUCA,Municipio,6.953926,-71.872812,39.4,34.1,56.5,11.8,59.6,2.5,10.2,37.0,15.6,26.3,5.4,20.4,18.0,20.5,4.4,15.8,1.9,88.0
81794,TAME,81,ARAUCA,Municipio,6.453324,-71.754427,41.9,32.8,57.8,10.9,60.3,3.0,8.8,44.2,13.5,15.5,7.1,11.7,20.7,21.5,10.5,18.2,2.2,89.8
85001,YOPAL,85,CASANARE,Municipio,5.327102,-72.396132,22.9,20.1,39.5,6.5,39.9,2.3,7.5,32.2,10.0,7.5,2.6,4.6,3.6,16.6,6.5,18.7,0.9,79.5
85010,AGUAZUL,85,CASANARE,Municipio,5.172641,-72.546838,27.0,22.1,40.3,12.4,54.0,1.7,9.5,36.2,11.1,1.5,4.0,5.7,5.7,14.7,7.3,14.9,2.1,80.1
85015,CHÁMEZA,85,CASANARE,Municipio,5.214527,-72.87016,36.0,20.0,62.0,13.6,62.3,0.8,8.0,45.9,9.8,5.7,1.6,1.0,11.0,13.8,33.9,10.2,0.8,87.2
85125,HATO COROZAL,85,CASANARE,Municipio,6.154099,-71.764213,56.1,45.1,65.1,12.7,69.5,4.4,7.1,59.7,18.6,25.7,7.0,11.3,24.1,26.4,19.4,21.7,1.9,91.0
85136,LA SALINA,85,CASANARE,Municipio,6.127762,-72.334978,48.1,23.2,70.1,14.8,60.3,3.3,4.3,57.5,10.6,13.6,3.8,0.3,14.6,19.8,42.5,15.6,1.3,83.2
85139,MANÍ,85,CASANARE,Municipio,4.81681,-72.281384,30.3,28.2,36.5,10.4,60.3,2.5,6.0,39.4,16.9,3.3,4.3,3.6,3.1,15.2,19.7,17.7,1.0,78.3
85162,MONTERREY,85,CASANARE,Municipio,4.877017,-72.894065,27.5,25.3,33.6,10.0,55.1,1.5,5.7,49.6,8.7,3.8,1.5,2.8,2.7,16.4,6.2,16.1,0.5,83.1
85225,NUNCHÍA,85,CASANARE,Municipio,5.636474,-72.195323,56.4,26.7,64.3,18.0,74.8,2.3,9.5,53.4,14.0,29.9,4.7,6.9,20.9,21.8,38.1,17.0,1.3,86.2
85230,OROCUÉ,85,CASANARE,Municipio,4.790258,-71.338533,45.8,31.1,72.8,15.6,64.5,2.2,9.2,55.9,18.4,5.1,5.6,11.3,24.3,19.8,4.6,14.4,0.9,84.0
85250,PAZ DE ARIPORO,85,CASANARE,Municipio,5.879827,-71.890348,37.8,30.7,54.7,10.1,62.0,3.6,4.3,40.4,17.6,10.4,5.4,4.5,10.8,21.3,5.8,20.4,2.1,89.3
85263,PORE,85,CASANARE,Municipio,5.72773,-71.99286,45.2,35.9,60.1,10.4,67.7,3.0,13.4,50.1,18.5,9.2,4.0,5.6,16.6,19.2,14.9,14.7,1.8,86.4
85279,RECETOR,85,CASANARE,Municipio,5.229181,-72.760991,39.3,21.1,44.4,12.6,65.7,1.6,0.4,50.8,3.3,38.8,1.4,3.3,19.9,12.6,69.1,9.1,0.4,77.6
85300,SABANALARGA,85,CASANARE,Municipio,4.854787,-73.038696,34.2,27.2,42.2,12.6,63.0,1.9,4.4,46.4,7.6,2.8,5.9,0.5,4.1,16.6,16.1,11.1,1.1,80.9
85315,SÁCAMA,85,CASANARE,Municipio,6.096738,-72.250157,32.5,21.7,43.8,11.4,58.8,1.6,2.0,39.7,9.6,16.7,5.1,7.4,18.1,18.0,23.2,14.4,2.5,76.6
85325,SAN LUIS DE PALENQUE,85,CASANARE,Municipio,5.422397,-71.732198,37.0,21.5,46.2,10.9,72.2,3.9,0.8,43.2,11.7,5.0,6.1,3.3,11.0,17.6,3.2,17.2,2.3,83.5
85400,TÁMARA,85,CASANARE,Municipio,5.829543,-72.16165,55.0,25.6,64.5,14.4,77.3,2.7,3.3,43.4,15.3,19.0,9.1,6.3,46.0,20.9,68.1,13.7,3.5,90.4
85410,TAURAMENA,85,CASANARE,Municipio,5.018977,-72.74662,27.2,22.3,37.0,10.0,55.3,2.0,3.5,41.7,9.4,3.9,3.1,6.7,4.3,15.0,7.0,16.3,1.1,82.7
85430,TRINIDAD,85,CASANARE,Municipio,5.412178,-71.662812,38.7,30.7,49.9,11.4,69.4,3.3,1.9,41.5,16.2,7.8,5.4,3.5,10.7,19.8,5.3,20.6,2.0,85.8
85440,VILLANUEVA,85,CASANARE,Municipio,4.61035,-72.927797,24.6,22.4,32.3,8.8,56.1,2.4,5.9,27.4,10.9,11.1,3.9,4.8,5.6,13.7,10.9,17.1,1.5,73.6
86001,MOCOA,86,PUTUMAYO,Municipio,1.151172,-76.654238,24.8,20.2,37.3,7.2,43.5,1.5,9.8,36.5,10.6,12.8,2.6,7.2,2.1,13.5,8.4,14.9,0.9,83.2
86219,COLÓN,86,PUTUMAYO,Municipio,1.190133,-76.972566,22.6,17.4,31.4,9.8,51.2,1.3,15.1,37.6,11.7,2.6,1.5,2.2,4.2,8.6,3.8,9.3,0.8,85.6
86320,ORITO,86,PUTUMAYO,Municipio,0.663593,-76.873276,39.8,32.2,48.9,10.2,56.7,1.5,4.7,45.6,9.5,28.3,3.6,22.2,4.3,14.1,44.4,10.9,1.9,85.6
86568,PUERTO ASÍS,86,PUTUMAYO,Municipio,0.505627,-76.496887,44.1,36.7,56.5,10.4,59.2,2.1,8.5,37.4,11.6,25.2,5.7,9.4,2.8,18.6,75.9,14.6,2.4,88.6
86569,PUERTO CAICEDO,86,PUTUMAYO,Municipio,0.687784,-76.606118,38.9,24.1,49.2,10.1,62.5,1.1,3.9,43.1,6.8,19.4,4.5,6.9,3.0,14.1,35.1,10.6,1.9,90.2
86571,PUERTO GUZMÁN,86,PUTUMAYO,Municipio,0.962854,-76.407663,62.2,43.1,68.9,14.8,76.4,4.4,8.1,49.5,9.6,38.6,11.0,13.8,8.1,27.3,53.6,17.0,3.9,93.4
86573,PUERTO LEGUÍZAMO,86,PUTUMAYO,Municipio,-0.192318,-74.781842,53.6,39.3,70.2,12.5,63.6,4.3,3.4,49.8,13.4,37.0,7.4,24.8,7.7,21.9,37.9,18.1,2.0,91.9
86749,SIBUNDOY,86,PUTUMAYO,Municipio,1.20026,-76.917814,23.0,22.3,24.8,8.5,48.7,1.0,14.4,39.5,9.6,5.1,2.1,3.7,1.4,11.3,2.5,13.0,1.6,89.5
86755,SAN FRANCISCO,86,PUTUMAYO,Municipio,1.174194,-76.879283,23.5,22.0,25.7,10.0,52.2,0.8,9.4,40.4,10.1,8.9,1.9,0.6,1.7,13.4,6.8,8.7,1.4,89.3
86757,SAN MIGUEL,86,PUTUMAYO,Municipio,0.34346,-76.91217,48.5,39.4,53.0,12.1,65.1,1.7,9.2,41.0,9.3,30.0,5.1,8.6,3.2,16.1,80.8,10.7,3.7,92.8
86760,SANTIAGO,86,PUTUMAYO,Municipio,1.147076,-77.002641,37.2,30.3,44.1,11.8,58.8,1.5,9.9,53.3,17.9,10.6,3.5,2.9,11.1,14.4,5.0,10.2,2.2,90.9
86865,VALLE DEL GUAMUEZ,86,PUTUMAYO,Municipio,0.423506,-76.906751,41.0,34.8,46.9,8.9,59.7,1.6,9.8,37.6,9.9,21.9,4.0,13.3,3.9,14.1,71.5,9.8,2.2,90.5
86885,VILLAGARZÓN,86,PUTUMAYO,Municipio,1.028821,-76.61721,37.1,28.8,48.7,9.3,57.4,1.9,13.7,39.7,12.0,6.9,4.5,8.5,1.2,19.7,21.4,15.2,1.9,85.5
88001,SAN ANDRÉS,88,"ARCHIPIÉLAGO DE SAN ANDRÉS, PROVIDENCIA Y SANTA CATALINA",Isla,12.578108,-81.707181,16.8,17.6,15.1,2.7,28.3,2.7,2.0,15.8,12.4,53.9,2.9,5.0,1.3,9.4,74.1,21.2,0.7,71.5
88564,PROVIDENCIA,88,"ARCHIPIÉLAGO DE SAN ANDRÉS, PROVIDENCIA Y SANTA CATALINA",Municipio,13.373185,-81.368386,13.7,12.1,15.0,2.7,26.5,2.3,2.7,16.0,4.2,44.5,2.8,17.3,0.6,8.0,56.7,23.5,0.9,64.8
91001,LETICIA,91,AMAZONAS,Municipio,-4.19895,-69.941721,48.4,41.9,67.8,9.0,45.1,4.0,5.8,39.2,24.0,41.7,5.8,24.0,3.5,25.5,47.8,26.6,1.4,85.3
91263,EL ENCANTO,91,AMAZONAS,Área no municipalizada,-1.74806,-73.207114,77.5,,77.5,9.7,68.0,11.6,2.7,64.9,19.9,31.2,13.8,2.4,1.9,35.4,80.9,42.4,4.8,96.4
91405,LA CHORRERA,91,AMAZONAS,Área no municipalizada,-1.442617,-72.791889,88.1,,88.1,6.3,73.9,17.4,11.2,88.2,21.0,69.6,12.1,11.6,8.7,34.6,83.3,54.0,0.2,96.9
91407,LA PEDRERA,91,AMAZONAS,Área no municipalizada,-1.320301,-69.585499,90.9,,90.9,28.9,78.1,24.0,6.0,84.2,44.6,80.1,20.9,14.1,18.0,44.6,95.0,63.4,2.1,94.9
91430,LA VICTORIA,91,AMAZONAS,Área no municipalizada,0.054936,-71.223208,96.4,,96.4,52.5,92.5,27.5,12.5,95.0,32.5,82.5,37.5,55.0,40.0,55.0,85.0,50.0,0.0,100.0
91460,MIRITÍ - PARANÁ,91,AMAZONAS,Área no municipalizada,-0.888833,-70.98893,91.2,,91.2,22.3,83.2,28.5,4.5,88.8,58.1,86.6,13.4,22.9,19.0,41.3,95.5,68.7,1.7,96.6
91530,PUERTO ALEGRÍA,91,AMAZONAS,Área no municipalizada,-1.005674,-74.014461,82.4,,82.4,19.8,85.0,19.8,31.7,79.6,19.8,39.5,11.4,0.0,4.8,44.3,73.7,41.3,1.8,92.8
91536,PUERTO ARICA,91,AMAZONAS,Área no municipalizada,-2.147039,-71.752186,84.6,,84.6,15.4,80.8,14.5,17.8,74.8,17.8,29.4,16.8,1.4,7.9,40.2,87.4,34.6,0.9,96.7
91540,PUERTO NARIÑO,91,AMAZONAS,Municipio,-3.779934,-70.364937,70.4,51.6,79.2,17.7,64.6,6.0,5.2,63.5,20.7,46.8,13.4,33.6,4.3,36.5,61.0,26.4,5.4,90.8
91669,PUERTO SANTANDER,91,AMAZONAS,Área no municipalizada,-0.621184,-72.384213,88.7,,88.7,17.6,80.4,19.9,18.9,77.7,22.3,52.8,10.3,1.3,7.0,40.5,80.4,61.1,1.7,96.7
91798,TARAPACÁ,91,AMAZONAS,Área no municipalizada,-2.890126,-69.741745,80.0,,80.0,22.2,72.2,13.4,2.7,78.9,20.6,48.9,10.0,0.7,12.3,40.1,90.8,41.1,0.6,95.5
94001,INÍRIDA,94,GUAINÍA,Municipio,3.866764,-67.918613,67.2,59.5,85.6,15.8,63.8,6.0,8.8,52.2,24.5,58.5,8.4,31.9,33.0,35.5,69.9,21.8,1.0,87.6
94343,BARRANCOMINAS,94,GUAINÍA,Municipio,3.494178,-69.814066,86.5,,86.5,25.5,82.9,20.9,2.8,79.8,34.7,66.9,10.0,22.3,44.3,53.4,75.0,27.8,1.7,93.4
94663,MAPIRIPANA,94,GUAINÍA,Área no municipalizada,,,95.5,,95.5,39.6,89.6,18.7,0.7,92.5,32.8,57.5,18.7,18.7,22.4,59.0,78.4,30.6,0.0,98.5
94883,SAN FELIPE,94,GUAINÍA,Área no municipalizada,1.912495,-67.067848,88.3,,88.3,23.0,86.1,19.3,3.3,67.9,26.6,84.3,16.4,1.8,66.8,43.8,93.8,47.8,2.6,97.8
94884,PUERTO COLOMBIA,94,GUAINÍA,Área no municipalizada,2.726438,-67.566774,96.3,,96.3,30.7,96.2,21.1,7.0,85.6,27.5,97.1,12.5,1.9,77.0,43.5,95.8,53.0,0.6,99.4
94885,LA GUADALUPE,94,GUAINÍA,Área no municipalizada,1.632464,-66.963692,84.1,,84.1,17.1,87.8,24.4,2.4,53.7,29.3,87.8,19.5,0.0,65.9,39.0,80.5,48.8,4.9,95.1
94886,CACAHUAL,94,GUAINÍA,Área no municipalizada,3.52617,-67.413312,90.1,,90.1,35.6,90.2,10.6,4.5,58.3,40.2,63.6,23.5,10.6,53.8,53.8,87.9,32.6,10.6,98.5
94887,PANA PANA,94,GUAINÍA,Área no municipalizada,1.865668,-69.0099,98.5,,98.5,28.3,96.2,34.6,16.0,96.2,32.1,94.9,34.2,2.1,86.1,52.3,89.9,56.1,0.4,98.3
94888,MORICHAL,94,GUAINÍA,Área no municipalizada,2.265132,-69.919404,95.7,,95.7,43.2,96.2,15.2,14.4,93.9,46.2,80.3,23.5,3.0,63.6,62.1,95.5,41.7,0.0,98.5
95001,SAN JOSÉ DEL GUAVIARE,95,GUAVIARE,Municipio,2.565932,-72.639254,42.1,33.8,65.1,10.7,55.8,3.1,10.4,33.1,10.7,28.9,4.9,10.9,11.9,20.2,40.4,20.6,1.9,86.2
95015,CALAMAR,95,GUAVIARE,Municipio,1.960982,-72.655197,58.0,54.7,61.3,13.1,77.6,2.9,4.2,31.3,8.6,51.0,6.9,39.6,25.6,21.9,64.9,16.7,4.7,92.7
95025,EL RETORNO,95,GUAVIARE,Municipio,2.330164,-72.627304,51.5,33.4,59.2,14.5,74.8,2.7,6.6,39.1,6.3,30.3,5.7,12.7,15.4,23.5,43.9,17.4,2.5,91.0
95200,MIRAFLORES,95,GUAVIARE,Municipio,1.337539,-71.950416,66.7,54.7,73.0,16.4,81.3,4.5,8.6,48.3,7.5,66.1,4.7,28.2,3.5,19.9,60.9,19.6,1.7,92.5
97001,MITÚ,97,VAUPÉS,Municipio,1.253151,-70.232641,74.8,44.9,91.4,18.7,62.7,11.5,8.5,68.9,29.0,56.0,9.5,33.5,32.3,36.7,58.7,35.7,0.8,88.2
97161,CARURÚ,97,VAUPÉS,Municipio,1.016116,-71.30221,81.1,60.3,94.8,21.8,73.9,7.3,11.2,79.1,25.3,30.9,11.2,38.4,6.7,33.9,54.4,30.0,0.0,89.4
97511,PACOA,97,VAUPÉS,Área no municipalizada,0.020698,-71.004339,98.4,,98.4,45.0,92.1,32.0,13.4,97.7,57.4,94.0,42.8,72.7,73.3,54.5,83.7,48.3,0.0,99.5
97666,TARAIRA,97,VAUPÉS,Municipio,-0.564984,-69.635497,85.6,57.4,99.2,26.3,72.7,16.1,1.7,84.4,37.0,67.9,17.0,50.9,22.6,40.9,63.5,38.7,0.0,92.2
97777,PAPUNAHUA,97,VAUPÉS,Área no municipalizada,1.908124,-70.76091,97.9,,97.9,30.1,94.2,16.5,2.9,91.3,27.2,76.7,25.2,5.8,29.1,49.5,90.3,35.9,1.0,100.0
97889,YAVARATÉ,97,VAUPÉS,Área no municipalizada,0.609142,-69.203337,94.8,,94.8,26.9,88.2,19.4,16.1,89.2,37.6,64.5,5.4,2.2,61.3,50.5,86.0,35.5,1.1,98.9
99001,PUERTO CARREÑO,99,VICHADA,Municipio,6.186636,-67.487095,55.7,47.6,76.4,15.7,51.5,6.8,7.2,45.9,24.8,77.4,10.4,20.7,24.7,26.1,32.3,28.3,1.6,84.9
99524,LA PRIMAVERA,99,VICHADA,Municipio,5.486309,-70.410515,63.2,57.0,71.9,14.7,64.0,8.8,9.6,52.5,19.8,68.9,8.1,12.3,34.8,25.0,15.3,30.4,1.4,87.5
99624,SANTA ROSALÍA,99,VICHADA,Municipio,5.136393,-70.859499,56.8,50.1,68.4,14.6,58.7,4.9,14.9,54.3,19.4,71.8,6.0,10.3,22.6,25.4,12.0,24.2,1.1,76.7
99773,CUMARIBO,99,VICHADA,Municipio,4.446352,-69.795533,91.4,43.2,94.9,26.0,85.4,18.8,5.4,83.1,38.9,85.0,21.1,41.8,76.8,47.3,79.1,44.6,1.0,96.5
